category,company,first_seen_at,id,last_seen_at,published_at,raw_category,source,stage,title,url,locations
职能,腾讯,2026-08-24T19:24:01+00:00,tencent:-6,2026-08-24T21:15:44+00:00,,项目实习生,腾讯校招,实习,项目实习生-职能,https://join.qq.com/post_detail.html?postid=-6,深圳 | 北京
产品,腾讯,2026-08-24T19:24:01+00:00,tencent:-3,2026-08-24T21:15:44+00:00,,项目实习生,腾讯校招,实习,项目实习生-产品,https://join.qq.com/post_detail.html?postid=-3,深圳 | 上海 | 北京
设计,腾讯,2026-08-24T19:23:31+00:00,tencent:1283878477271213056,2026-08-24T21:15:44+00:00,,应届毕业生,腾讯校招,校招,音频策划,https://join.qq.com/post_detail.html?postid=1283878477271213056,深圳 | 上海
设计,腾讯,2026-08-24T19:23:31+00:00,tencent:1224696244841414656,2026-08-24T21:15:44+00:00,,应届实习,腾讯校招,实习,音频策划,https://join.qq.com/post_detail.html?postid=1224696244841414656,深圳 | 上海 | 杭州
设计,腾讯,2026-08-24T19:23:31+00:00,tencent:1238177245701633024,2026-08-24T21:15:44+00:00,,日常实习,腾讯校招,实习,音频策划,https://join.qq.com/post_detail.html?postid=1238177245701633024,杭州
商业分析,腾讯,2026-08-24T19:23:31+00:00,tencent:1286769609550496768,2026-08-24T21:15:44+00:00,,应届毕业生,腾讯校招,校招,金融风险管理,https://join.qq.com/post_detail.html?postid=1286769609550496768,深圳
商业分析,腾讯,2026-08-24T19:23:31+00:00,tencent:1226875900751390720,2026-08-24T21:15:44+00:00,,应届实习,腾讯校招,实习,金融风险管理,https://join.qq.com/post_detail.html?postid=1226875900751390720,深圳 | 中国香港
职能,腾讯,2026-08-24T19:23:31+00:00,tencent:1226957068180006912,2026-08-24T21:15:44+00:00,,应届实习,腾讯校招,实习,金融合规,https://join.qq.com/post_detail.html?postid=1226957068180006912,中国香港
职能,腾讯,2026-08-24T19:23:31+00:00,tencent:1284512614105555969,2026-08-24T21:15:44+00:00,,应届毕业生,腾讯校招,校招,资质合规管理,https://join.qq.com/post_detail.html?postid=1284512614105555969,深圳
职能,腾讯,2026-08-24T19:23:31+00:00,tencent:1284632941590553600,2026-08-24T21:15:44+00:00,,应届毕业生,腾讯校招,校招,财经线培训生-分析类,https://join.qq.com/post_detail.html?postid=1284632941590553600,深圳
职能,腾讯,2026-08-24T19:23:31+00:00,tencent:1226671919517307904,2026-08-24T21:15:44+00:00,,应届实习,腾讯校招,实习,财经线培训生-分析类,https://join.qq.com/post_detail.html?postid=1226671919517307904,深圳
职能,腾讯,2026-08-24T19:23:31+00:00,tencent:1284632498743321600,2026-08-24T21:15:44+00:00,,应届毕业生,腾讯校招,校招,财经线培训生-专业类,https://join.qq.com/post_detail.html?postid=1284632498743321600,深圳 | 广州 | 中国香港
职能,腾讯,2026-08-24T19:23:31+00:00,tencent:1226671880397034496,2026-08-24T21:15:44+00:00,,应届实习,腾讯校招,实习,财经线培训生-专业类,https://join.qq.com/post_detail.html?postid=1226671880397034496,深圳 | 中国香港
职能,腾讯,2026-08-24T19:23:31+00:00,tencent:1165235572529633280,2026-08-24T21:15:44+00:00,,应届实习,腾讯校招,实习,设施设备管理,https://join.qq.com/post_detail.html?postid=1165235572529633280,深圳
职能,腾讯,2026-08-24T19:23:31+00:00,tencent:1283045530146251776,2026-08-24T21:15:44+00:00,,应届毕业生,腾讯校招,校招,秘书,https://join.qq.com/post_detail.html?postid=1283045530146251776,深圳 | 北京 | 广州
职能,腾讯,2026-08-24T19:23:31+00:00,tencent:1165235557480470528,2026-08-24T21:15:44+00:00,,应届实习,腾讯校招,实习,秘书,https://join.qq.com/post_detail.html?postid=1165235557480470528,深圳 | 北京 | 成都
设计,腾讯,2026-08-24T19:23:31+00:00,tencent:1282707427871269888,2026-08-24T21:15:44+00:00,,应届毕业生,腾讯校招,校招,特效,https://join.qq.com/post_detail.html?postid=1282707427871269888,深圳 | 上海
设计,腾讯,2026-08-24T19:23:31+00:00,tencent:1224067382566449152,2026-08-24T21:15:44+00:00,,应届实习,腾讯校招,实习,特效,https://join.qq.com/post_detail.html?postid=1224067382566449152,深圳 | 上海 | 杭州
设计,腾讯,2026-08-24T19:23:31+00:00,tencent:1224696331168351232,2026-08-24T21:15:44+00:00,,日常实习,腾讯校招,实习,特效,https://join.qq.com/post_detail.html?postid=1224696331168351232,深圳
产品,腾讯,2026-08-24T19:23:31+00:00,tencent:1282032033786619904,2026-08-24T21:15:44+00:00,,应届毕业生,腾讯校招,校招,游戏策划培训生,https://join.qq.com/post_detail.html?postid=1282032033786619904,深圳 | 北京 | 上海 | 杭州
产品,腾讯,2026-08-24T19:23:31+00:00,tencent:1219751772835706880,2026-08-24T21:15:44+00:00,,应届实习,腾讯校招,实习,游戏策划培训生,https://join.qq.com/post_detail.html?postid=1219751772835706880,深圳 | 上海 | 广州 | 成都 | 杭州
产品,腾讯,2026-08-24T19:23:31+00:00,tencent:1224696263304512512,2026-08-24T21:15:44+00:00,,日常实习,腾讯校招,实习,游戏策划培训生,https://join.qq.com/post_detail.html?postid=1224696263304512512,深圳 | 上海 | 中国香港
战略,腾讯,2026-08-24T19:23:31+00:00,tencent:1226957123230246912,2026-08-24T21:15:44+00:00,,应届实习,腾讯校招,实习,法律/行业/产业研究,https://join.qq.com/post_detail.html?postid=1226957123230246912,深圳 | 北京
职能,腾讯,2026-08-24T19:23:31+00:00,tencent:1284317763288245248,2026-08-24T21:15:44+00:00,,应届毕业生,腾讯校招,校招,文化交流与接待管理,https://join.qq.com/post_detail.html?postid=1284317763288245248,深圳
职能,腾讯,2026-08-24T19:23:31+00:00,tencent:1226957086077102083,2026-08-24T21:15:44+00:00,,应届实习,腾讯校招,实习,文化交流与接待管理,https://join.qq.com/post_detail.html?postid=1226957086077102083,深圳
战略,腾讯,2026-08-24T19:23:31+00:00,tencent:1284528300198503425,2026-08-24T21:15:44+00:00,,应届毕业生,腾讯校招,校招,数字生态研究,https://join.qq.com/post_detail.html?postid=1284528300198503425,深圳 | 北京
战略,腾讯,2026-08-24T19:23:31+00:00,tencent:1226957104464930818,2026-08-24T21:15:44+00:00,,应届实习,腾讯校招,实习,数字生态研究,https://join.qq.com/post_detail.html?postid=1226957104464930818,广州
运营,腾讯,2026-08-24T19:23:31+00:00,tencent:1284528300198503424,2026-08-24T21:15:44+00:00,,应届毕业生,腾讯校招,校招,安全策略,https://join.qq.com/post_detail.html?postid=1284528300198503424,深圳 | 北京
运营,腾讯,2026-08-24T19:23:31+00:00,tencent:1226957086077102081,2026-08-24T21:15:44+00:00,,应届实习,腾讯校招,实习,安全策略,https://join.qq.com/post_detail.html?postid=1226957086077102081,深圳 | 北京 | 广州 | 成都
设计,腾讯,2026-08-24T19:23:31+00:00,tencent:1282707425254024193,2026-08-24T21:15:44+00:00,,应届毕业生,腾讯校招,校招,动画,https://join.qq.com/post_detail.html?postid=1282707425254024193,深圳 | 上海 | 杭州
设计,腾讯,2026-08-24T19:23:31+00:00,tencent:1219751782147061760,2026-08-24T21:15:44+00:00,,应届实习,腾讯校招,实习,动画,https://join.qq.com/post_detail.html?postid=1219751782147061760,深圳 | 上海 | 广州 | 成都
设计,腾讯,2026-08-24T19:23:31+00:00,tencent:1224696384415040514,2026-08-24T21:15:44+00:00,,日常实习,腾讯校招,实习,动画,https://join.qq.com/post_detail.html?postid=1224696384415040514,深圳
职能,腾讯,2026-08-24T19:23:31+00:00,tencent:1284512614101361665,2026-08-24T21:15:44+00:00,,应届毕业生,腾讯校招,校招,公共事务,https://join.qq.com/post_detail.html?postid=1284512614101361665,深圳 | 北京
职能,腾讯,2026-08-24T19:23:31+00:00,tencent:1226957086077102080,2026-08-24T21:15:44+00:00,,应届实习,腾讯校招,实习,公共事务,https://join.qq.com/post_detail.html?postid=1226957086077102080,北京 | 重庆 | 成都 | 中国香港
战略,腾讯,2026-08-24T19:23:31+00:00,tencent:1284512614105555971,2026-08-24T21:15:44+00:00,,应届毕业生,腾讯校招,校招,产业研究,https://join.qq.com/post_detail.html?postid=1284512614105555971,深圳
职能,腾讯,2026-08-24T19:23:31+00:00,tencent:1284512614101361666,2026-08-24T21:15:44+00:00,,应届毕业生,腾讯校招,校招,专利,https://join.qq.com/post_detail.html?postid=1284512614101361666,深圳 | 北京
职能,腾讯,2026-08-24T19:23:31+00:00,tencent:1226957104464930817,2026-08-24T21:15:44+00:00,,应届实习,腾讯校招,实习,专利,https://join.qq.com/post_detail.html?postid=1226957104464930817,北京
项目管理,腾讯,2026-08-24T18:40:25+00:00,tencent:1282707379615819776,2026-08-24T21:15:44+00:00,,应届毕业生,腾讯校招,校招,项目管理,https://join.qq.com/post_detail.html?postid=1282707379615819776,西安 | 深圳 | 北京 | 上海
项目管理,腾讯,2026-08-24T18:40:25+00:00,tencent:1153452731391100930,2026-08-24T21:15:44+00:00,,应届实习,腾讯校招,实习,项目管理,https://join.qq.com/post_detail.html?postid=1153452731391100930,深圳 | 上海
项目管理,腾讯,2026-08-24T18:40:25+00:00,tencent:1224696276592067584,2026-08-24T21:15:44+00:00,,日常实习,腾讯校招,实习,项目管理,https://join.qq.com/post_detail.html?postid=1224696276592067584,深圳 | 上海
设计,腾讯,2026-08-24T18:40:25+00:00,tencent:-4,2026-08-24T21:15:44+00:00,,项目实习生,腾讯校招,实习,项目实习生-设计,https://join.qq.com/post_detail.html?postid=-4,深圳
市场,腾讯,2026-08-24T18:40:25+00:00,tencent:-5,2026-08-24T21:15:44+00:00,,项目实习生,腾讯校招,实习,项目实习生-市场,https://join.qq.com/post_detail.html?postid=-5,深圳 | 北京 | 上海 | 广州
产品,腾讯,2026-08-24T18:40:25+00:00,tencent:1285066789650506752,2026-08-24T21:15:44+00:00,,AI产品经理培训生,腾讯校招,校招,银发AI创新产品,https://join.qq.com/post_detail.html?postid=1285066789650506752,深圳
产品,腾讯,2026-08-24T18:40:25+00:00,tencent:1285066789650506773,2026-08-24T21:15:44+00:00,,AI产品经理培训生,腾讯校招,校招,金融 AI Agent产品经理-财小通方向,https://join.qq.com/post_detail.html?postid=1285066789650506773,深圳
产品,腾讯,2026-08-24T18:40:25+00:00,tencent:1285066789650506775,2026-08-24T21:15:44+00:00,,AI产品经理培训生,腾讯校招,校招,金融 AI Agent产品经理-自选股方向,https://join.qq.com/post_detail.html?postid=1285066789650506775,深圳
产品,腾讯,2026-08-24T18:40:25+00:00,tencent:1285066789650506774,2026-08-24T21:15:44+00:00,,AI产品经理培训生,腾讯校招,校招,金融 AI Agent产品经理-理财通AI理财管家,https://join.qq.com/post_detail.html?postid=1285066789650506774,深圳
产品,腾讯,2026-08-24T18:40:25+00:00,tencent:1285066789650506772,2026-08-24T21:15:44+00:00,,AI产品经理培训生,腾讯校招,校招,金融 AI Agent产品经理- 投研方向,https://join.qq.com/post_detail.html?postid=1285066789650506772,深圳 | 北京
商务,腾讯,2026-08-24T18:40:25+00:00,tencent:1284317795626329088,2026-08-24T21:15:44+00:00,,应届毕业生,腾讯校招,校招,采购商务管理,https://join.qq.com/post_detail.html?postid=1284317795626329088,深圳
商务,腾讯,2026-08-24T18:40:25+00:00,tencent:1226585684903864320,2026-08-24T21:15:44+00:00,,应届实习,腾讯校招,实习,采购商务管理,https://join.qq.com/post_detail.html?postid=1226585684903864320,深圳
商务,腾讯,2026-08-24T18:40:25+00:00,tencent:1237050782143247360,2026-08-24T21:15:44+00:00,,日常实习,腾讯校招,实习,采购商务管理,https://join.qq.com/post_detail.html?postid=1237050782143247360,深圳
设计,腾讯,2026-08-24T18:40:25+00:00,tencent:1282707393989682176,2026-08-24T21:15:44+00:00,,应届毕业生,腾讯校招,校招,视觉设计,https://join.qq.com/post_detail.html?postid=1282707393989682176,深圳 | 北京 | 上海
设计,腾讯,2026-08-24T18:40:25+00:00,tencent:1177660287760077824,2026-08-24T21:15:44+00:00,,应届实习,腾讯校招,实习,视觉设计,https://join.qq.com/post_detail.html?postid=1177660287760077824,深圳 | 北京 | 广州
设计,腾讯,2026-08-24T18:40:25+00:00,tencent:1210646470286783489,2026-08-24T21:15:44+00:00,,日常实习,腾讯校招,实习,视觉设计,https://join.qq.com/post_detail.html?postid=1210646470286783489,深圳 | 北京 | 广州
设计,腾讯,2026-08-24T18:40:25+00:00,tencent:1269457251706814464,2026-08-24T21:15:44+00:00,,日常实习,腾讯校招,实习,视觉生成模型评测,https://join.qq.com/post_detail.html?postid=1269457251706814464,广州
运营,腾讯,2026-08-24T18:40:25+00:00,tencent:1283126495480718336,2026-08-24T21:15:44+00:00,,应届毕业生,腾讯校招,校招,行业运营,https://join.qq.com/post_detail.html?postid=1283126495480718336,深圳 | 北京 | 上海 | 广州
运营,腾讯,2026-08-24T18:40:25+00:00,tencent:1153452731391100931,2026-08-24T21:15:44+00:00,,应届实习,腾讯校招,实习,行业运营,https://join.qq.com/post_detail.html?postid=1153452731391100931,深圳 | 北京 | 上海 | 广州
运营,腾讯,2026-08-24T18:40:25+00:00,tencent:1212183855952704521,2026-08-24T21:15:44+00:00,,日常实习,腾讯校招,实习,行业运营,https://join.qq.com/post_detail.html?postid=1212183855952704521,深圳 | 上海
销售,腾讯,2026-08-24T18:40:25+00:00,tencent:1283126495480718337,2026-08-24T21:15:44+00:00,,应届毕业生,腾讯校招,校招,行业解决方案-客户成功,https://join.qq.com/post_detail.html?postid=1283126495480718337,广州
销售,腾讯,2026-08-24T18:40:25+00:00,tencent:1243662428588616704,2026-08-24T21:15:44+00:00,,应届实习,腾讯校招,实习,行业解决方案-客户成功,https://join.qq.com/post_detail.html?postid=1243662428588616704,广州
产品,腾讯,2026-08-24T18:40:25+00:00,tencent:1285066789650506755,2026-08-24T21:15:44+00:00,,AI产品经理培训生,腾讯校招,校招,腾讯视频-AI产品经理,https://join.qq.com/post_detail.html?postid=1285066789650506755,深圳
市场,腾讯,2026-08-24T18:40:25+00:00,tencent:1284207373170582528,2026-08-24T21:15:44+00:00,,应届毕业生,腾讯校招,校招,腾讯营销管培生,https://join.qq.com/post_detail.html?postid=1284207373170582528,深圳 | 北京 | 上海
市场,腾讯,2026-08-24T18:40:25+00:00,tencent:1226875613710029824,2026-08-24T21:15:44+00:00,,应届实习,腾讯校招,实习,腾讯营销管培生,https://join.qq.com/post_detail.html?postid=1226875613710029824,深圳 | 北京 | 上海
市场,腾讯,2026-08-24T18:40:25+00:00,tencent:1285066789650506779,2026-08-24T21:15:44+00:00,,AI产品经理培训生,腾讯校招,校招,腾讯营销-妙思AIGC产品经理,https://join.qq.com/post_detail.html?postid=1285066789650506779,深圳 | 北京 | 上海
市场,腾讯,2026-08-24T18:40:25+00:00,tencent:1285066789650506777,2026-08-24T21:15:44+00:00,,AI产品经理培训生,腾讯校招,校招,腾讯营销-AI智能运营产品经理,https://join.qq.com/post_detail.html?postid=1285066789650506777,北京
市场,腾讯,2026-08-24T18:40:25+00:00,tencent:1285066789650506778,2026-08-24T21:15:44+00:00,,AI产品经理培训生,腾讯校招,校招,腾讯营销-AI智能投放产品经理,https://join.qq.com/post_detail.html?postid=1285066789650506778,深圳 | 北京
市场,腾讯,2026-08-24T18:40:25+00:00,tencent:1285066789650506776,2026-08-24T21:15:44+00:00,,AI产品经理培训生,腾讯校招,校招,腾讯营销-AI数据产品经理,https://join.qq.com/post_detail.html?postid=1285066789650506776,深圳
产品,腾讯,2026-08-24T18:40:25+00:00,tencent:1285066789650506771,2026-08-24T21:15:44+00:00,,AI产品经理培训生,腾讯校招,校招,腾讯地图AI产品培训生,https://join.qq.com/post_detail.html?postid=1285066789650506771,深圳 | 北京
产品,腾讯,2026-08-24T18:40:25+00:00,tencent:1285066789650506768,2026-08-24T21:15:44+00:00,,AI产品经理培训生,腾讯校招,校招,腾讯云MaaS产品培训生,https://join.qq.com/post_detail.html?postid=1285066789650506768,深圳
产品,腾讯,2026-08-24T18:40:25+00:00,tencent:1285066789650506769,2026-08-24T21:15:44+00:00,,AI产品经理培训生,腾讯校招,校招,腾讯云 WAND AI 产品经理,https://join.qq.com/post_detail.html?postid=1285066789650506769,深圳
产品,腾讯,2026-08-24T18:40:25+00:00,tencent:1285066789650506770,2026-08-24T21:15:44+00:00,,AI产品经理培训生,腾讯校招,校招,腾讯云 ADP 产品培训生,https://join.qq.com/post_detail.html?postid=1285066789650506770,深圳
用户研究,腾讯,2026-08-24T18:40:25+00:00,tencent:1283878533483275264,2026-08-24T21:15:44+00:00,,应届毕业生,腾讯校招,校招,用户研究,https://join.qq.com/post_detail.html?postid=1283878533483275264,深圳 | 北京
用户研究,腾讯,2026-08-24T18:40:25+00:00,tencent:1177660287764272128,2026-08-24T21:15:44+00:00,,应届实习,腾讯校招,实习,用户研究,https://join.qq.com/post_detail.html?postid=1177660287764272128,深圳 | 北京
用户研究,腾讯,2026-08-24T18:40:25+00:00,tencent:1210646470286783490,2026-08-24T21:15:44+00:00,,日常实习,腾讯校招,实习,用户研究,https://join.qq.com/post_detail.html?postid=1210646470286783490,深圳 | 北京
运营,腾讯,2026-08-24T18:40:25+00:00,tencent:1283045533715604480,2026-08-24T21:15:44+00:00,,应届毕业生,腾讯校招,校招,物业运营与办公规划管理,https://join.qq.com/post_detail.html?postid=1283045533715604480,深圳
运营,腾讯,2026-08-24T18:40:25+00:00,tencent:1226957123234441216,2026-08-24T21:15:44+00:00,,应届实习,腾讯校招,实习,物业运营与办公规划管理,https://join.qq.com/post_detail.html?postid=1226957123234441216,深圳
用户研究,腾讯,2026-08-24T18:40:25+00:00,tencent:1227032116983141376,2026-08-24T21:15:44+00:00,,应届实习,腾讯校招,实习,游戏用户研究,https://join.qq.com/post_detail.html?postid=1227032116983141376,上海
用户研究,腾讯,2026-08-24T18:40:25+00:00,tencent:1257021174874167296,2026-08-24T21:15:44+00:00,,日常实习,腾讯校招,实习,游戏用户研究,https://join.qq.com/post_detail.html?postid=1257021174874167296,深圳
设计,腾讯,2026-08-24T18:40:25+00:00,tencent:1283878418584511488,2026-08-24T21:15:44+00:00,,应届毕业生,腾讯校招,校招,游戏宣发视觉设计,https://join.qq.com/post_detail.html?postid=1283878418584511488,深圳
设计,腾讯,2026-08-24T18:40:25+00:00,tencent:1219751795182958592,2026-08-24T21:15:44+00:00,,应届实习,腾讯校招,实习,游戏宣发视觉设计,https://join.qq.com/post_detail.html?postid=1219751795182958592,深圳
设计,腾讯,2026-08-24T18:40:25+00:00,tencent:1270791052483418112,2026-08-24T21:15:44+00:00,,日常实习,腾讯校招,实习,游戏宣发视觉设计,https://join.qq.com/post_detail.html?postid=1270791052483418112,上海
运营,腾讯,2026-08-24T18:40:25+00:00,tencent:1282032033786619905,2026-08-24T21:15:44+00:00,,应届毕业生,腾讯校招,校招,游戏发行/运营培训生,https://join.qq.com/post_detail.html?postid=1282032033786619905,深圳 | 上海
运营,腾讯,2026-08-24T18:40:25+00:00,tencent:1219751773724899328,2026-08-24T21:15:44+00:00,,应届实习,腾讯校招,实习,游戏发行/运营培训生,https://join.qq.com/post_detail.html?postid=1219751773724899328,深圳 | 上海 | 成都
运营,腾讯,2026-08-24T18:40:25+00:00,tencent:1227032278660950017,2026-08-24T21:15:44+00:00,,日常实习,腾讯校招,实习,游戏发行/运营培训生,https://join.qq.com/post_detail.html?postid=1227032278660950017,深圳 | 上海 | 澄迈县
设计,腾讯,2026-08-24T18:40:25+00:00,tencent:1283878477271213057,2026-08-24T21:15:44+00:00,,应届毕业生,腾讯校招,校招,游戏动效设计(特效向),https://join.qq.com/post_detail.html?postid=1283878477271213057,深圳 | 上海 | 杭州
设计,腾讯,2026-08-24T18:40:25+00:00,tencent:1224696291683401728,2026-08-24T21:15:44+00:00,,应届实习,腾讯校招,实习,游戏动效设计(特效向),https://join.qq.com/post_detail.html?postid=1224696291683401728,深圳 | 上海
设计,腾讯,2026-08-24T18:40:25+00:00,tencent:1224696282652836864,2026-08-24T21:15:44+00:00,,应届实习,腾讯校招,实习,游戏动效设计(UI向),https://join.qq.com/post_detail.html?postid=1224696282652836864,深圳 | 上海 | 成都
设计,腾讯,2026-08-24T18:40:25+00:00,tencent:1283878428566955008,2026-08-24T21:15:44+00:00,,应届毕业生,腾讯校招,校招,游戏GUI视觉设计,https://join.qq.com/post_detail.html?postid=1283878428566955008,深圳
设计,腾讯,2026-08-24T18:40:25+00:00,tencent:1219751796143454208,2026-08-24T21:15:44+00:00,,应届实习,腾讯校招,实习,游戏GUI视觉设计,https://join.qq.com/post_detail.html?postid=1219751796143454208,深圳 | 上海 | 成都
设计,腾讯,2026-08-24T18:40:25+00:00,tencent:1228831632895911937,2026-08-24T21:15:44+00:00,,日常实习,腾讯校招,实习,游戏GUI视觉设计,https://join.qq.com/post_detail.html?postid=1228831632895911937,深圳
销售,腾讯,2026-08-24T18:40:25+00:00,tencent:1272557644888201216,2026-08-24T21:15:44+00:00,,应届实习,腾讯校招,实习,渠道管理运营,https://join.qq.com/post_detail.html?postid=1272557644888201216,广州
产品,腾讯,2026-08-24T18:40:25+00:00,tencent:1285066789650506760,2026-08-24T21:15:44+00:00,,AI产品经理培训生,腾讯校招,校招,混元平台产品管培生,https://join.qq.com/post_detail.html?postid=1285066789650506760,深圳
产品,腾讯,2026-08-24T18:40:25+00:00,tencent:1285066789650506761,2026-08-24T21:15:44+00:00,,AI产品经理培训生,腾讯校招,校招,混元AI应用产品管培生,https://join.qq.com/post_detail.html?postid=1285066789650506761,深圳
职能,腾讯,2026-08-24T18:40:25+00:00,tencent:1284512614101361664,2026-08-24T21:15:44+00:00,,应届毕业生,腾讯校招,校招,法务,https://join.qq.com/post_detail.html?postid=1284512614101361664,深圳 | 北京
职能,腾讯,2026-08-24T18:40:25+00:00,tencent:1226957104464930816,2026-08-24T21:15:44+00:00,,应届实习,腾讯校招,实习,法务,https://join.qq.com/post_detail.html?postid=1226957104464930816,深圳 | 北京
战略,腾讯,2026-08-24T18:40:25+00:00,tencent:1277366754477467648,2026-08-24T21:15:44+00:00,,应届毕业生,腾讯校招,校招,投资运营分析师,https://join.qq.com/post_detail.html?postid=1277366754477467648,北京
战略,腾讯,2026-08-24T18:40:25+00:00,tencent:1284207539936109568,2026-08-24T21:15:44+00:00,,应届毕业生,腾讯校招,校招,投资者关系,https://join.qq.com/post_detail.html?postid=1284207539936109568,深圳
战略,腾讯,2026-08-24T18:40:25+00:00,tencent:1226875888789263360,2026-08-24T21:15:44+00:00,,应届实习,腾讯校招,实习,投资者关系,https://join.qq.com/post_detail.html?postid=1226875888789263360,深圳
战略,腾讯,2026-08-24T18:40:25+00:00,tencent:1155545119882220545,2026-08-24T21:15:44+00:00,,应届实习,腾讯校招,实习,投资分析(技术方向),https://join.qq.com/post_detail.html?postid=1155545119882220545,北京
战略,腾讯,2026-08-24T18:40:25+00:00,tencent:1277366755316311040,2026-08-24T21:15:44+00:00,,应届毕业生,腾讯校招,校招,投资分析,https://join.qq.com/post_detail.html?postid=1277366755316311040,北京
战略,腾讯,2026-08-24T18:40:25+00:00,tencent:1155545119882220544,2026-08-24T21:15:44+00:00,,应届实习,腾讯校招,实习,投资分析,https://join.qq.com/post_detail.html?postid=1155545119882220544,北京
战略,腾讯,2026-08-24T18:40:25+00:00,tencent:1226875884628486144,2026-08-24T21:15:44+00:00,,日常实习,腾讯校招,实习,投资分析,https://join.qq.com/post_detail.html?postid=1226875884628486144,深圳 | 北京 | 上海
设计,腾讯,2026-08-24T18:40:25+00:00,tencent:1283878428562760704,2026-08-24T21:15:44+00:00,,应届毕业生,腾讯校招,校招,技术美术（多方向）,https://join.qq.com/post_detail.html?postid=1283878428562760704,深圳 | 上海
设计,腾讯,2026-08-24T18:40:25+00:00,tencent:1219751794327154688,2026-08-24T21:15:44+00:00,,应届实习,腾讯校招,实习,技术美术（多方向）,https://join.qq.com/post_detail.html?postid=1219751794327154688,深圳 | 上海 | 杭州
设计,腾讯,2026-08-24T18:40:25+00:00,tencent:1224696239841804288,2026-08-24T21:15:44+00:00,,日常实习,腾讯校招,实习,技术美术（多方向）,https://join.qq.com/post_detail.html?postid=1224696239841804288,深圳 | 上海 | 杭州
设计,腾讯,2026-08-24T18:40:25+00:00,tencent:1283878428566955009,2026-08-24T21:15:44+00:00,,应届毕业生,腾讯校招,校招,技术美术（AI方向）,https://join.qq.com/post_detail.html?postid=1283878428566955009,深圳 | 上海
产品,腾讯,2026-08-24T18:40:25+00:00,tencent:1284317600528245760,2026-08-24T21:15:44+00:00,,应届毕业生,腾讯校招,校招,技术产品经理,https://join.qq.com/post_detail.html?postid=1284317600528245760,深圳 | 北京 | 上海 | 成都 | 杭州
产品,腾讯,2026-08-24T18:40:25+00:00,tencent:1224696104600437761,2026-08-24T21:15:44+00:00,,应届实习,腾讯校招,实习,技术产品经理,https://join.qq.com/post_detail.html?postid=1224696104600437761,深圳 | 北京 | 上海 | 成都 | 杭州
产品,腾讯,2026-08-24T18:40:25+00:00,tencent:1224696103971292160,2026-08-24T21:15:44+00:00,,日常实习,腾讯校招,实习,技术产品经理,https://join.qq.com/post_detail.html?postid=1224696103971292160,深圳 | 上海
战略,腾讯,2026-08-24T18:40:25+00:00,tencent:1283126469811577856,2026-08-24T21:15:44+00:00,,应届毕业生,腾讯校招,校招,战略商业分析师,https://join.qq.com/post_detail.html?postid=1283126469811577856,深圳
战略,腾讯,2026-08-24T18:40:25+00:00,tencent:1226875888789263361,2026-08-24T21:15:44+00:00,,应届实习,腾讯校招,实习,战略商业分析师,https://join.qq.com/post_detail.html?postid=1226875888789263361,深圳
战略,腾讯,2026-08-24T18:40:25+00:00,tencent:1226875890517316608,2026-08-24T21:15:44+00:00,,日常实习,腾讯校招,实习,战略商业分析师,https://join.qq.com/post_detail.html?postid=1226875890517316608,上海
市场,腾讯,2026-08-24T18:40:25+00:00,tencent:1282707375417304064,2026-08-24T21:15:44+00:00,,应届毕业生,腾讯校招,校招,市场营销,https://join.qq.com/post_detail.html?postid=1282707375417304064,深圳 | 北京 | 上海 | 广州
市场,腾讯,2026-08-24T18:40:25+00:00,tencent:1224067387964684288,2026-08-24T21:15:44+00:00,,应届实习,腾讯校招,实习,市场营销,https://join.qq.com/post_detail.html?postid=1224067387964684288,深圳 | 北京 | 上海 | 广州
市场,腾讯,2026-08-24T18:40:25+00:00,tencent:1227032176378652672,2026-08-24T21:15:44+00:00,,日常实习,腾讯校招,实习,市场营销,https://join.qq.com/post_detail.html?postid=1227032176378652672,深圳 | 北京
市场,腾讯,2026-08-24T18:40:25+00:00,tencent:1284318005643518976,2026-08-24T21:15:44+00:00,,应届毕业生,腾讯校招,校招,市场研究,https://join.qq.com/post_detail.html?postid=1284318005643518976,深圳
市场,腾讯,2026-08-24T18:40:25+00:00,tencent:1224696587981619200,2026-08-24T21:15:44+00:00,,应届实习,腾讯校招,实习,市场研究,https://join.qq.com/post_detail.html?postid=1224696587981619200,深圳
设计,腾讯,2026-08-24T18:40:25+00:00,tencent:1283878464457614336,2026-08-24T21:15:44+00:00,,应届毕业生,腾讯校招,校招,多媒体设计,https://join.qq.com/post_detail.html?postid=1283878464457614336,深圳 | 北京 | 上海
设计,腾讯,2026-08-24T18:40:25+00:00,tencent:1219751792028676096,2026-08-24T21:15:44+00:00,,应届实习,腾讯校招,实习,多媒体设计,https://join.qq.com/post_detail.html?postid=1219751792028676096,深圳 | 北京 | 上海 | 成都
设计,腾讯,2026-08-24T18:40:25+00:00,tencent:1224696253330685952,2026-08-24T21:15:44+00:00,,日常实习,腾讯校招,实习,多媒体设计,https://join.qq.com/post_detail.html?postid=1224696253330685952,深圳
商务,腾讯,2026-08-24T18:40:25+00:00,tencent:1282707380882482176,2026-08-24T21:15:44+00:00,,应届毕业生,腾讯校招,校招,商务拓展,https://join.qq.com/post_detail.html?postid=1282707380882482176,深圳 | 北京 | 广州 | 中国香港
商务,腾讯,2026-08-24T18:40:25+00:00,tencent:1200889496565214209,2026-08-24T21:15:44+00:00,,应届实习,腾讯校招,实习,商务拓展,https://join.qq.com/post_detail.html?postid=1200889496565214209,深圳 | 北京 | 广州
商务,腾讯,2026-08-24T18:40:25+00:00,tencent:1228831632895911936,2026-08-24T21:15:44+00:00,,日常实习,腾讯校招,实习,商务拓展,https://join.qq.com/post_detail.html?postid=1228831632895911936,深圳
商业分析,腾讯,2026-08-24T18:40:25+00:00,tencent:1282707381767480320,2026-08-24T21:15:44+00:00,,应届毕业生,腾讯校招,校招,商业分析,https://join.qq.com/post_detail.html?postid=1282707381767480320,深圳 | 北京 | 上海 | 广州
商业分析,腾讯,2026-08-24T18:40:25+00:00,tencent:1224067393358393344,2026-08-24T21:15:44+00:00,,应届实习,腾讯校招,实习,商业分析,https://join.qq.com/post_detail.html?postid=1224067393358393344,深圳 | 北京 | 上海 | 广州
商业分析,腾讯,2026-08-24T18:40:25+00:00,tencent:1227032278660950016,2026-08-24T21:15:44+00:00,,日常实习,腾讯校招,实习,商业分析,https://join.qq.com/post_detail.html?postid=1227032278660950016,深圳 | 北京
运营,腾讯,2026-08-24T18:40:25+00:00,tencent:1284512614105555968,2026-08-24T21:15:44+00:00,,应届毕业生,腾讯校招,校招,员工福利运营,https://join.qq.com/post_detail.html?postid=1284512614105555968,深圳 | 上海 | 中国香港
运营,腾讯,2026-08-24T18:40:25+00:00,tencent:1226957086077102082,2026-08-24T21:15:44+00:00,,应届实习,腾讯校招,实习,员工福利运营,https://join.qq.com/post_detail.html?postid=1226957086077102082,深圳 | 中国香港
运营,腾讯,2026-08-24T18:40:25+00:00,tencent:1283126452350690304,2026-08-24T21:15:44+00:00,,应届毕业生,腾讯校招,校招,内容运营,https://join.qq.com/post_detail.html?postid=1283126452350690304,深圳 | 北京 | 广州
运营,腾讯,2026-08-24T18:40:25+00:00,tencent:1224696522596614144,2026-08-24T21:15:44+00:00,,应届实习,腾讯校招,实习,内容运营,https://join.qq.com/post_detail.html?postid=1224696522596614144,深圳 | 北京 | 成都
运营,腾讯,2026-08-24T18:40:25+00:00,tencent:1218257148728045568,2026-08-24T21:15:44+00:00,,日常实习,腾讯校招,实习,内容运营,https://join.qq.com/post_detail.html?postid=1218257148728045568,深圳 | 广州
运营,腾讯,2026-08-24T18:40:25+00:00,tencent:1283878504806818816,2026-08-24T21:15:44+00:00,,应届毕业生,腾讯校招,校招,内容培训生-艺术创作方向（含AIGC）,https://join.qq.com/post_detail.html?postid=1283878504806818816,深圳
运营,腾讯,2026-08-24T18:40:25+00:00,tencent:1229050258274030592,2026-08-24T21:15:44+00:00,,日常实习,腾讯校招,实习,内容培训生-艺术创作方向（含AIGC）,https://join.qq.com/post_detail.html?postid=1229050258274030592,深圳 | 北京
运营,腾讯,2026-08-24T18:40:25+00:00,tencent:1238177252446073856,2026-08-24T21:15:44+00:00,,日常实习,腾讯校招,实习,内容培训生-内容技术方向（含AIGC）,https://join.qq.com/post_detail.html?postid=1238177252446073856,深圳
运营,腾讯,2026-08-24T18:40:25+00:00,tencent:1228857789737478144,2026-08-24T21:15:44+00:00,,应届实习,腾讯校招,实习,内容培训生-内容创作及运营方向,https://join.qq.com/post_detail.html?postid=1228857789737478144,北京
运营,腾讯,2026-08-24T18:40:25+00:00,tencent:1215999629615951872,2026-08-24T21:15:44+00:00,,日常实习,腾讯校招,实习,内容培训生-内容创作及运营方向,https://join.qq.com/post_detail.html?postid=1215999629615951872,北京
运营,腾讯,2026-08-24T18:40:25+00:00,tencent:1284592104206836736,2026-08-24T21:15:44+00:00,,应届毕业生,腾讯校招,校招,内容创作,https://join.qq.com/post_detail.html?postid=1284592104206836736,深圳 | 北京 | 上海
运营,腾讯,2026-08-24T18:40:25+00:00,tencent:1224696469513274368,2026-08-24T21:15:44+00:00,,应届实习,腾讯校招,实习,内容创作,https://join.qq.com/post_detail.html?postid=1224696469513274368,深圳 | 北京 | 上海
运营,腾讯,2026-08-24T18:40:25+00:00,tencent:1226908073827117056,2026-08-24T21:15:44+00:00,,日常实习,腾讯校招,实习,内容创作,https://join.qq.com/post_detail.html?postid=1226908073827117056,深圳 | 广州
市场,腾讯,2026-08-24T18:40:25+00:00,tencent:1282707442895266816,2026-08-24T21:15:44+00:00,,应届毕业生,腾讯校招,校招,公关,https://join.qq.com/post_detail.html?postid=1282707442895266816,深圳 | 北京
市场,腾讯,2026-08-24T18:40:25+00:00,tencent:1224788538126854144,2026-08-24T21:15:44+00:00,,应届实习,腾讯校招,实习,公关,https://join.qq.com/post_detail.html?postid=1224788538126854144,深圳 | 北京
产品,腾讯,2026-08-24T18:40:25+00:00,tencent:1285066789650506759,2026-08-24T21:15:44+00:00,,AI产品经理培训生,腾讯校招,校招,光子AI-AI陪伴类产品策划,https://join.qq.com/post_detail.html?postid=1285066789650506759,深圳
设计,腾讯,2026-08-24T18:40:25+00:00,tencent:1285066789650506758,2026-08-24T21:15:44+00:00,,AI产品经理培训生,腾讯校招,校招,光子AI-AI可交互模型原生产品策划,https://join.qq.com/post_detail.html?postid=1285066789650506758,中国香港
产品,腾讯,2026-08-24T18:40:25+00:00,tencent:1285066789650506763,2026-08-24T21:15:44+00:00,,AI产品经理培训生,腾讯校招,校招,元宝-语音策略产品经理,https://join.qq.com/post_detail.html?postid=1285066789650506763,深圳 | 北京
产品,腾讯,2026-08-24T18:40:25+00:00,tencent:1285066789650506764,2026-08-24T21:15:44+00:00,,AI产品经理培训生,腾讯校招,校招,元宝-多模态创作产品经理,https://join.qq.com/post_detail.html?postid=1285066789650506764,深圳 | 北京
产品,腾讯,2026-08-24T18:40:25+00:00,tencent:1285066789650506765,2026-08-24T21:15:44+00:00,,AI产品经理培训生,腾讯校招,校招,元宝-AI教育产品经理,https://join.qq.com/post_detail.html?postid=1285066789650506765,深圳 | 北京
产品,腾讯,2026-08-24T18:40:25+00:00,tencent:1285066789650506766,2026-08-24T21:15:44+00:00,,AI产品经理培训生,腾讯校招,校招,元宝-AI搜索策略产品,https://join.qq.com/post_detail.html?postid=1285066789650506766,深圳 | 北京
运营,腾讯,2026-08-24T18:40:25+00:00,tencent:1282707379615819777,2026-08-24T21:15:44+00:00,,应届毕业生,腾讯校招,校招,产品运营,https://join.qq.com/post_detail.html?postid=1282707379615819777,深圳 | 北京 | 广州 | 成都
运营,腾讯,2026-08-24T18:40:25+00:00,tencent:1212816229455368192,2026-08-24T21:15:44+00:00,,应届实习,腾讯校招,实习,产品运营,https://join.qq.com/post_detail.html?postid=1212816229455368192,深圳 | 北京 | 上海 | 成都
运营,腾讯,2026-08-24T18:40:25+00:00,tencent:1218257147532668928,2026-08-24T21:15:44+00:00,,日常实习,腾讯校招,实习,产品运营,https://join.qq.com/post_detail.html?postid=1218257147532668928,深圳 | 北京 | 上海 | 广州
产品,腾讯,2026-08-24T18:40:25+00:00,tencent:1282707374754604032,2026-08-24T21:15:44+00:00,,应届毕业生,腾讯校招,校招,产品策划,https://join.qq.com/post_detail.html?postid=1282707374754604032,深圳 | 北京 | 上海 | 广州 | 成都
产品,腾讯,2026-08-24T18:40:25+00:00,tencent:1188988696721092608,2026-08-24T21:15:44+00:00,,应届实习,腾讯校招,实习,产品策划,https://join.qq.com/post_detail.html?postid=1188988696721092608,深圳 | 北京 | 上海 | 广州 | 成都
产品,腾讯,2026-08-24T18:40:25+00:00,tencent:1212183855952704514,2026-08-24T21:15:44+00:00,,日常实习,腾讯校招,实习,产品策划,https://join.qq.com/post_detail.html?postid=1212183855952704514,深圳 | 北京 | 上海 | 广州
设计,腾讯,2026-08-24T18:40:25+00:00,tencent:1283126425985295360,2026-08-24T21:15:44+00:00,,应届毕业生,腾讯校招,校招,产品体验设计,https://join.qq.com/post_detail.html?postid=1283126425985295360,深圳 | 北京 | 广州
设计,腾讯,2026-08-24T18:40:25+00:00,tencent:1224696067023896576,2026-08-24T21:15:44+00:00,,应届实习,腾讯校招,实习,产品体验设计,https://join.qq.com/post_detail.html?postid=1224696067023896576,深圳 | 北京 | 广州
设计,腾讯,2026-08-24T18:40:25+00:00,tencent:1224696253330685953,2026-08-24T21:15:44+00:00,,日常实习,腾讯校招,实习,产品体验设计,https://join.qq.com/post_detail.html?postid=1224696253330685953,深圳
设计,腾讯,2026-08-24T18:40:25+00:00,tencent:1282707392714613760,2026-08-24T21:15:44+00:00,,应届毕业生,腾讯校招,校招,交互设计,https://join.qq.com/post_detail.html?postid=1282707392714613760,深圳 | 上海
设计,腾讯,2026-08-24T18:40:25+00:00,tencent:1177660287764272129,2026-08-24T21:15:44+00:00,,应届实习,腾讯校招,实习,交互设计,https://join.qq.com/post_detail.html?postid=1177660287764272129,深圳 | 上海
设计,腾讯,2026-08-24T18:40:25+00:00,tencent:1210646470286783491,2026-08-24T21:15:44+00:00,,日常实习,腾讯校招,实习,交互设计,https://join.qq.com/post_detail.html?postid=1210646470286783491,深圳 | 北京 | 广州
运营,腾讯,2026-08-24T18:40:25+00:00,tencent:1284317968595231744,2026-08-24T21:15:44+00:00,,应届毕业生,腾讯校招,校招,业务管理运营,https://join.qq.com/post_detail.html?postid=1284317968595231744,深圳
运营,腾讯,2026-08-24T18:40:25+00:00,tencent:1226875738188556288,2026-08-24T21:15:44+00:00,,应届实习,腾讯校招,实习,业务管理运营,https://join.qq.com/post_detail.html?postid=1226875738188556288,深圳 | 北京 | 成都
运营,腾讯,2026-08-24T18:40:25+00:00,tencent:1234496944370743296,2026-08-24T21:15:44+00:00,,日常实习,腾讯校招,实习,业务管理运营,https://join.qq.com/post_detail.html?postid=1234496944370743296,深圳 | 北京
产品,腾讯,2026-08-24T18:40:25+00:00,tencent:1285066789650506767,2026-08-24T21:15:44+00:00,,AI产品经理培训生,腾讯校招,校招,ima生态-AI产培生,https://join.qq.com/post_detail.html?postid=1285066789650506767,深圳
产品,腾讯,2026-08-24T18:40:25+00:00,tencent:1285066789650506780,2026-08-24T21:15:44+00:00,,AI产品经理培训生,腾讯校招,校招,WorkBuddy生态策略产品经理,https://join.qq.com/post_detail.html?postid=1285066789650506780,深圳
产品,腾讯,2026-08-24T18:40:25+00:00,tencent:1285066789650506781,2026-08-24T21:15:44+00:00,,AI产品经理培训生,腾讯校招,校招,WorkBuddy Agent策略产品经理,https://join.qq.com/post_detail.html?postid=1285066789650506781,深圳
产品,腾讯,2026-08-24T18:40:25+00:00,tencent:1285066789650506757,2026-08-24T21:15:44+00:00,,AI产品经理培训生,腾讯校招,校招,WeGame-AI产品经理,https://join.qq.com/post_detail.html?postid=1285066789650506757,深圳
产品,腾讯,2026-08-24T18:40:25+00:00,tencent:1285066789650506756,2026-08-24T21:15:44+00:00,,AI产品经理培训生,腾讯校招,校招,QQ游戏开放生态产品经理,https://join.qq.com/post_detail.html?postid=1285066789650506756,深圳
产品,腾讯,2026-08-24T18:40:25+00:00,tencent:1285066789650506762,2026-08-24T21:15:44+00:00,,AI产品经理培训生,腾讯校招,校招,QQagent产品经理,https://join.qq.com/post_detail.html?postid=1285066789650506762,深圳
职能,腾讯,2026-08-24T18:40:25+00:00,tencent:1284512614105555970,2026-08-24T21:15:44+00:00,,应届毕业生,腾讯校招,校招,Overseas Legal Counsel,https://join.qq.com/post_detail.html?postid=1284512614105555970,深圳
职能,腾讯,2026-08-24T18:40:25+00:00,tencent:1226957123234441217,2026-08-24T21:15:44+00:00,,应届实习,腾讯校招,实习,Overseas Legal Counsel,https://join.qq.com/post_detail.html?postid=1226957123234441217,深圳
产品,腾讯,2026-08-24T18:40:25+00:00,tencent:1285066789650506754,2026-08-24T21:15:44+00:00,,AI产品经理培训生,腾讯校招,校招,Marvis马维斯-AI产品经理,https://join.qq.com/post_detail.html?postid=1285066789650506754,深圳
产品,腾讯,2026-08-24T18:40:25+00:00,tencent:1285066789650506753,2026-08-24T21:15:44+00:00,,AI产品经理培训生,腾讯校招,校招,Cheso.ai产品经理,https://join.qq.com/post_detail.html?postid=1285066789650506753,深圳
商务,腾讯,2026-08-24T18:40:25+00:00,tencent:1284317542697182210,2026-08-24T21:15:44+00:00,,应届毕业生,腾讯校招,校招,CSIG技术产品商务培训生,https://join.qq.com/post_detail.html?postid=1284317542697182210,青岛 | 深圳 | 北京 | 上海 | 广州 | 成都 | 武汉 | 杭州 | 南京 | 中国香港 | 西安 | 重庆 | 厦门
商务,腾讯,2026-08-24T18:40:25+00:00,tencent:1153452731391100929,2026-08-24T21:15:44+00:00,,应届实习,腾讯校招,实习,CSIG技术产品商务培训生,https://join.qq.com/post_detail.html?postid=1153452731391100929,西安 | 青岛 | 深圳 | 北京 | 上海 | 广州 | 成都 | 杭州 | 南京 | 厦门 | 中国香港
产品,腾讯,2026-08-24T18:40:25+00:00,tencent:1283126456553382912,2026-08-24T21:15:44+00:00,,应届毕业生,腾讯校招,校招,AI产品经理,https://join.qq.com/post_detail.html?postid=1283126456553382912,深圳 | 北京 | 上海 | 广州
产品,腾讯,2026-08-24T18:40:25+00:00,tencent:1284862486247711744,2026-08-24T21:15:44+00:00,,日常实习,腾讯校招,实习,AI产品经理,https://join.qq.com/post_detail.html?postid=1284862486247711744,深圳
职能,腾讯,2026-08-24T18:40:25+00:00,tencent:1286682406438715392,2026-08-24T21:15:44+00:00,,应届毕业生,腾讯校招,校招,AI-HR培训生（沟通方向）,https://join.qq.com/post_detail.html?postid=1286682406438715392,深圳 | 北京 | 上海 | 广州 | 成都
职能,腾讯,2026-08-24T18:40:25+00:00,tencent:1216462959547938819,2026-08-24T21:15:44+00:00,,应届实习,腾讯校招,实习,AI-HR培训生（沟通方向）,https://join.qq.com/post_detail.html?postid=1216462959547938819,深圳 | 北京 | 上海 | 广州 | 成都
职能,腾讯,2026-08-24T18:40:25+00:00,tencent:1286682460696231938,2026-08-24T21:15:44+00:00,,应届毕业生,腾讯校招,校招,AI-HR培训生（技术&应用方向）,https://join.qq.com/post_detail.html?postid=1286682460696231938,深圳
职能,腾讯,2026-08-24T18:40:25+00:00,tencent:1216462959547938818,2026-08-24T21:15:44+00:00,,应届实习,腾讯校招,实习,AI-HR培训生（技术&应用方向）,https://join.qq.com/post_detail.html?postid=1216462959547938818,深圳 | 成都
职能,腾讯,2026-08-24T18:40:25+00:00,tencent:1236457887866547200,2026-08-24T21:15:44+00:00,,日常实习,腾讯校招,实习,AI-HR培训生（技术&应用方向）,https://join.qq.com/post_detail.html?postid=1236457887866547200,深圳
职能,腾讯,2026-08-24T18:40:25+00:00,tencent:1286682460696231936,2026-08-24T21:15:44+00:00,,应届毕业生,腾讯校招,校招,AI-HR培训生（创意方向）,https://join.qq.com/post_detail.html?postid=1286682460696231936,深圳 | 广州
职能,腾讯,2026-08-24T18:40:25+00:00,tencent:1216462959547938816,2026-08-24T21:15:44+00:00,,应届实习,腾讯校招,实习,AI-HR培训生（创意方向）,https://join.qq.com/post_detail.html?postid=1216462959547938816,深圳 | 广州
职能,腾讯,2026-08-24T18:40:25+00:00,tencent:1286682460696231937,2026-08-24T21:15:44+00:00,,应届毕业生,腾讯校招,校招,AI-HR培训生（分析方向）,https://join.qq.com/post_detail.html?postid=1286682460696231937,深圳 | 北京 | 上海 | 广州 | 成都
职能,腾讯,2026-08-24T18:40:25+00:00,tencent:1216462959547938817,2026-08-24T21:15:44+00:00,,应届实习,腾讯校招,实习,AI-HR培训生（分析方向）,https://join.qq.com/post_detail.html?postid=1216462959547938817,深圳 | 上海
设计,腾讯,2026-08-24T18:40:25+00:00,tencent:1282707425254024192,2026-08-24T21:15:44+00:00,,应届毕业生,腾讯校招,校招,3D角色设计,https://join.qq.com/post_detail.html?postid=1282707425254024192,深圳 | 上海 | 杭州
设计,腾讯,2026-08-24T18:40:25+00:00,tencent:1219751780276402176,2026-08-24T21:15:44+00:00,,应届实习,腾讯校招,实习,3D角色设计,https://join.qq.com/post_detail.html?postid=1219751780276402176,深圳 | 上海 | 成都
设计,腾讯,2026-08-24T18:40:25+00:00,tencent:1224696437083144192,2026-08-24T21:15:44+00:00,,日常实习,腾讯校招,实习,3D角色设计,https://join.qq.com/post_detail.html?postid=1224696437083144192,深圳
设计,腾讯,2026-08-24T18:40:25+00:00,tencent:1282707392714613761,2026-08-24T21:15:44+00:00,,应届毕业生,腾讯校招,校招,3D场景设计,https://join.qq.com/post_detail.html?postid=1282707392714613761,深圳 | 上海 | 杭州
设计,腾讯,2026-08-24T18:40:25+00:00,tencent:1219751781299646464,2026-08-24T21:15:44+00:00,,应届实习,腾讯校招,实习,3D场景设计,https://join.qq.com/post_detail.html?postid=1219751781299646464,深圳 | 上海 | 成都 | 杭州
设计,腾讯,2026-08-24T18:40:25+00:00,tencent:1224696230249431040,2026-08-24T21:15:44+00:00,,日常实习,腾讯校招,实习,3D场景设计,https://join.qq.com/post_detail.html?postid=1224696230249431040,深圳 | 广州 | 杭州
设计,腾讯,2026-08-24T18:40:25+00:00,tencent:1282707391506654208,2026-08-24T21:15:44+00:00,,应届毕业生,腾讯校招,校招,2D角色设计,https://join.qq.com/post_detail.html?postid=1282707391506654208,深圳 | 上海 | 杭州
设计,腾讯,2026-08-24T18:40:25+00:00,tencent:1219751778799841280,2026-08-24T21:15:44+00:00,,应届实习,腾讯校招,实习,2D角色设计,https://join.qq.com/post_detail.html?postid=1219751778799841280,深圳 | 上海 | 广州
设计,腾讯,2026-08-24T18:40:25+00:00,tencent:1224696384415040512,2026-08-24T21:15:44+00:00,,日常实习,腾讯校招,实习,2D角色设计,https://join.qq.com/post_detail.html?postid=1224696384415040512,深圳 | 上海
设计,腾讯,2026-08-24T18:40:25+00:00,tencent:1282707391506654209,2026-08-24T21:15:44+00:00,,应届毕业生,腾讯校招,校招,2D场景设计,https://join.qq.com/post_detail.html?postid=1282707391506654209,深圳 | 上海 | 杭州
设计,腾讯,2026-08-24T18:40:25+00:00,tencent:1219751779685005312,2026-08-24T21:15:44+00:00,,应届实习,腾讯校招,实习,2D场景设计,https://join.qq.com/post_detail.html?postid=1219751779685005312,深圳 | 上海 | 广州
设计,腾讯,2026-08-24T18:40:25+00:00,tencent:1224696384415040513,2026-08-24T21:15:44+00:00,,日常实习,腾讯校招,实习,2D场景设计,https://join.qq.com/post_detail.html?postid=1224696384415040513,深圳
产品,字节跳动,2026-08-24T18:43:44+00:00,bytedance:7677588589015615749,2026-08-24T21:20:16+00:00,2026-08-24T13:25:20+00:00,产品,字节跳动招聘,校招,AI产品经理 - 抖音电商,https://jobs.bytedance.com/campus/position/7677588589015615749/detail,上海 | 北京
市场,字节跳动,2026-08-24T18:43:44+00:00,bytedance:7677588226387413301,2026-08-24T21:20:16+00:00,2026-08-24T13:23:46+00:00,运营,字节跳动招聘,实习,美国电商营销活动运营实习生 - TikTok Shop,https://jobs.bytedance.com/campus/position/7677588226387413301/detail,上海
运营,字节跳动,2026-08-24T18:43:44+00:00,bytedance:7677580737168754997,2026-08-24T21:20:16+00:00,2026-08-24T12:59:39+00:00,运营,字节跳动招聘,实习,招商策略实习生 - TikTok Shop,https://jobs.bytedance.com/campus/position/7677580737168754997/detail,深圳
商业分析,字节跳动,2026-08-24T19:23:31+00:00,bytedance:7677571671927212341,2026-08-24T21:20:16+00:00,2026-08-24T12:22:53+00:00,数据分析,字节跳动招聘,实习,数据分析实习生 - TikTok Shop,https://jobs.bytedance.com/campus/position/7677571671927212341/detail,北京
运营,字节跳动,2026-08-24T18:43:44+00:00,bytedance:7677554161329457413,2026-08-24T21:20:16+00:00,2026-08-24T11:16:22+00:00,运营,字节跳动招聘,实习,东南亚电商策略运营实习生 - TikTok Shop,https://jobs.bytedance.com/campus/position/7677554161329457413/detail,深圳 | 上海
市场,字节跳动,2026-08-24T18:43:44+00:00,bytedance:7677543844053207349,2026-08-24T21:20:16+00:00,2026-08-24T10:35:47+00:00,运营,字节跳动招聘,实习,品牌活动运营实习生 - TikTok Shop,https://jobs.bytedance.com/campus/position/7677543844053207349/detail,上海
运营,字节跳动,2026-08-24T18:43:44+00:00,bytedance:7677529181178448181,2026-08-24T21:20:16+00:00,2026-08-24T09:36:35+00:00,运营,字节跳动招聘,校招,标准运营 - 内容质量与数据服务平台,https://jobs.bytedance.com/campus/position/7677529181178448181/detail,北京
商业分析,字节跳动,2026-08-24T18:43:44+00:00,bytedance:7677527047489472821,2026-08-24T21:20:16+00:00,2026-08-24T09:27:34+00:00,运营,字节跳动招聘,校招,数据分析 - 内容质量与数据服务平台,https://jobs.bytedance.com/campus/position/7677527047489472821/detail,北京
设计,字节跳动,2026-08-24T18:43:44+00:00,bytedance:7677509004738693381,2026-08-24T21:20:16+00:00,2026-08-24T08:18:09+00:00,UI,字节跳动招聘,校招,产品UI设计师 - PICO,https://jobs.bytedance.com/campus/position/7677509004738693381/detail,北京
职能,字节跳动,2026-08-24T18:43:44+00:00,bytedance:7677502703828633909,2026-08-24T21:20:16+00:00,2026-08-24T07:53:16+00:00,财务,字节跳动招聘,实习,财务实习生,https://jobs.bytedance.com/campus/position/7677502703828633909/detail,上海
运营,字节跳动,2026-08-24T18:43:44+00:00,bytedance:7677500826289948981,2026-08-24T21:20:16+00:00,2026-08-24T07:46:15+00:00,运营,字节跳动招聘,实习,快消生活行业运营实习生 - TikTok Shop,https://jobs.bytedance.com/campus/position/7677500826289948981/detail,上海
运营,字节跳动,2026-08-24T18:43:44+00:00,bytedance:7677500042200287493,2026-08-24T21:20:16+00:00,2026-08-24T07:42:54+00:00,运营,字节跳动招聘,实习,东南亚电商直播运营实习生 - TikTok Shop,https://jobs.bytedance.com/campus/position/7677500042200287493/detail,上海
设计,字节跳动,2026-08-24T18:43:44+00:00,bytedance:7677499638644001077,2026-08-24T21:20:16+00:00,2026-08-24T07:41:59+00:00,职能 / 支持,字节跳动招聘,实习,室内设计实习生 - Corporate Services,https://jobs.bytedance.com/campus/position/7677499638644001077/detail,北京
运营,字节跳动,2026-08-24T18:43:44+00:00,bytedance:7677499415334422837,2026-08-24T21:20:16+00:00,2026-08-24T07:39:45+00:00,运营,字节跳动招聘,实习,东南亚电商策略运营实习生 - TikTok Shop,https://jobs.bytedance.com/campus/position/7677499415334422837/detail,上海
运营,字节跳动,2026-08-24T18:43:44+00:00,bytedance:7677492679236602165,2026-08-24T21:20:16+00:00,2026-08-24T07:13:42+00:00,运营,字节跳动招聘,实习,剪映热点内容运营实习生 - 剪映CapCut,https://jobs.bytedance.com/campus/position/7677492679236602165/detail,深圳
运营,字节跳动,2026-08-24T18:43:44+00:00,bytedance:7677486762807052549,2026-08-24T21:20:16+00:00,2026-08-24T06:50:28+00:00,运营,字节跳动招聘,实习,网文内容安全策略实习生 - 内容质量与数据服务平台,https://jobs.bytedance.com/campus/position/7677486762807052549/detail,北京
运营,字节跳动,2026-08-24T18:43:44+00:00,bytedance:7677485413922490677,2026-08-24T21:20:16+00:00,2026-08-24T06:46:59+00:00,运营,字节跳动招聘,实习,日用家纺行业商家运营实习生 - TikTok Shop,https://jobs.bytedance.com/campus/position/7677485413922490677/detail,上海
运营,字节跳动,2026-08-24T18:43:44+00:00,bytedance:7677483899098220853,2026-08-24T21:20:16+00:00,2026-08-24T06:39:54+00:00,运营,字节跳动招聘,实习,标准与质量运营实习生 - 内容质量与数据服务平台,https://jobs.bytedance.com/campus/position/7677483899098220853/detail,北京
运营,字节跳动,2026-08-24T18:43:44+00:00,bytedance:7677480459190389045,2026-08-24T21:20:16+00:00,2026-08-24T06:27:09+00:00,运营,字节跳动招聘,校招,剪映Agent策略运营 - 剪映CapCut,https://jobs.bytedance.com/campus/position/7677480459190389045/detail,深圳 | 北京
运营,字节跳动,2026-08-24T18:43:44+00:00,bytedance:7677475476245104901,2026-08-24T21:20:16+00:00,2026-08-24T06:09:53+00:00,运营,字节跳动招聘,实习,国际电商数据产品运营实习生 - TikTok Shop,https://jobs.bytedance.com/campus/position/7677475476245104901/detail,上海
产品,字节跳动,2026-08-24T18:43:44+00:00,bytedance:7677469600480790789,2026-08-24T21:20:16+00:00,2026-08-24T05:43:25+00:00,产品,字节跳动招聘,实习,AIGC创意产品实习生 - 广告业务,https://jobs.bytedance.com/campus/position/7677469600480790789/detail,北京 | 上海
运营,字节跳动,2026-08-24T18:43:44+00:00,bytedance:7677457336251828533,2026-08-24T21:20:16+00:00,2026-08-24T04:59:50+00:00,运营,字节跳动招聘,实习,印尼商家运营实习生 - TikTok Shop,https://jobs.bytedance.com/campus/position/7677457336251828533/detail,深圳
商业分析,字节跳动,2026-08-24T18:43:44+00:00,bytedance:7677447953821370677,2026-08-24T21:20:16+00:00,2026-08-24T04:19:21+00:00,运营,字节跳动招聘,实习,商业分析实习生 - 广告业务,https://jobs.bytedance.com/campus/position/7677447953821370677/detail,上海
产品,字节跳动,2026-08-24T18:43:44+00:00,bytedance:7677444792511482165,2026-08-24T21:20:16+00:00,2026-08-24T04:10:55+00:00,产品经理,字节跳动招聘,校招,AI产品经理（模型训练策略方向） - AI数据与安全,https://jobs.bytedance.com/campus/position/7677444792511482165/detail,北京
产品,字节跳动,2026-08-24T18:43:44+00:00,bytedance:7677440843802380549,2026-08-24T21:20:16+00:00,2026-08-24T03:51:46+00:00,产品,字节跳动招聘,实习,AI产品实习生 - 广告业务,https://jobs.bytedance.com/campus/position/7677440843802380549/detail,北京 | 上海
运营,字节跳动,2026-08-24T18:43:44+00:00,bytedance:7677440179351619893,2026-08-24T21:20:16+00:00,2026-08-24T03:49:14+00:00,运营,字节跳动招聘,实习,行业运营实习生 - TikTok Shop,https://jobs.bytedance.com/campus/position/7677440179351619893/detail,深圳
运营,字节跳动,2026-08-24T18:43:44+00:00,bytedance:7677438105138219317,2026-08-24T21:20:16+00:00,2026-08-24T03:43:30+00:00,运营,字节跳动招聘,实习,菲律宾大促运营实习生 - TikTok Shop,https://jobs.bytedance.com/campus/position/7677438105138219317/detail,上海
市场,字节跳动,2026-08-24T18:43:44+00:00,bytedance:7677435692777687301,2026-08-24T21:20:16+00:00,2026-08-24T03:31:55+00:00,运营,字节跳动招聘,实习,印尼商城营销玩法实习生 - TikTok Shop,https://jobs.bytedance.com/campus/position/7677435692777687301/detail,上海
职能,字节跳动,2026-08-24T18:43:44+00:00,bytedance:7677433299497830709,2026-08-24T21:20:16+00:00,2026-08-24T03:23:44+00:00,运营,字节跳动招聘,实习,国际电商采购实习生 - TikTok Shop,https://jobs.bytedance.com/campus/position/7677433299497830709/detail,上海
运营,字节跳动,2026-08-24T18:43:44+00:00,bytedance:7677424368449833221,2026-08-24T21:20:16+00:00,2026-08-24T02:48:37+00:00,运营,字节跳动招聘,校招,AI数据运营（ToB Agent方向） - AI数据与安全,https://jobs.bytedance.com/campus/position/7677424368449833221/detail,北京
市场,字节跳动,2026-08-24T18:43:44+00:00,bytedance:7677406894801094965,2026-08-24T21:20:16+00:00,2026-08-24T01:43:17+00:00,运营,字节跳动招聘,实习,品牌运营/合作运营实习生 - 汽水音乐,https://jobs.bytedance.com/campus/position/7677406894801094965/detail,北京
设计,字节跳动,2026-08-24T18:43:44+00:00,bytedance:7676438194907040005,2026-08-24T21:20:16+00:00,2026-08-21T11:07:11+00:00,设计,字节跳动招聘,实习,AI工程设计实习生 - TikTok设计,https://jobs.bytedance.com/campus/position/7676438194907040005/detail,上海
产品,字节跳动,2026-08-24T18:43:44+00:00,bytedance:7676433354120038661,2026-08-24T21:20:16+00:00,2026-08-21T10:46:05+00:00,产品,字节跳动招聘,校招,AI产品经理（治理策略方向） - 抖音电商,https://jobs.bytedance.com/campus/position/7676433354120038661/detail,上海 | 北京
运营,字节跳动,2026-08-24T18:43:44+00:00,bytedance:7676425531558889733,2026-08-24T21:20:16+00:00,2026-08-21T10:12:34+00:00,运营,字节跳动招聘,实习,UK商城供给孵化运营实习生 - TikTok Shop,https://jobs.bytedance.com/campus/position/7676425531558889733/detail,上海
增长,字节跳动,2026-08-24T18:43:44+00:00,bytedance:7676418552257268021,2026-08-24T21:20:16+00:00,2026-08-21T09:45:51+00:00,运营,字节跳动招聘,实习,内容治理策略运营（Push方向）实习生 - 抖音增长,https://jobs.bytedance.com/campus/position/7676418552257268021/detail,上海 | 北京
运营,字节跳动,2026-08-24T18:43:44+00:00,bytedance:7676414545212803381,2026-08-24T21:20:16+00:00,2026-08-21T09:31:46+00:00,运营,字节跳动招聘,实习,醒图作者运营实习生 - 剪映CapCut,https://jobs.bytedance.com/campus/position/7676414545212803381/detail,深圳
运营,字节跳动,2026-08-24T18:43:44+00:00,bytedance:7676406754099398965,2026-08-24T21:20:16+00:00,2026-08-21T08:59:52+00:00,运营,字节跳动招聘,实习,美区POP商家运营实习生（汽摩工具组） - TikTok Shop,https://jobs.bytedance.com/campus/position/7676406754099398965/detail,上海
运营,字节跳动,2026-08-24T18:43:44+00:00,bytedance:7676390895828437253,2026-08-24T21:20:16+00:00,2026-08-21T07:59:11+00:00,运营,字节跳动招聘,实习,商家运营实习生 - TikTok Shop,https://jobs.bytedance.com/campus/position/7676390895828437253/detail,上海
产品,字节跳动,2026-08-24T18:43:44+00:00,bytedance:7676350693393811765,2026-08-24T21:20:16+00:00,2026-08-21T05:27:20+00:00,产品经理,字节跳动招聘,实习,豆包AI大模型Agent评测产品实习生 - 火山方舟,https://jobs.bytedance.com/campus/position/7676350693393811765/detail,上海 | 北京
运营,字节跳动,2026-08-24T18:43:44+00:00,bytedance:7676344137335966005,2026-08-24T21:20:16+00:00,2026-08-21T04:59:28+00:00,运营,字节跳动招聘,实习,开放平台运营（短剧方向）实习生 - TikTok产品,https://jobs.bytedance.com/campus/position/7676344137335966005/detail,上海
产品,字节跳动,2026-08-24T18:43:44+00:00,bytedance:7676318458393397557,2026-08-24T21:20:16+00:00,2026-08-21T03:18:58+00:00,产品,字节跳动招聘,实习,推荐产品实习生 - 抖音电商,https://jobs.bytedance.com/campus/position/7676318458393397557/detail,北京
运营,字节跳动,2026-08-24T18:43:44+00:00,bytedance:7676307457295436085,2026-08-24T21:20:16+00:00,2026-08-21T02:36:05+00:00,运营,字节跳动招聘,实习,AI短剧内容运营实习生 - TikTok,https://jobs.bytedance.com/campus/position/7676307457295436085/detail,上海
产品,字节跳动,2026-08-24T18:43:44+00:00,bytedance:7676290873403623733,2026-08-24T21:20:16+00:00,2026-08-21T01:37:54+00:00,产品,字节跳动招聘,实习,广告策略产品实习生 - 广告业务,https://jobs.bytedance.com/campus/position/7676290873403623733/detail,北京 | 上海
运营,字节跳动,2026-08-24T18:43:44+00:00,bytedance:7676094235288324405,2026-08-24T21:20:16+00:00,2026-08-20T12:47:22+00:00,运营,字节跳动招聘,实习,质量检查（QA）实习生 - TikTok生活服务,https://jobs.bytedance.com/campus/position/7676094235288324405/detail,北京
运营,字节跳动,2026-08-24T18:43:44+00:00,bytedance:7676084665744640261,2026-08-24T21:20:16+00:00,2026-08-20T12:12:37+00:00,运营,字节跳动招聘,实习,新加坡大促策略运营实习生 - TikTok Shop,https://jobs.bytedance.com/campus/position/7676084665744640261/detail,上海
产品,字节跳动,2026-08-24T18:43:44+00:00,bytedance:7676081500040431877,2026-08-24T21:20:16+00:00,2026-08-20T11:57:18+00:00,产品经理,字节跳动招聘,实习,AI产品实习生 - Aime,https://jobs.bytedance.com/campus/position/7676081500040431877/detail,北京 | 上海
产品,字节跳动,2026-08-24T18:43:44+00:00,bytedance:7676062994207525173,2026-08-24T21:20:16+00:00,2026-08-20T10:48:35+00:00,游戏策划,字节跳动招聘,实习,剧情策划（女性向游戏）实习生 - ZERO36工作室,https://jobs.bytedance.com/campus/position/7676062994207525173/detail,上海
运营,字节跳动,2026-08-24T18:43:44+00:00,bytedance:7676042214067865861,2026-08-24T21:20:16+00:00,2026-08-20T09:27:10+00:00,运营,字节跳动招聘,实习,Agent效果运营实习生 - 抖音社交与互动,https://jobs.bytedance.com/campus/position/7676042214067865861/detail,深圳
职能,字节跳动,2026-08-24T18:43:44+00:00,bytedance:7676041811918162181,2026-08-24T21:20:16+00:00,2026-08-20T09:25:49+00:00,职能 / 支持,字节跳动招聘,实习,支付风控策略实习生 - 国际支付,https://jobs.bytedance.com/campus/position/7676041811918162181/detail,上海
运营,字节跳动,2026-08-24T18:43:44+00:00,bytedance:7676038058000599301,2026-08-24T21:20:16+00:00,2026-08-20T09:08:17+00:00,运营,字节跳动招聘,实习,用户运营（攀岩方向）实习生 - 抖音UGC,https://jobs.bytedance.com/campus/position/7676038058000599301/detail,北京
项目管理,字节跳动,2026-08-24T18:43:44+00:00,bytedance:7676034052038936885,2026-08-24T21:20:16+00:00,2026-08-20T08:55:50+00:00,运营,字节跳动招聘,实习,合规项目管理实习生 - TikTok Shop,https://jobs.bytedance.com/campus/position/7676034052038936885/detail,上海
设计,字节跳动,2026-08-24T18:43:44+00:00,bytedance:7676029624820058421,2026-08-24T21:20:16+00:00,2026-08-20T08:37:34+00:00,设计,字节跳动招聘,实习,AI效果设计实习生 - 剪映CapCut,https://jobs.bytedance.com/campus/position/7676029624820058421/detail,深圳
运营,字节跳动,2026-08-24T18:43:44+00:00,bytedance:7675953259871127813,2026-08-24T21:20:16+00:00,2026-08-20T03:40:33+00:00,运营,字节跳动招聘,实习,策略运营实习生 - TikTok Shop,https://jobs.bytedance.com/campus/position/7675953259871127813/detail,上海
产品,字节跳动,2026-08-24T18:43:44+00:00,bytedance:7675948852339919157,2026-08-24T21:20:16+00:00,2026-08-20T03:22:50+00:00,产品,字节跳动招聘,实习,GNE平台产品（治理方向）实习生 - TikTok生活服务,https://jobs.bytedance.com/campus/position/7675948852339919157/detail,上海
运营,字节跳动,2026-08-24T18:43:44+00:00,bytedance:7675940689016998149,2026-08-24T21:20:16+00:00,2026-08-20T02:51:26+00:00,运营,字节跳动招聘,校招,模型运营（IP与版权方向） - 内容质量与数据服务平台,https://jobs.bytedance.com/campus/position/7675940689016998149/detail,成都
运营,字节跳动,2026-08-24T18:43:44+00:00,bytedance:7675929837876037893,2026-08-24T21:20:16+00:00,2026-08-20T02:13:39+00:00,运营,字节跳动招聘,实习,达人策略（直播方向）实习生 - TikTok生活服务,https://jobs.bytedance.com/campus/position/7675929837876037893/detail,北京
商务,字节跳动,2026-08-24T18:43:44+00:00,bytedance:7675746086036506933,2026-08-24T21:20:16+00:00,2026-08-19T14:22:19+00:00,运营,字节跳动招聘,实习,商业化治理宣发实习生 - 广告业务,https://jobs.bytedance.com/campus/position/7675746086036506933/detail,北京 | 上海
产品,字节跳动,2026-08-24T18:43:44+00:00,bytedance:7675745742295697717,2026-08-24T21:20:16+00:00,2026-08-19T14:13:49+00:00,产品,字节跳动招聘,实习,广告产品实习生 - 广告业务,https://jobs.bytedance.com/campus/position/7675745742295697717/detail,北京
运营,字节跳动,2026-08-24T18:43:44+00:00,bytedance:7675739000921639173,2026-08-24T21:20:16+00:00,2026-08-19T13:52:56+00:00,运营,字节跳动招聘,实习,服务运营（日语）实习生 - TikTok Shop,https://jobs.bytedance.com/campus/position/7675739000921639173/detail,上海
运营,字节跳动,2026-08-24T18:43:44+00:00,bytedance:7675717481690761477,2026-08-24T21:20:16+00:00,2026-08-19T12:29:00+00:00,运营,字节跳动招聘,实习,策略运营实习生 - 抖音社交与互动,https://jobs.bytedance.com/campus/position/7675717481690761477/detail,北京
运营,字节跳动,2026-08-24T18:43:44+00:00,bytedance:7675711817519728901,2026-08-24T21:20:16+00:00,2026-08-19T12:02:04+00:00,运营,字节跳动招聘,校招,内容安全研判运营（日语方向） - TikTok,https://jobs.bytedance.com/campus/position/7675711817519728901/detail,上海
运营,字节跳动,2026-08-24T18:43:44+00:00,bytedance:7675710536562280757,2026-08-24T21:20:16+00:00,2026-08-19T11:59:58+00:00,运营,字节跳动招聘,校招,内容质量管理 - TikTok,https://jobs.bytedance.com/campus/position/7675710536562280757/detail,上海
运营,字节跳动,2026-08-24T18:43:44+00:00,bytedance:7675678294877456693,2026-08-24T21:20:16+00:00,2026-08-19T09:55:08+00:00,运营,字节跳动招聘,实习,产品运营（开播供给方向）实习生 - 抖音直播,https://jobs.bytedance.com/campus/position/7675678294877456693/detail,深圳
运营,字节跳动,2026-08-24T18:43:44+00:00,bytedance:7675678522107398405,2026-08-24T21:20:16+00:00,2026-08-19T09:55:03+00:00,运营,字节跳动招聘,实习,产品运营（AI轻应用方向）实习生 - 抖音直播,https://jobs.bytedance.com/campus/position/7675678522107398405/detail,深圳
市场,字节跳动,2026-08-24T18:43:44+00:00,bytedance:7675675169187219717,2026-08-24T21:20:16+00:00,2026-08-19T09:43:31+00:00,产品经理,字节跳动招聘,校招,营销工具产品经理（AI方向） - TikTok Shop,https://jobs.bytedance.com/campus/position/7675675169187219717/detail,上海
产品,字节跳动,2026-08-24T18:43:44+00:00,bytedance:7675672678468978997,2026-08-24T21:20:16+00:00,2026-08-19T09:33:49+00:00,产品,字节跳动招聘,实习,商家资金AI产品实习生 - TikTok Shop,https://jobs.bytedance.com/campus/position/7675672678468978997/detail,上海
运营,字节跳动,2026-08-24T18:43:44+00:00,bytedance:7675660045326911749,2026-08-24T21:20:16+00:00,2026-08-19T08:42:45+00:00,数据分析,字节跳动招聘,实习,新公会运营实习生 - TikTok直播,https://jobs.bytedance.com/campus/position/7675660045326911749/detail,深圳
市场,字节跳动,2026-08-24T18:43:44+00:00,bytedance:7675653643362355461,2026-08-24T21:20:16+00:00,2026-08-19T08:17:13+00:00,数据分析,字节跳动招聘,实习,海外活动运营（东南亚市场）实习生 - TikTok直播,https://jobs.bytedance.com/campus/position/7675653643362355461/detail,深圳
市场,字节跳动,2026-08-24T18:43:44+00:00,bytedance:7675650909445572869,2026-08-24T21:20:16+00:00,2026-08-19T08:08:34+00:00,运营,字节跳动招聘,实习,营销活动实习生 - 抖音电商,https://jobs.bytedance.com/campus/position/7675650909445572869/detail,上海
产品,字节跳动,2026-08-24T18:43:44+00:00,bytedance:7675650131153701125,2026-08-24T21:20:16+00:00,2026-08-19T08:04:28+00:00,产品,字节跳动招聘,实习,AI产品实习生 - Data AML,https://jobs.bytedance.com/campus/position/7675650131153701125/detail,北京
运营,字节跳动,2026-08-24T18:43:44+00:00,bytedance:7675644624045869317,2026-08-24T21:20:16+00:00,2026-08-19T07:43:17+00:00,运营,字节跳动招聘,校招,模型运营（游戏与社交） - 内容质量与数据服务平台,https://jobs.bytedance.com/campus/position/7675644624045869317/detail,北京
运营,字节跳动,2026-08-24T18:43:44+00:00,bytedance:7675642403180546309,2026-08-24T21:20:16+00:00,2026-08-19T07:33:47+00:00,运营,字节跳动招聘,实习,策略运营实习生 - 抖音生态,https://jobs.bytedance.com/campus/position/7675642403180546309/detail,北京
运营,字节跳动,2026-08-24T18:43:44+00:00,bytedance:7675637104203057413,2026-08-24T21:20:16+00:00,2026-08-19T07:14:48+00:00,运营,字节跳动招聘,实习,女装行业商家运营实习生 - TikTok Shop,https://jobs.bytedance.com/campus/position/7675637104203057413/detail,广州
运营,字节跳动,2026-08-24T18:43:44+00:00,bytedance:7675635995903428917,2026-08-24T21:20:16+00:00,2026-08-19T07:08:42+00:00,运营,字节跳动招聘,实习,商家运营实习生 - TikTok Shop,https://jobs.bytedance.com/campus/position/7675635995903428917/detail,上海
运营,字节跳动,2026-08-24T18:43:44+00:00,bytedance:7675629851691206917,2026-08-24T21:20:16+00:00,2026-08-19T06:46:26+00:00,运营,字节跳动招聘,实习,印尼电商运营实习生 - TikTok Shop,https://jobs.bytedance.com/campus/position/7675629851691206917/detail,上海
市场,字节跳动,2026-08-24T18:43:44+00:00,bytedance:7675625697136593157,2026-08-24T21:20:16+00:00,2026-08-19T06:28:24+00:00,运营,字节跳动招聘,实习,品牌活动运营实习生 - TikTok Shop,https://jobs.bytedance.com/campus/position/7675625697136593157/detail,上海
销售,字节跳动,2026-08-24T18:43:44+00:00,bytedance:7675583335754697013,2026-08-24T21:20:16+00:00,2026-08-19T03:45:18+00:00,销售,字节跳动招聘,校招,出海大客户/渠道销售（非电商-游戏） - Global Business Solutions,https://jobs.bytedance.com/campus/position/7675583335754697013/detail,上海 | 深圳
销售,字节跳动,2026-08-24T18:43:44+00:00,bytedance:7675578915612231989,2026-08-24T21:20:16+00:00,2026-08-19T03:27:45+00:00,销售,字节跳动招聘,校招,出海大客户/渠道销售（非电商-应用） - Global Business Solutions,https://jobs.bytedance.com/campus/position/7675578915612231989/detail,北京 | 深圳
运营,字节跳动,2026-08-24T18:43:44+00:00,bytedance:7675573854149675269,2026-08-24T21:20:16+00:00,2026-08-19T03:08:00+00:00,运营,字节跳动招聘,实习,越南服饰行业运营实习生 - TikTok Shop,https://jobs.bytedance.com/campus/position/7675573854149675269/detail,深圳
运营,字节跳动,2026-08-24T18:43:44+00:00,bytedance:7675563820484069685,2026-08-24T21:20:16+00:00,2026-08-19T02:30:05+00:00,运营,字节跳动招聘,实习,音乐发行平台运营实习生-TikTok,https://jobs.bytedance.com/campus/position/7675563820484069685/detail,上海
运营,字节跳动,2026-08-24T18:43:44+00:00,bytedance:7675382193724246277,2026-08-24T21:20:16+00:00,2026-08-18T14:52:54+00:00,运营,字节跳动招聘,实习,运营实习生 - PICO,https://jobs.bytedance.com/campus/position/7675382193724246277/detail,北京
运营,字节跳动,2026-08-24T18:43:44+00:00,bytedance:7675373448756054277,2026-08-24T21:20:16+00:00,2026-08-18T14:15:23+00:00,运营,字节跳动招聘,实习,粉丝经济运营实习生 - 汽水音乐,https://jobs.bytedance.com/campus/position/7675373448756054277/detail,北京
运营,字节跳动,2026-08-24T18:43:44+00:00,bytedance:7675372550525225221,2026-08-24T21:20:16+00:00,2026-08-18T14:10:31+00:00,运营,字节跳动招聘,实习,机构运营实习生 - 抖音运营,https://jobs.bytedance.com/campus/position/7675372550525225221/detail,北京
职能,字节跳动,2026-08-24T18:43:44+00:00,bytedance:7675357908361775365,2026-08-24T21:20:16+00:00,2026-08-18T13:11:37+00:00,人力,字节跳动招聘,实习,校招COE实习生 - 管理研究院,https://jobs.bytedance.com/campus/position/7675357908361775365/detail,上海
产品,字节跳动,2026-08-24T18:43:44+00:00,bytedance:7675353973675460869,2026-08-24T21:20:16+00:00,2026-08-18T12:54:12+00:00,产品经理,字节跳动招聘,实习,大模型安全产品实习生 - 火山方舟,https://jobs.bytedance.com/campus/position/7675353973675460869/detail,北京
市场,字节跳动,2026-08-24T18:43:44+00:00,bytedance:7675343405732333877,2026-08-24T21:20:16+00:00,2026-08-18T12:14:44+00:00,运营,字节跳动招聘,实习,市场传播实习生 - TikTok Shop,https://jobs.bytedance.com/campus/position/7675343405732333877/detail,上海
运营,字节跳动,2026-08-24T18:43:44+00:00,bytedance:7675337320409450805,2026-08-24T21:20:16+00:00,2026-08-18T11:49:38+00:00,运营,字节跳动招聘,实习,电商运营实习生 - TikTok Shop,https://jobs.bytedance.com/campus/position/7675337320409450805/detail,上海
商业分析,字节跳动,2026-08-24T18:43:44+00:00,bytedance:7675313079169108277,2026-08-24T21:20:16+00:00,2026-08-18T10:17:58+00:00,商业运营,字节跳动招聘,实习,数据分析实习生 - 抖音生活服务,https://jobs.bytedance.com/campus/position/7675313079169108277/detail,上海
运营,字节跳动,2026-08-24T18:43:44+00:00,bytedance:7675312353537231157,2026-08-24T21:20:16+00:00,2026-08-18T10:12:36+00:00,运营,字节跳动招聘,实习,策略运营实习生 - 抖音电商,https://jobs.bytedance.com/campus/position/7675312353537231157/detail,上海
战略,字节跳动,2026-08-24T18:43:44+00:00,bytedance:7675310151264225589,2026-08-24T21:20:16+00:00,2026-08-18T10:03:44+00:00,运营,字节跳动招聘,实习,商业化战略与运营（GTM方向）实习生 - Global Business Solutions,https://jobs.bytedance.com/campus/position/7675310151264225589/detail,上海 | 广州
运营,字节跳动,2026-08-24T18:43:44+00:00,bytedance:7675304803947841797,2026-08-24T21:20:16+00:00,2026-08-18T09:49:26+00:00,运营,字节跳动招聘,实习,商品策略实习生 - 抖音电商运营,https://jobs.bytedance.com/campus/position/7675304803947841797/detail,上海
产品,字节跳动,2026-08-24T18:43:44+00:00,bytedance:7675285766054054197,2026-08-24T21:20:16+00:00,2026-08-18T08:29:21+00:00,产品,字节跳动招聘,校招,AIMV音乐产品经理（抖音AI产品人才校招） - 抖音音乐,https://jobs.bytedance.com/campus/position/7675285766054054197/detail,上海 | 北京
运营,字节跳动,2026-08-24T18:43:44+00:00,bytedance:7675268196536535301,2026-08-24T21:20:16+00:00,2026-08-18T07:22:04+00:00,运营,字节跳动招聘,实习,广告产品运营实习生 - 国际化电商广告,https://jobs.bytedance.com/campus/position/7675268196536535301/detail,上海
职能,字节跳动,2026-08-24T18:43:44+00:00,bytedance:7675268171120953605,2026-08-24T21:20:16+00:00,2026-08-18T07:21:41+00:00,职能 / 支持,字节跳动招聘,实习,HR（芯片方向）实习生 - Data,https://jobs.bytedance.com/campus/position/7675268171120953605/detail,北京
运营,字节跳动,2026-08-24T18:43:44+00:00,bytedance:7675265569215613189,2026-08-24T21:20:16+00:00,2026-08-18T07:10:46+00:00,运营,字节跳动招聘,实习,价格策略实习生 - 抖音电商,https://jobs.bytedance.com/campus/position/7675265569215613189/detail,上海
产品,字节跳动,2026-08-24T18:43:44+00:00,bytedance:7675260955961968901,2026-08-24T21:20:16+00:00,2026-08-18T06:54:33+00:00,运营,字节跳动招聘,校招,垂类策略运营产品经理（抖音AI产品人才校招） - 抖音运营,https://jobs.bytedance.com/campus/position/7675260955961968901/detail,北京 | 上海
项目管理,字节跳动,2026-08-24T18:43:44+00:00,bytedance:7675257382511282485,2026-08-24T21:20:16+00:00,2026-08-18T06:41:00+00:00,用户运营,字节跳动招聘,实习,本地化项目管理实习生（小云雀Pippit） - 剪映CapCut,https://jobs.bytedance.com/campus/position/7675257382511282485/detail,北京
商业分析,字节跳动,2026-08-24T19:23:31+00:00,bytedance:7675255079121914165,2026-08-24T21:20:16+00:00,2026-08-18T06:30:47+00:00,数据分析,字节跳动招聘,实习,拉美物流数据分析实习生 - TikTok Shop,https://jobs.bytedance.com/campus/position/7675255079121914165/detail,上海
设计,字节跳动,2026-08-24T18:43:44+00:00,bytedance:7675254604385192197,2026-08-24T21:20:16+00:00,2026-08-18T06:30:17+00:00,UI,字节跳动招聘,校招,UIUX设计师 - PICO,https://jobs.bytedance.com/campus/position/7675254604385192197/detail,北京
市场,字节跳动,2026-08-24T18:43:44+00:00,bytedance:7675254238549068085,2026-08-24T21:20:16+00:00,2026-08-18T06:28:02+00:00,运营,字节跳动招聘,实习,品牌商家策略运营实习生 - TikTok Shop,https://jobs.bytedance.com/campus/position/7675254238549068085/detail,上海
运营,字节跳动,2026-08-24T18:43:44+00:00,bytedance:7675252959013636357,2026-08-24T21:20:16+00:00,2026-08-18T06:22:14+00:00,产品运营,字节跳动招聘,校招,内容安全策略运营（国内） - 剪映CapCut,https://jobs.bytedance.com/campus/position/7675252959013636357/detail,北京
市场,字节跳动,2026-08-24T18:43:44+00:00,bytedance:7675244491009837317,2026-08-24T21:20:16+00:00,2026-08-18T05:49:05+00:00,运营,字节跳动招聘,实习,营销活动运营（到店餐饮）实习生 - 抖音生活服务,https://jobs.bytedance.com/campus/position/7675244491009837317/detail,成都
市场,字节跳动,2026-08-24T18:43:44+00:00,bytedance:7675243164462893365,2026-08-24T21:20:16+00:00,2026-08-18T05:46:16+00:00,运营,字节跳动招聘,实习,营销活动运营实习生（到店餐饮） - 抖音生活服务,https://jobs.bytedance.com/campus/position/7675243164462893365/detail,上海 | 成都
运营,字节跳动,2026-08-24T18:43:44+00:00,bytedance:7675243808321882421,2026-08-24T21:20:16+00:00,2026-08-18T05:46:13+00:00,运营,字节跳动招聘,实习,投稿策略实习生 - 抖音生态,https://jobs.bytedance.com/campus/position/7675243808321882421/detail,北京
运营,字节跳动,2026-08-24T18:43:44+00:00,bytedance:7675243215062780165,2026-08-24T21:20:16+00:00,2026-08-18T05:44:47+00:00,运营,字节跳动招聘,实习,内容策略实习生 - 抖音电商,https://jobs.bytedance.com/campus/position/7675243215062780165/detail,北京
运营,字节跳动,2026-08-24T18:43:44+00:00,bytedance:7675243215033813301,2026-08-24T21:20:16+00:00,2026-08-18T05:44:30+00:00,运营,字节跳动招聘,校招,治理策略运营 - TikTok,https://jobs.bytedance.com/campus/position/7675243215033813301/detail,北京
产品,字节跳动,2026-08-24T18:43:44+00:00,bytedance:7675242123075225909,2026-08-24T21:20:16+00:00,2026-08-18T05:43:52+00:00,产品经理,字节跳动招聘,实习,兴趣推荐策略产品实习生-TikTok,https://jobs.bytedance.com/campus/position/7675242123075225909/detail,上海
产品,字节跳动,2026-08-24T18:43:44+00:00,bytedance:7675239927936239877,2026-08-24T21:20:16+00:00,2026-08-18T05:32:22+00:00,产品,字节跳动招聘,实习,具身数据产品实习生 - Seed,https://jobs.bytedance.com/campus/position/7675239927936239877/detail,北京
战略,字节跳动,2026-08-24T18:43:44+00:00,bytedance:7675224348436826421,2026-08-24T21:20:16+00:00,2026-08-18T04:32:13+00:00,战略,字节跳动招聘,实习,战略分析实习生 - 广告业务,https://jobs.bytedance.com/campus/position/7675224348436826421/detail,上海
职能,字节跳动,2026-08-24T18:43:44+00:00,bytedance:7675212852807174405,2026-08-24T21:20:16+00:00,2026-08-18T03:46:13+00:00,职能 / 支持,字节跳动招聘,校招,薪酬与激励 - 人力与管理部,https://jobs.bytedance.com/campus/position/7675212852807174405/detail,北京 | 上海
市场,字节跳动,2026-08-24T18:43:44+00:00,bytedance:7675212390114035973,2026-08-24T21:20:16+00:00,2026-08-18T03:44:12+00:00,职能 / 支持,字节跳动招聘,校招,企业文化与雇主品牌 - 人力与管理部,https://jobs.bytedance.com/campus/position/7675212390114035973/detail,北京 | 上海
运营,字节跳动,2026-08-24T18:43:44+00:00,bytedance:7675208362657253637,2026-08-24T21:20:16+00:00,2026-08-18T03:29:42+00:00,运营,字节跳动招聘,实习,EL活动运营实习生 - TikTok Shop,https://jobs.bytedance.com/campus/position/7675208362657253637/detail,上海
设计,字节跳动,2026-08-24T18:43:44+00:00,bytedance:7675207643691714821,2026-08-24T21:20:16+00:00,2026-08-18T03:27:29+00:00,设计,字节跳动招聘,实习,产品体验设计实习生 - 剪映CapCut,https://jobs.bytedance.com/campus/position/7675207643691714821/detail,深圳
运营,字节跳动,2026-08-24T18:43:44+00:00,bytedance:7675190632675264821,2026-08-24T21:20:16+00:00,2026-08-18T02:20:34+00:00,运营,字节跳动招聘,实习,生态治理实习生-TikTok,https://jobs.bytedance.com/campus/position/7675190632675264821/detail,北京
运营,字节跳动,2026-08-24T18:43:44+00:00,bytedance:7675189536532597045,2026-08-24T21:20:16+00:00,2026-08-18T02:18:00+00:00,运营,字节跳动招聘,实习,平台活动运营实习生 - 抖音电商,https://jobs.bytedance.com/campus/position/7675189536532597045/detail,上海
商业分析,字节跳动,2026-08-24T19:23:31+00:00,bytedance:7675000277574912261,2026-08-24T21:20:16+00:00,2026-08-17T14:04:46+00:00,数据分析,字节跳动招聘,实习,国际电商数据分析实习生（全托管） - TikTok Shop,https://jobs.bytedance.com/campus/position/7675000277574912261/detail,上海
运营,字节跳动,2026-08-24T18:43:44+00:00,bytedance:7674957854763567365,2026-08-24T21:20:16+00:00,2026-08-17T11:19:32+00:00,运营,字节跳动招聘,实习,Agent评测与工程实习生 - AI数据与安全,https://jobs.bytedance.com/campus/position/7674957854763567365/detail,北京
运营,字节跳动,2026-08-24T18:43:44+00:00,bytedance:7674953097318304005,2026-08-24T21:20:16+00:00,2026-08-17T11:00:55+00:00,运营,字节跳动招聘,实习,AI内容种草&评测运营实习生 - AI数据与安全,https://jobs.bytedance.com/campus/position/7674953097318304005/detail,北京
产品,字节跳动,2026-08-24T18:43:44+00:00,bytedance:7674950150314477877,2026-08-24T21:20:16+00:00,2026-08-17T10:51:57+00:00,产品经理,字节跳动招聘,实习,AI大模型评测产品实习生 - 火山方舟,https://jobs.bytedance.com/campus/position/7674950150314477877/detail,上海 | 北京
产品,字节跳动,2026-08-24T18:43:44+00:00,bytedance:7674944037608409349,2026-08-24T21:20:16+00:00,2026-08-17T10:22:55+00:00,产品,字节跳动招聘,实习,AIGC产品实习生（IAA方向） - 广告业务,https://jobs.bytedance.com/campus/position/7674944037608409349/detail,上海
产品,字节跳动,2026-08-24T18:43:44+00:00,bytedance:7674943205221861685,2026-08-24T21:20:16+00:00,2026-08-17T10:19:33+00:00,产品,字节跳动招聘,实习,广告策略产品实习生（内容消费方向） - 广告业务,https://jobs.bytedance.com/campus/position/7674943205221861685/detail,上海
商务,字节跳动,2026-08-24T18:43:44+00:00,bytedance:7674934280441612549,2026-08-24T21:20:16+00:00,2026-08-17T09:47:34+00:00,运营,字节跳动招聘,实习,客户运营实习生 - 飞书商业化,https://jobs.bytedance.com/campus/position/7674934280441612549/detail,武汉
市场,字节跳动,2026-08-24T18:43:44+00:00,bytedance:7674933871479130373,2026-08-24T21:20:16+00:00,2026-08-17T09:44:47+00:00,产品,字节跳动招聘,实习,达人营销产品实习生 - 抖音生活服务,https://jobs.bytedance.com/campus/position/7674933871479130373/detail,北京 | 上海
运营,字节跳动,2026-08-24T18:43:44+00:00,bytedance:7674932006997150005,2026-08-24T21:20:16+00:00,2026-08-17T09:38:13+00:00,产品运营,字节跳动招聘,实习,产品运营实习生 - 抖音生活服务,https://jobs.bytedance.com/campus/position/7674932006997150005/detail,北京
产品,字节跳动,2026-08-24T18:43:44+00:00,bytedance:7674932405712111877,2026-08-24T21:20:16+00:00,2026-08-17T09:38:12+00:00,产品,字节跳动招聘,校招,推荐策略产品经理 - TikTok生活服务,https://jobs.bytedance.com/campus/position/7674932405712111877/detail,上海 | 北京
商务,字节跳动,2026-08-24T18:43:44+00:00,bytedance:7674931285212039477,2026-08-24T21:20:16+00:00,2026-08-17T09:33:33+00:00,产品运营,字节跳动招聘,实习,产品运营实习生 - 飞书商业化,https://jobs.bytedance.com/campus/position/7674931285212039477/detail,北京
产品,字节跳动,2026-08-24T18:43:44+00:00,bytedance:7674930292679657781,2026-08-24T21:20:16+00:00,2026-08-17T09:29:57+00:00,产品经理,字节跳动招聘,实习,创意产品实习生 - TikTok,https://jobs.bytedance.com/campus/position/7674930292679657781/detail,北京
职能,字节跳动,2026-08-24T18:43:44+00:00,bytedance:7674928224138873141,2026-08-24T21:20:16+00:00,2026-08-17T09:22:21+00:00,职能 / 支持,字节跳动招聘,校招,行业分析 - 人力与管理部,https://jobs.bytedance.com/campus/position/7674928224138873141/detail,北京 | 上海
设计,字节跳动,2026-08-24T18:43:44+00:00,bytedance:7674927852634605877,2026-08-24T21:20:16+00:00,2026-08-17T09:20:46+00:00,设计,字节跳动招聘,校招,抖音音乐产品设计师 - 抖音运营,https://jobs.bytedance.com/campus/position/7674927852634605877/detail,上海
运营,字节跳动,2026-08-24T18:43:44+00:00,bytedance:7674926394656196869,2026-08-24T21:20:16+00:00,2026-08-17T09:14:49+00:00,运营,字节跳动招聘,实习,业务沟通与传播实习生 - TikTok Shop,https://jobs.bytedance.com/campus/position/7674926394656196869/detail,上海
运营,字节跳动,2026-08-24T18:43:44+00:00,bytedance:7674910383779268869,2026-08-24T21:20:16+00:00,2026-08-17T08:15:57+00:00,运营,字节跳动招聘,实习,大模型审核Agent（评论方向）实习生 - 内容质量与数据服务平台,https://jobs.bytedance.com/campus/position/7674910383779268869/detail,北京
运营,字节跳动,2026-08-24T18:43:44+00:00,bytedance:7674906493951166773,2026-08-24T21:20:16+00:00,2026-08-17T07:59:29+00:00,运营,字节跳动招聘,实习,安全运营实习生 - 安全与风控,https://jobs.bytedance.com/campus/position/7674906493951166773/detail,北京
运营,字节跳动,2026-08-24T18:43:44+00:00,bytedance:7674900869247256837,2026-08-24T21:20:16+00:00,2026-08-17T07:36:27+00:00,运营,字节跳动招聘,实习,物流运营实习生 - TikTok Shop,https://jobs.bytedance.com/campus/position/7674900869247256837/detail,深圳
销售,字节跳动,2026-08-24T18:43:44+00:00,bytedance:7674900094764452101,2026-08-24T21:20:16+00:00,2026-08-17T07:33:43+00:00,产品,字节跳动招聘,实习,商业产品实习生 - 销售运营管理平台,https://jobs.bytedance.com/campus/position/7674900094764452101/detail,上海
运营,字节跳动,2026-08-24T18:43:44+00:00,bytedance:7674895370409445685,2026-08-24T21:20:16+00:00,2026-08-17T07:16:39+00:00,运营,字节跳动招聘,实习,豆包AI大模型产品运营实习生 - Data AML,https://jobs.bytedance.com/campus/position/7674895370409445685/detail,北京
运营,字节跳动,2026-08-24T18:43:44+00:00,bytedance:7674883623213140277,2026-08-24T21:20:16+00:00,2026-08-17T06:28:55+00:00,运营,字节跳动招聘,实习,用户运营实习生 - TikTok Shop,https://jobs.bytedance.com/campus/position/7674883623213140277/detail,北京
运营,字节跳动,2026-08-24T18:43:44+00:00,bytedance:7674882707444549941,2026-08-24T21:20:16+00:00,2026-08-17T06:26:00+00:00,运营,字节跳动招聘,实习,电商商品运营实习生 - TikTok Shop,https://jobs.bytedance.com/campus/position/7674882707444549941/detail,上海
运营,字节跳动,2026-08-24T18:43:44+00:00,bytedance:7674880730876791045,2026-08-24T21:20:16+00:00,2026-08-17T06:17:13+00:00,运营,字节跳动招聘,实习,商品运营实习生 - TikTok Shop,https://jobs.bytedance.com/campus/position/7674880730876791045/detail,广州
运营,字节跳动,2026-08-24T18:43:44+00:00,bytedance:7674877631139039493,2026-08-24T21:20:16+00:00,2026-08-17T06:05:19+00:00,商业运营,字节跳动招聘,校招,大模型产品运营 - 火山引擎,https://jobs.bytedance.com/campus/position/7674877631139039493/detail,北京 | 上海 | 深圳 | 杭州
产品,字节跳动,2026-08-24T18:43:44+00:00,bytedance:7674874443010885893,2026-08-24T21:20:16+00:00,2026-08-17T05:56:16+00:00,产品,字节跳动招聘,实习,平台产品（POI方向）实习生-TikTok生活服务,https://jobs.bytedance.com/campus/position/7674874443010885893/detail,北京
产品,字节跳动,2026-08-24T18:43:44+00:00,bytedance:7674872390589188405,2026-08-24T21:20:16+00:00,2026-08-17T05:46:14+00:00,产品,字节跳动招聘,实习,推荐产品实习生 - 抖音电商,https://jobs.bytedance.com/campus/position/7674872390589188405/detail,北京
产品,字节跳动,2026-08-24T18:43:44+00:00,bytedance:7674861834033875253,2026-08-24T21:20:16+00:00,2026-08-17T05:05:00+00:00,产品,字节跳动招聘,实习,语音大模型平台产品实习生 - Data语音,https://jobs.bytedance.com/campus/position/7674861834033875253/detail,北京
运营,字节跳动,2026-08-24T18:43:44+00:00,bytedance:7674844716197988661,2026-08-24T21:20:16+00:00,2026-08-17T03:58:54+00:00,运营,字节跳动招聘,实习,家电行业运营实习生 - TikTok Shop,https://jobs.bytedance.com/campus/position/7674844716197988661/detail,上海
市场,字节跳动,2026-08-24T18:43:44+00:00,bytedance:7674837182969137461,2026-08-24T21:20:16+00:00,2026-08-17T03:30:22+00:00,运营,字节跳动招聘,实习,TikTok品牌广告产品策略运营实习生 - Global Business Solutions,https://jobs.bytedance.com/campus/position/7674837182969137461/detail,北京
运营,字节跳动,2026-08-24T18:43:44+00:00,bytedance:7674835962284935429,2026-08-24T21:20:16+00:00,2026-08-17T03:24:29+00:00,运营,字节跳动招聘,实习,东南亚跨境美妆行业运营实习生 - TikTok Shop,https://jobs.bytedance.com/campus/position/7674835962284935429/detail,上海
运营,字节跳动,2026-08-24T18:43:44+00:00,bytedance:7674828168456784133,2026-08-24T21:20:16+00:00,2026-08-17T02:53:28+00:00,运营,字节跳动招聘,实习,东南亚跨境活动运营实习生 - TikTok Shop,https://jobs.bytedance.com/campus/position/7674828168456784133/detail,上海
运营,字节跳动,2026-08-24T18:43:44+00:00,bytedance:7674820485934369077,2026-08-24T21:20:16+00:00,2026-08-17T02:24:53+00:00,产品运营,字节跳动招聘,实习,AI垂类Agent产品运营实习生-国际化内容社区,https://jobs.bytedance.com/campus/position/7674820485934369077/detail,上海
运营,字节跳动,2026-08-24T18:43:44+00:00,bytedance:7674817708902926597,2026-08-24T21:20:16+00:00,2026-08-17T02:14:58+00:00,运营,字节跳动招聘,实习,消费券策略运营实习生 - 抖音电商,https://jobs.bytedance.com/campus/position/7674817708902926597/detail,上海
产品,字节跳动,2026-08-24T18:43:44+00:00,bytedance:7674635781763778821,2026-08-24T21:20:16+00:00,2026-08-16T14:27:27+00:00,产品经理,字节跳动招聘,校招,交易产品经理 - TikTok Shop,https://jobs.bytedance.com/campus/position/7674635781763778821/detail,上海
运营,字节跳动,2026-08-24T18:43:44+00:00,bytedance:7674203223557720373,2026-08-24T21:20:16+00:00,2026-08-15T10:43:43+00:00,运营,字节跳动招聘,实习,家居厨房买手（全托管）实习生 - TikTok Shop,https://jobs.bytedance.com/campus/position/7674203223557720373/detail,上海
运营,字节跳动,2026-08-24T18:43:44+00:00,bytedance:7673859541210368261,2026-08-24T21:20:16+00:00,2026-08-14T12:17:06+00:00,运营,字节跳动招聘,实习,音乐推广达人运营实习生 - 汽水音乐,https://jobs.bytedance.com/campus/position/7673859541210368261/detail,北京
增长,字节跳动,2026-08-24T18:43:44+00:00,bytedance:7673824486948915509,2026-08-24T21:20:16+00:00,2026-08-14T10:00:47+00:00,商业运营,字节跳动招聘,实习,海外社区增长运营（GEO方向）实习生 - 飞书商业化,https://jobs.bytedance.com/campus/position/7673824486948915509/detail,北京 | 上海
运营,字节跳动,2026-08-24T18:43:44+00:00,bytedance:7673822066950539525,2026-08-24T21:20:16+00:00,2026-08-14T09:48:53+00:00,用户运营,字节跳动招聘,校招,内容运营（热点策划方向） - 抖音生活服务,https://jobs.bytedance.com/campus/position/7673822066950539525/detail,北京 | 上海
产品,字节跳动,2026-08-24T18:43:44+00:00,bytedance:7673816932219062581,2026-08-24T21:20:16+00:00,2026-08-14T09:30:58+00:00,产品,字节跳动招聘,实习,投放策略产品实习生 - 抖音,https://jobs.bytedance.com/campus/position/7673816932219062581/detail,北京 | 深圳
运营,字节跳动,2026-08-24T18:43:44+00:00,bytedance:7673812823235234101,2026-08-24T21:20:16+00:00,2026-08-14T09:13:11+00:00,运营,字节跳动招聘,实习,东南亚活动运营实习生 - TikTok Shop,https://jobs.bytedance.com/campus/position/7673812823235234101/detail,上海
运营,字节跳动,2026-08-24T18:43:44+00:00,bytedance:7673812324261579013,2026-08-24T21:20:16+00:00,2026-08-14T09:13:02+00:00,运营,字节跳动招聘,实习,店铺策略运营实习生 - 抖音电商,https://jobs.bytedance.com/campus/position/7673812324261579013/detail,上海
运营,字节跳动,2026-08-24T18:43:44+00:00,bytedance:7673791147462035765,2026-08-24T21:20:16+00:00,2026-08-14T07:49:31+00:00,内容运营,字节跳动招聘,实习,产品运营（内容方向）实习生 - 抖音生活服务,https://jobs.bytedance.com/campus/position/7673791147462035765/detail,北京 | 上海
运营,字节跳动,2026-08-24T18:43:44+00:00,bytedance:7673781326881540357,2026-08-24T21:20:16+00:00,2026-08-14T07:12:05+00:00,运营,字节跳动招聘,实习,AI数据运营实习生（Agent评估方向） - AI数据与安全,https://jobs.bytedance.com/campus/position/7673781326881540357/detail,北京
运营,字节跳动,2026-08-24T18:43:44+00:00,bytedance:7673775100417558789,2026-08-24T21:20:16+00:00,2026-08-14T06:48:04+00:00,运营,字节跳动招聘,实习,VLM数据运营实习生（视频方向） - AI数据与安全,https://jobs.bytedance.com/campus/position/7673775100417558789/detail,北京
战略,字节跳动,2026-08-24T18:43:44+00:00,bytedance:7673774412449450293,2026-08-24T21:20:16+00:00,2026-08-14T06:47:05+00:00,战略,字节跳动招聘,校招,战略分析师 - 红果短剧,https://jobs.bytedance.com/campus/position/7673774412449450293/detail,北京
产品,字节跳动,2026-08-24T18:43:44+00:00,bytedance:7673761412287646005,2026-08-24T21:20:16+00:00,2026-08-14T05:53:54+00:00,产品经理,字节跳动招聘,校招,音乐合作平台产品经理（抖音AI产品人才校招） - 抖音音乐,https://jobs.bytedance.com/campus/position/7673761412287646005/detail,北京 | 上海
运营,字节跳动,2026-08-24T18:43:44+00:00,bytedance:7673759087838218549,2026-08-24T21:20:16+00:00,2026-08-14T05:46:49+00:00,运营,字节跳动招聘,实习,商家运营（女装）实习生 - 抖音电商运营,https://jobs.bytedance.com/campus/position/7673759087838218549/detail,广州
市场,字节跳动,2026-08-24T18:43:44+00:00,bytedance:7673755872648907013,2026-08-24T21:20:16+00:00,2026-08-14T05:32:01+00:00,运营,字节跳动招聘,实习,RKA营销策略运营实习生 - TikTok Shop,https://jobs.bytedance.com/campus/position/7673755872648907013/detail,上海
产品,字节跳动,2026-08-24T18:43:44+00:00,bytedance:7673733057043712261,2026-08-24T21:20:16+00:00,2026-08-14T04:04:00+00:00,产品经理,字节跳动招聘,实习,AI产品实习生 - 数据平台,https://jobs.bytedance.com/campus/position/7673733057043712261/detail,上海 | 北京
产品,字节跳动,2026-08-24T18:43:44+00:00,bytedance:7673732306931173685,2026-08-24T21:20:16+00:00,2026-08-14T04:03:40+00:00,产品经理,字节跳动招聘,实习,社区生态产品实习生-TikTok,https://jobs.bytedance.com/campus/position/7673732306931173685/detail,上海
产品,字节跳动,2026-08-24T18:43:44+00:00,bytedance:7673696354150189365,2026-08-24T21:20:16+00:00,2026-08-14T01:48:09+00:00,产品,字节跳动招聘,实习,AI产品实习生（商家方向） - 抖音电商,https://jobs.bytedance.com/campus/position/7673696354150189365/detail,北京
商业分析,字节跳动,2026-08-24T18:43:44+00:00,bytedance:7673491655744604469,2026-08-24T21:20:16+00:00,2026-08-13T12:30:17+00:00,数据分析,字节跳动招聘,校招,商业分析与数据分析师（物流与供应链） - TikTok Shop,https://jobs.bytedance.com/campus/position/7673491655744604469/detail,上海
增长,字节跳动,2026-08-24T18:43:44+00:00,bytedance:7673483220014680325,2026-08-24T21:20:16+00:00,2026-08-13T11:56:35+00:00,产品,字节跳动招聘,实习,增长策略产品经理实习生-TikTok生活服务,https://jobs.bytedance.com/campus/position/7673483220014680325/detail,上海
产品,字节跳动,2026-08-24T18:43:44+00:00,bytedance:7673465153480034613,2026-08-24T21:20:16+00:00,2026-08-13T10:43:58+00:00,产品,字节跳动招聘,实习,智能产品实习生 - 体验与服务,https://jobs.bytedance.com/campus/position/7673465153480034613/detail,成都
运营,字节跳动,2026-08-24T18:43:44+00:00,bytedance:7673463007737645365,2026-08-24T21:20:16+00:00,2026-08-13T10:38:27+00:00,运营,字节跳动招聘,实习,体验运营实习生 - 体验与服务,https://jobs.bytedance.com/campus/position/7673463007737645365/detail,北京
运营,字节跳动,2026-08-24T18:43:44+00:00,bytedance:7673461009250584837,2026-08-24T21:20:16+00:00,2026-08-13T10:29:36+00:00,运营,字节跳动招聘,实习,AI产品运营实习生（C端） - 体验与服务,https://jobs.bytedance.com/campus/position/7673461009250584837/detail,北京
市场,字节跳动,2026-08-24T18:43:44+00:00,bytedance:7673459434926491909,2026-08-24T21:20:16+00:00,2026-08-13T10:26:01+00:00,运营,字节跳动招聘,实习,AI玩法营销实习生 - 抖音电商,https://jobs.bytedance.com/campus/position/7673459434926491909/detail,北京
销售,字节跳动,2026-08-24T18:43:44+00:00,bytedance:7673456813362333957,2026-08-24T21:20:16+00:00,2026-08-13T10:14:20+00:00,产品经理,字节跳动招聘,实习,产品（渠道产品）实习生 - 国际支付,https://jobs.bytedance.com/campus/position/7673456813362333957/detail,上海
产品,字节跳动,2026-08-24T18:43:44+00:00,bytedance:7673454377625323829,2026-08-24T21:20:16+00:00,2026-08-13T10:02:17+00:00,产品经理,字节跳动招聘,实习,产品实习生-TikTok,https://jobs.bytedance.com/campus/position/7673454377625323829/detail,上海
产品,字节跳动,2026-08-24T18:43:44+00:00,bytedance:7673452190275619125,2026-08-24T21:20:16+00:00,2026-08-13T09:56:28+00:00,产品经理,字节跳动招聘,校招,国际商家金融产品经理 - 国际支付,https://jobs.bytedance.com/campus/position/7673452190275619125/detail,上海
运营,字节跳动,2026-08-24T18:43:44+00:00,bytedance:7673440484706191621,2026-08-24T21:20:16+00:00,2026-08-13T09:09:41+00:00,运营,字节跳动招聘,实习,价格力专项实习生 - TikTok Shop,https://jobs.bytedance.com/campus/position/7673440484706191621/detail,上海
运营,字节跳动,2026-08-24T18:43:44+00:00,bytedance:7673431772613282101,2026-08-24T21:20:16+00:00,2026-08-13T08:35:46+00:00,运营,字节跳动招聘,实习,策略运营实习生 - TikTok Shop,https://jobs.bytedance.com/campus/position/7673431772613282101/detail,上海
运营,字节跳动,2026-08-24T18:43:44+00:00,bytedance:7673422327284484405,2026-08-24T21:20:16+00:00,2026-08-13T07:59:50+00:00,运营,字节跳动招聘,实习,客户运营（AI项目）实习生 - 火山引擎,https://jobs.bytedance.com/campus/position/7673422327284484405/detail,杭州
市场,字节跳动,2026-08-24T18:43:44+00:00,bytedance:7673419575381854469,2026-08-24T21:20:16+00:00,2026-08-13T07:48:19+00:00,运营,字节跳动招聘,实习,内容营销（图像方向）实习生 - 剪映CapCut,https://jobs.bytedance.com/campus/position/7673419575381854469/detail,深圳
市场,字节跳动,2026-08-24T18:43:44+00:00,bytedance:7673419575379200261,2026-08-24T21:20:16+00:00,2026-08-13T07:47:32+00:00,运营,字节跳动招聘,实习,整合营销实习生 - TikTok Shop,https://jobs.bytedance.com/campus/position/7673419575379200261/detail,北京
职能,字节跳动,2026-08-24T18:43:44+00:00,bytedance:7673413155523791157,2026-08-24T21:20:16+00:00,2026-08-13T07:23:24+00:00,职能 / 支持,字节跳动招聘,实习,服务器部件采购实习生 - AI算力基础设施,https://jobs.bytedance.com/campus/position/7673413155523791157/detail,北京
增长,字节跳动,2026-08-24T18:43:44+00:00,bytedance:7673411701503428869,2026-08-24T21:20:16+00:00,2026-08-13T07:18:44+00:00,产品,字节跳动招聘,实习,产品（Push方向）实习生 - 抖音增长,https://jobs.bytedance.com/campus/position/7673411701503428869/detail,上海
增长,字节跳动,2026-08-24T18:43:44+00:00,bytedance:7673409327177533701,2026-08-24T21:20:16+00:00,2026-08-13T07:08:43+00:00,产品,字节跳动招聘,实习,AI产品实习生（增长投放方向） - 抖音,https://jobs.bytedance.com/campus/position/7673409327177533701/detail,北京
商业分析,字节跳动,2026-08-24T18:43:44+00:00,bytedance:7673380428015601973,2026-08-24T21:20:16+00:00,2026-08-13T05:21:44+00:00,数据分析,字节跳动招聘,实习,商业分析实习生 - Global Business Solutions,https://jobs.bytedance.com/campus/position/7673380428015601973/detail,上海
运营,字节跳动,2026-08-24T18:43:44+00:00,bytedance:7673380245657045253,2026-08-24T21:20:16+00:00,2026-08-13T05:15:23+00:00,运营,字节跳动招聘,实习,体育运营实习生 - 中国内容与合作,https://jobs.bytedance.com/campus/position/7673380245657045253/detail,北京
市场,字节跳动,2026-08-24T18:43:44+00:00,bytedance:7673377806341687557,2026-08-24T21:20:16+00:00,2026-08-13T05:07:10+00:00,运营,字节跳动招聘,校招,内容营销经理（图像方向） - 剪映CapCut,https://jobs.bytedance.com/campus/position/7673377806341687557/detail,深圳
运营,字节跳动,2026-08-24T18:43:44+00:00,bytedance:7673361601449429253,2026-08-24T21:20:16+00:00,2026-08-13T04:04:20+00:00,商业运营,字节跳动招聘,实习,国际化电商广告运营实习生 - Global Business Solutions,https://jobs.bytedance.com/campus/position/7673361601449429253/detail,杭州 | 上海
职能,字节跳动,2026-08-24T18:43:44+00:00,bytedance:7673359574436628741,2026-08-24T21:20:16+00:00,2026-08-13T03:54:56+00:00,职能 / 支持,字节跳动招聘,校招,行业人才研究 - 人力与管理部,https://jobs.bytedance.com/campus/position/7673359574436628741/detail,北京 | 上海
运营,字节跳动,2026-08-24T18:43:44+00:00,bytedance:7673343622427527477,2026-08-24T21:20:16+00:00,2026-08-13T02:54:27+00:00,运营,字节跳动招聘,实习,商城策略运营实习生 - TikTok Shop,https://jobs.bytedance.com/campus/position/7673343622427527477/detail,上海
运营,字节跳动,2026-08-24T18:43:44+00:00,bytedance:7673329786072107317,2026-08-24T21:20:16+00:00,2026-08-13T01:58:42+00:00,运营,字节跳动招聘,实习,用户运营实习生-TikTok,https://jobs.bytedance.com/campus/position/7673329786072107317/detail,北京
设计,字节跳动,2026-08-24T18:43:44+00:00,bytedance:7673143728328870149,2026-08-24T21:20:16+00:00,2026-08-12T13:59:21+00:00,设计,字节跳动招聘,校招,产品设计师 - 抖音直播,https://jobs.bytedance.com/campus/position/7673143728328870149/detail,北京
设计,字节跳动,2026-08-24T18:43:44+00:00,bytedance:7673124783312570629,2026-08-24T21:20:16+00:00,2026-08-12T12:46:26+00:00,设计,字节跳动招聘,实习,视觉设计（AI漫剧方向）实习生 - 广告业务,https://jobs.bytedance.com/campus/position/7673124783312570629/detail,上海
商业分析,字节跳动,2026-08-24T19:23:31+00:00,bytedance:7673101204725991733,2026-08-24T21:20:16+00:00,2026-08-12T11:14:29+00:00,数据分析,字节跳动招聘,校招,经营数据分析师 - 音视频技术,https://jobs.bytedance.com/campus/position/7673101204725991733/detail,深圳 | 上海
市场,字节跳动,2026-08-24T18:43:44+00:00,bytedance:7673091426204928309,2026-08-24T21:20:16+00:00,2026-08-12T10:33:51+00:00,市场,字节跳动招聘,实习,市场营销实习生 - 飞书商业化,https://jobs.bytedance.com/campus/position/7673091426204928309/detail,深圳
增长,字节跳动,2026-08-24T18:43:44+00:00,bytedance:7673085912372726069,2026-08-24T21:20:16+00:00,2026-08-12T10:13:51+00:00,运营,字节跳动招聘,实习,用户增长运营实习生 - 剪映CapCut,https://jobs.bytedance.com/campus/position/7673085912372726069/detail,北京
运营,字节跳动,2026-08-24T18:43:44+00:00,bytedance:7673083192810735877,2026-08-24T21:20:16+00:00,2026-08-12T10:02:29+00:00,运营,字节跳动招聘,实习,产品运营实习生 - 抖音电商,https://jobs.bytedance.com/campus/position/7673083192810735877/detail,上海
运营,字节跳动,2026-08-24T18:43:44+00:00,bytedance:7673078415227816197,2026-08-24T21:20:16+00:00,2026-08-12T09:47:11+00:00,运营,字节跳动招聘,实习,内容运营（即梦AIGC方向）实习生 - 剪映CapCut,https://jobs.bytedance.com/campus/position/7673078415227816197/detail,北京
商务,字节跳动,2026-08-24T18:43:44+00:00,bytedance:7673078220330256645,2026-08-24T21:20:16+00:00,2026-08-12T09:44:15+00:00,运营,字节跳动招聘,校招,商业化广告产品运营（交易支付方向） - Global Business Solutions,https://jobs.bytedance.com/campus/position/7673078220330256645/detail,上海
产品,字节跳动,2026-08-24T18:43:44+00:00,bytedance:7673076219252623669,2026-08-24T21:20:16+00:00,2026-08-12T09:36:44+00:00,产品,字节跳动招聘,实习,平台产品实习生-TikTok,https://jobs.bytedance.com/campus/position/7673076219252623669/detail,北京
运营,字节跳动,2026-08-24T18:43:44+00:00,bytedance:7673073155901098293,2026-08-24T21:20:16+00:00,2026-08-12T09:24:05+00:00,运营,字节跳动招聘,实习,国际电商策略运营实习生 - TikTok Shop,https://jobs.bytedance.com/campus/position/7673073155901098293/detail,上海
商业分析,字节跳动,2026-08-24T18:43:44+00:00,bytedance:7673066783583406389,2026-08-24T21:20:16+00:00,2026-08-12T09:03:35+00:00,运营,字节跳动招聘,实习,经营分析实习生 - 抖音电商,https://jobs.bytedance.com/campus/position/7673066783583406389/detail,北京
增长,字节跳动,2026-08-24T18:43:44+00:00,bytedance:7673059178991339781,2026-08-24T21:20:16+00:00,2026-08-12T08:29:14+00:00,运营,字节跳动招聘,实习,增长策略产品运营实习生 - 抖音电商,https://jobs.bytedance.com/campus/position/7673059178991339781/detail,上海
市场,字节跳动,2026-08-24T18:43:44+00:00,bytedance:7673055428368615685,2026-08-24T21:20:16+00:00,2026-08-12T08:15:42+00:00,运营,字节跳动招聘,实习,美国市场活动营销实习生 - TikTok Shop,https://jobs.bytedance.com/campus/position/7673055428368615685/detail,上海
运营,字节跳动,2026-08-24T18:43:44+00:00,bytedance:7673053140119570693,2026-08-24T21:20:16+00:00,2026-08-12T08:06:52+00:00,采购,字节跳动招聘,实习,差旅服务区域运营实习生 - Corporate Services,https://jobs.bytedance.com/campus/position/7673053140119570693/detail,北京
运营,字节跳动,2026-08-24T18:43:44+00:00,bytedance:7673049985877657909,2026-08-24T21:20:16+00:00,2026-08-12T07:53:11+00:00,运营,字节跳动招聘,实习,东南亚行业运营实习生 - TikTok Shop,https://jobs.bytedance.com/campus/position/7673049985877657909/detail,深圳
市场,字节跳动,2026-08-24T18:43:44+00:00,bytedance:7673041719026780421,2026-08-24T21:20:16+00:00,2026-08-12T07:22:06+00:00,运营,字节跳动招聘,实习,TikTok品牌广告产品运营实习生 - 国际化广告创意与品牌,https://jobs.bytedance.com/campus/position/7673041719026780421/detail,上海 | 北京
运营,字节跳动,2026-08-24T18:43:44+00:00,bytedance:7673039831639607605,2026-08-24T21:20:16+00:00,2026-08-12T07:15:59+00:00,商业运营,字节跳动招聘,校招,东南亚电商运营加速人才计划 - TikTok Shop,https://jobs.bytedance.com/campus/position/7673039831639607605/detail,上海
运营,字节跳动,2026-08-24T18:43:44+00:00,bytedance:7673019959035578677,2026-08-24T21:20:16+00:00,2026-08-12T05:58:11+00:00,运营,字节跳动招聘,实习,用户服务体验实习生 - 抖音电商,https://jobs.bytedance.com/campus/position/7673019959035578677/detail,上海
运营,字节跳动,2026-08-24T18:43:44+00:00,bytedance:7673018975856642357,2026-08-24T21:20:16+00:00,2026-08-12T05:54:23+00:00,运营,字节跳动招聘,实习,生活休闲运营（UGC中台方向）实习生 - 抖音运营,https://jobs.bytedance.com/campus/position/7673018975856642357/detail,北京 | 上海
产品,字节跳动,2026-08-24T18:43:44+00:00,bytedance:7673018391829449013,2026-08-24T21:20:16+00:00,2026-08-12T05:52:50+00:00,产品,字节跳动招聘,实习,国际化商业产品实习生 - Global Ads Core,https://jobs.bytedance.com/campus/position/7673018391829449013/detail,深圳
运营,字节跳动,2026-08-24T18:43:44+00:00,bytedance:7673015490605205813,2026-08-24T21:20:16+00:00,2026-08-12T05:44:17+00:00,运营,字节跳动招聘,实习,行业治理实习生 - 抖音内容运营,https://jobs.bytedance.com/campus/position/7673015490605205813/detail,北京
增长,字节跳动,2026-08-24T18:43:44+00:00,bytedance:7673000359934200117,2026-08-24T21:20:16+00:00,2026-08-12T04:41:05+00:00,产品,字节跳动招聘,实习,用户增长补贴策略产品实习生 - 抖音生活服务,https://jobs.bytedance.com/campus/position/7673000359934200117/detail,北京
运营,字节跳动,2026-08-24T18:43:44+00:00,bytedance:7672975269503191301,2026-08-24T21:20:16+00:00,2026-08-12T03:05:53+00:00,内容运营,字节跳动招聘,校招,短剧平台运营 - 番茄小说,https://jobs.bytedance.com/campus/position/7672975269503191301/detail,北京
设计,字节跳动,2026-08-24T18:43:44+00:00,bytedance:7672970454508079413,2026-08-24T21:20:16+00:00,2026-08-12T02:46:58+00:00,视觉设计,字节跳动招聘,校招,创意视觉设计师 - 番茄小说,https://jobs.bytedance.com/campus/position/7672970454508079413/detail,深圳
运营,字节跳动,2026-08-24T18:43:44+00:00,bytedance:7672963881461106949,2026-08-24T21:20:16+00:00,2026-08-12T02:20:26+00:00,数据分析,字节跳动招聘,实习,直播公会运营实习生 - TikTok直播,https://jobs.bytedance.com/campus/position/7672963881461106949/detail,深圳
战略,字节跳动,2026-08-24T18:43:44+00:00,bytedance:7672804729569659141,2026-08-24T21:20:16+00:00,2026-08-11T16:15:30+00:00,商务拓展BD,字节跳动招聘,实习,生态合作商务（豆包方向）实习生 - 技术产业研究与合作,https://jobs.bytedance.com/campus/position/7672804729569659141/detail,北京
市场,字节跳动,2026-08-24T18:43:44+00:00,bytedance:7672801278411589893,2026-08-24T21:20:16+00:00,2026-08-11T15:59:21+00:00,运营,字节跳动招聘,校招,品牌策略运营 - TikTok Shop,https://jobs.bytedance.com/campus/position/7672801278411589893/detail,上海
运营,字节跳动,2026-08-24T18:43:44+00:00,bytedance:7672767960272242997,2026-08-24T21:20:16+00:00,2026-08-11T13:42:07+00:00,运营,字节跳动招聘,校招,产品运营（文娱与小游戏产品方向） - 广告业务,https://jobs.bytedance.com/campus/position/7672767960272242997/detail,北京
运营,字节跳动,2026-08-24T18:43:44+00:00,bytedance:7672766635962943797,2026-08-24T21:20:16+00:00,2026-08-11T13:38:29+00:00,运营,字节跳动招聘,校招,产品运营（内容与投放产品方向） - 广告业务,https://jobs.bytedance.com/campus/position/7672766635962943797/detail,上海
运营,字节跳动,2026-08-24T18:43:44+00:00,bytedance:7672761845949991173,2026-08-24T21:20:16+00:00,2026-08-11T13:18:05+00:00,运营,字节跳动招聘,实习,纠纷仲裁策略运营实习生 - TikTok Shop,https://jobs.bytedance.com/campus/position/7672761845949991173/detail,上海
商务,字节跳动,2026-08-24T18:43:44+00:00,bytedance:7672757832937539845,2026-08-24T21:20:16+00:00,2026-08-11T12:59:59+00:00,销售支持,字节跳动招聘,实习,FDE实习生（华西） - 飞书商业化,https://jobs.bytedance.com/campus/position/7672757832937539845/detail,成都
项目管理,字节跳动,2026-08-24T18:43:44+00:00,bytedance:7672746499483666741,2026-08-24T21:20:16+00:00,2026-08-11T12:25:50+00:00,项目管理,字节跳动招聘,实习,豆包AI大模型PMO实习生（火山方舟MaaS） - Data AML,https://jobs.bytedance.com/campus/position/7672746499483666741/detail,北京
产品,字节跳动,2026-08-24T18:43:44+00:00,bytedance:7672709044188236085,2026-08-24T21:20:16+00:00,2026-08-11T09:51:18+00:00,产品经理,字节跳动招聘,实习,AI产品实习生（企业级智能体） - 数据平台,https://jobs.bytedance.com/campus/position/7672709044188236085/detail,北京 | 深圳
运营,字节跳动,2026-08-24T18:43:44+00:00,bytedance:7672703835110787381,2026-08-24T21:20:16+00:00,2026-08-11T09:32:09+00:00,产品运营,字节跳动招聘,实习,AI产品运营实习生 - 抖音研发,https://jobs.bytedance.com/campus/position/7672703835110787381/detail,北京
运营,字节跳动,2026-08-24T18:43:44+00:00,bytedance:7672690911910480181,2026-08-24T21:20:16+00:00,2026-08-11T08:40:28+00:00,运营,字节跳动招聘,实习,模型运维实习生 - 模型运维,https://jobs.bytedance.com/campus/position/7672690911910480181/detail,北京
运营,字节跳动,2026-08-24T18:43:44+00:00,bytedance:7672668574233905461,2026-08-24T21:20:16+00:00,2026-08-11T07:13:43+00:00,运营,字节跳动招聘,实习,娱乐宣发实习生 - 抖音运营,https://jobs.bytedance.com/campus/position/7672668574233905461/detail,北京
运营,字节跳动,2026-08-24T18:43:44+00:00,bytedance:7672663388685945093,2026-08-24T21:20:16+00:00,2026-08-11T06:53:11+00:00,运营,字节跳动招聘,实习,本地化项目内容实习生 - TikTok Shop,https://jobs.bytedance.com/campus/position/7672663388685945093/detail,上海
商务,字节跳动,2026-08-24T18:43:44+00:00,bytedance:7672662989224544565,2026-08-24T21:20:16+00:00,2026-08-11T06:51:48+00:00,产品经理,字节跳动招聘,实习,产品（支付解决方案）实习生 - 国际支付,https://jobs.bytedance.com/campus/position/7672662989224544565/detail,上海
运营,字节跳动,2026-08-24T18:43:44+00:00,bytedance:7672656431764015365,2026-08-24T21:20:16+00:00,2026-08-11T06:27:03+00:00,运营,字节跳动招聘,实习,领导力培训实习生 - 内容质量与数据服务平台,https://jobs.bytedance.com/campus/position/7672656431764015365/detail,北京
市场,字节跳动,2026-08-24T18:43:44+00:00,bytedance:7672654924648728885,2026-08-24T21:20:16+00:00,2026-08-11T06:22:33+00:00,产品,字节跳动招聘,实习,AI产品实习生（营销Agent方向） - 剪映CapCut,https://jobs.bytedance.com/campus/position/7672654924648728885/detail,北京
运营,字节跳动,2026-08-24T18:43:44+00:00,bytedance:7672623614400973061,2026-08-24T21:20:16+00:00,2026-08-11T04:26:39+00:00,运营,字节跳动招聘,校招,撮合策略 - 抖音电商,https://jobs.bytedance.com/campus/position/7672623614400973061/detail,北京 | 上海
项目管理,字节跳动,2026-08-24T18:43:44+00:00,bytedance:7672617875840125237,2026-08-24T21:20:16+00:00,2026-08-11T03:57:31+00:00,项目管理,字节跳动招聘,实习,豆包AI大模型PMO实习生（火山方舟MaaS） - Data AML,https://jobs.bytedance.com/campus/position/7672617875840125237/detail,北京
产品,字节跳动,2026-08-24T18:43:44+00:00,bytedance:7672613276421982469,2026-08-24T21:20:16+00:00,2026-08-11T03:40:20+00:00,产品,字节跳动招聘,实习,产品（Agentic Commerce方向）实习生 - 国际化电商广告,https://jobs.bytedance.com/campus/position/7672613276421982469/detail,北京
职能,字节跳动,2026-08-24T18:43:44+00:00,bytedance:7672609741508266293,2026-08-24T21:20:16+00:00,2026-08-11T03:26:24+00:00,职能 / 支持,字节跳动招聘,校招,招聘运营 - 人力与管理部,https://jobs.bytedance.com/campus/position/7672609741508266293/detail,北京 | 上海
商务,字节跳动,2026-08-24T18:43:44+00:00,bytedance:7672435685895047477,2026-08-24T21:20:16+00:00,2026-08-10T16:22:25+00:00,销售支持,字节跳动招聘,实习,伙伴支持实习生 - 飞书商业化,https://jobs.bytedance.com/campus/position/7672435685895047477/detail,杭州
销售,字节跳动,2026-08-24T18:43:44+00:00,bytedance:7672438136791599365,2026-08-24T21:20:16+00:00,2026-08-10T16:18:47+00:00,销售支持,字节跳动招聘,实习,行业销售支持实习生 - 飞书商业化,https://jobs.bytedance.com/campus/position/7672438136791599365/detail,杭州 | 上海 | 北京 | 深圳
设计,字节跳动,2026-08-24T18:43:44+00:00,bytedance:7672430050375371013,2026-08-24T21:20:16+00:00,2026-08-10T15:58:28+00:00,运营,字节跳动招聘,实习,AIGC设计实习生 - TikTok Shop,https://jobs.bytedance.com/campus/position/7672430050375371013/detail,广州
市场,字节跳动,2026-08-24T18:43:44+00:00,bytedance:7672428165587503413,2026-08-24T21:20:16+00:00,2026-08-10T15:47:41+00:00,运营,字节跳动招聘,实习,美洲营销大促实习生 - TikTok Shop,https://jobs.bytedance.com/campus/position/7672428165587503413/detail,广州
产品,字节跳动,2026-08-24T18:43:44+00:00,bytedance:7672401115376929029,2026-08-24T21:20:16+00:00,2026-08-10T13:57:34+00:00,产品,字节跳动招聘,实习,大模型产品实习生-TikTok,https://jobs.bytedance.com/campus/position/7672401115376929029/detail,北京
运营,字节跳动,2026-08-24T18:43:44+00:00,bytedance:7672370663878215941,2026-08-24T21:20:16+00:00,2026-08-10T12:01:14+00:00,运营,字节跳动招聘,实习,商家内容运营实习生 - TikTok Shop,https://jobs.bytedance.com/campus/position/7672370663878215941/detail,上海
运营,字节跳动,2026-08-24T18:43:44+00:00,bytedance:7672344941294012725,2026-08-24T21:20:16+00:00,2026-08-10T10:21:08+00:00,运营,字节跳动招聘,实习,策略实习生 - 抖音电商,https://jobs.bytedance.com/campus/position/7672344941294012725/detail,北京
产品,字节跳动,2026-08-24T18:43:44+00:00,bytedance:7672337680158230789,2026-08-24T21:20:16+00:00,2026-08-10T09:48:46+00:00,产品经理,字节跳动招聘,实习,广告产品实习生 - 抖音生活服务,https://jobs.bytedance.com/campus/position/7672337680158230789/detail,上海 | 北京
运营,字节跳动,2026-08-24T18:43:44+00:00,bytedance:7672328869482875189,2026-08-24T21:20:16+00:00,2026-08-10T09:14:46+00:00,运营,字节跳动招聘,实习,大模型训练实习生 - 内容质量与数据服务平台,https://jobs.bytedance.com/campus/position/7672328869482875189/detail,北京
运营,字节跳动,2026-08-24T18:43:44+00:00,bytedance:7672322319348648245,2026-08-24T21:20:16+00:00,2026-08-10T08:51:39+00:00,运营,字节跳动招聘,实习,美国电商达人运营实习生 - TikTok Shop,https://jobs.bytedance.com/campus/position/7672322319348648245/detail,上海
运营,字节跳动,2026-08-24T18:43:44+00:00,bytedance:7672308207076198709,2026-08-24T21:20:16+00:00,2026-08-10T07:57:40+00:00,运营,字节跳动招聘,实习,大模型开发者社区运营实习生 - AI数据与安全,https://jobs.bytedance.com/campus/position/7672308207076198709/detail,北京
商务,字节跳动,2026-08-24T18:43:44+00:00,bytedance:7672308679005899061,2026-08-24T21:20:16+00:00,2026-08-10T07:56:37+00:00,产品经理,字节跳动招聘,实习,豆包AI大模型产品解决方案实习生 - 火山方舟,https://jobs.bytedance.com/campus/position/7672308679005899061/detail,深圳
商务,字节跳动,2026-08-24T18:43:44+00:00,bytedance:7672292287360485685,2026-08-24T21:20:16+00:00,2026-08-10T06:55:39+00:00,产品,字节跳动招聘,实习,国际商业化数据产品实习生 - 国际化广告数据平台,https://jobs.bytedance.com/campus/position/7672292287360485685/detail,北京
产品,字节跳动,2026-08-24T18:43:44+00:00,bytedance:7672285925036968197,2026-08-24T21:20:16+00:00,2026-08-10T06:29:42+00:00,产品,字节跳动招聘,校招,策略产品经理 - 红果短剧,https://jobs.bytedance.com/campus/position/7672285925036968197/detail,北京
战略,字节跳动,2026-08-24T18:43:44+00:00,bytedance:7672282181927110917,2026-08-24T21:20:16+00:00,2026-08-10T06:13:44+00:00,运营,字节跳动招聘,实习,商业分析（行业研究）实习生 - 广告业务,https://jobs.bytedance.com/campus/position/7672282181927110917/detail,北京
产品,字节跳动,2026-08-24T18:43:44+00:00,bytedance:7672270818408745221,2026-08-24T21:20:16+00:00,2026-08-10T05:32:30+00:00,产品,字节跳动招聘,实习,商品产品实习生 - TikTok Shop,https://jobs.bytedance.com/campus/position/7672270818408745221/detail,珠海 | 上海
运营,字节跳动,2026-08-24T18:43:44+00:00,bytedance:7672265479604455733,2026-08-24T21:20:16+00:00,2026-08-10T05:10:41+00:00,运营,字节跳动招聘,校招,治理策略运营 - 抖音电商,https://jobs.bytedance.com/campus/position/7672265479604455733/detail,上海 | 北京
项目管理,字节跳动,2026-08-24T18:43:44+00:00,bytedance:7672254239335237893,2026-08-24T21:20:16+00:00,2026-08-10T04:27:08+00:00,项目管理,字节跳动招聘,实习,项目管理实习生 - TikTok Shop,https://jobs.bytedance.com/campus/position/7672254239335237893/detail,上海
商业分析,字节跳动,2026-08-24T18:43:44+00:00,bytedance:7672244065208551685,2026-08-24T21:20:16+00:00,2026-08-10T03:46:20+00:00,产品,字节跳动招聘,实习,Agent数据分析产品实习生 - 火山方舟,https://jobs.bytedance.com/campus/position/7672244065208551685/detail,北京
运营,字节跳动,2026-08-24T18:43:44+00:00,bytedance:7671251079667501317,2026-08-24T21:20:16+00:00,2026-08-07T11:42:32+00:00,运营,字节跳动招聘,实习,质量运营实习生 - 内容质量与数据服务平台,https://jobs.bytedance.com/campus/position/7671251079667501317/detail,北京
运营,字节跳动,2026-08-24T18:43:44+00:00,bytedance:7671251079203555637,2026-08-24T21:20:16+00:00,2026-08-07T11:34:06+00:00,运营,字节跳动招聘,实习,产品运营（模型应用方向）实习生 - 内容质量与数据服务平台,https://jobs.bytedance.com/campus/position/7671251079203555637/detail,北京
运营,字节跳动,2026-08-24T18:43:44+00:00,bytedance:7671247934146545973,2026-08-24T21:20:16+00:00,2026-08-07T11:22:36+00:00,运营,字节跳动招聘,校招,安全策略运营 - 内容质量与数据服务平台,https://jobs.bytedance.com/campus/position/7671247934146545973/detail,北京
运营,字节跳动,2026-08-24T18:43:44+00:00,bytedance:7671243282760894773,2026-08-24T21:20:16+00:00,2026-08-07T11:06:32+00:00,运营,字节跳动招聘,校招,标准运营 - 内容质量与数据服务平台,https://jobs.bytedance.com/campus/position/7671243282760894773/detail,北京
运营,字节跳动,2026-08-24T18:43:44+00:00,bytedance:7671236839541885237,2026-08-24T21:20:16+00:00,2026-08-07T10:39:22+00:00,商业运营,字节跳动招聘,实习,新加坡服饰行业商家运营实习生 - TikTok Shop,https://jobs.bytedance.com/campus/position/7671236839541885237/detail,上海
运营,字节跳动,2026-08-24T18:43:44+00:00,bytedance:7671235484782725429,2026-08-24T21:20:16+00:00,2026-08-07T10:36:00+00:00,运营,字节跳动招聘,实习,越南商城策略实习生 - TikTok Shop,https://jobs.bytedance.com/campus/position/7671235484782725429/detail,上海
运营,字节跳动,2026-08-24T18:43:44+00:00,bytedance:7671232615357876533,2026-08-24T21:20:16+00:00,2026-08-07T10:23:34+00:00,运营,字节跳动招聘,实习,AI内容策略运营实习生（评论方向） - 抖音生态,https://jobs.bytedance.com/campus/position/7671232615357876533/detail,北京
运营,字节跳动,2026-08-24T18:43:44+00:00,bytedance:7671231726451132725,2026-08-24T21:20:16+00:00,2026-08-07T10:20:36+00:00,运营,字节跳动招聘,实习,AIGC机构&创作者运营实习生 - AI创新业务,https://jobs.bytedance.com/campus/position/7671231726451132725/detail,上海
职能,字节跳动,2026-08-24T18:43:44+00:00,bytedance:7671225514556786949,2026-08-24T21:20:16+00:00,2026-08-07T09:54:14+00:00,人力,字节跳动招聘,实习,组织效能实习生（TikTok） - 人力与管理部,https://jobs.bytedance.com/campus/position/7671225514556786949/detail,上海
运营,字节跳动,2026-08-24T18:43:44+00:00,bytedance:7671200737314965765,2026-08-24T21:20:16+00:00,2026-08-07T08:18:20+00:00,运营,字节跳动招聘,实习,货品策略运营实习生 - TikTok Shop,https://jobs.bytedance.com/campus/position/7671200737314965765/detail,上海
产品,字节跳动,2026-08-24T18:43:44+00:00,bytedance:7671188492174674181,2026-08-24T21:20:16+00:00,2026-08-07T07:31:16+00:00,产品,字节跳动招聘,实习,豆包AI大模型产品实习生 - 火山方舟,https://jobs.bytedance.com/campus/position/7671188492174674181/detail,北京
产品,字节跳动,2026-08-24T18:43:44+00:00,bytedance:7671174222509541685,2026-08-24T21:20:16+00:00,2026-08-07T06:35:09+00:00,产品,字节跳动招聘,实习,豆包AI大模型产品实习生 - 火山方舟,https://jobs.bytedance.com/campus/position/7671174222509541685/detail,北京
商务,字节跳动,2026-08-24T18:43:44+00:00,bytedance:7671157050110937349,2026-08-24T21:20:16+00:00,2026-08-07T05:28:15+00:00,运营,字节跳动招聘,实习,商业化运营实习生 - Global Business Solutions,https://jobs.bytedance.com/campus/position/7671157050110937349/detail,上海
增长,字节跳动,2026-08-24T18:43:44+00:00,bytedance:7671148690636441861,2026-08-24T21:20:16+00:00,2026-08-07T04:56:49+00:00,用户运营,字节跳动招聘,实习,流量增长运营实习生 - TikTok Shop,https://jobs.bytedance.com/campus/position/7671148690636441861/detail,上海 | 北京
产品,字节跳动,2026-08-24T19:23:31+00:00,bytedance:7671128371046926597,2026-08-24T21:20:16+00:00,2026-08-07T03:39:10+00:00,游戏系统策划,字节跳动招聘,实习,游戏系统策划实习生 - ZERO36工作室,https://jobs.bytedance.com/campus/position/7671128371046926597/detail,上海
市场,字节跳动,2026-08-24T18:43:44+00:00,bytedance:7671123264605915445,2026-08-24T21:20:16+00:00,2026-08-07T03:19:07+00:00,营销策划,字节跳动招聘,实习,产品营销项目实习生（全球商业解决方案-亚太区-行业运营） - Global Business Solutions,https://jobs.bytedance.com/campus/position/7671123264605915445/detail,上海
产品,字节跳动,2026-08-24T18:43:44+00:00,bytedance:7671121792090851637,2026-08-24T21:20:16+00:00,2026-08-07T03:13:36+00:00,产品,字节跳动招聘,实习,AI产品实习生 - 模型数据工程,https://jobs.bytedance.com/campus/position/7671121792090851637/detail,北京
产品,字节跳动,2026-08-24T18:43:44+00:00,bytedance:7671118749334849797,2026-08-24T21:20:16+00:00,2026-08-07T03:00:19+00:00,产品经理,字节跳动招聘,实习,AI产品实习生（游戏方向） - ZERO36工作室,https://jobs.bytedance.com/campus/position/7671118749334849797/detail,上海
运营,字节跳动,2026-08-24T18:43:44+00:00,bytedance:7671117528751933701,2026-08-24T21:20:16+00:00,2026-08-07T02:54:27+00:00,运营,字节跳动招聘,实习,策略运营实习生 - TikTok Shop,https://jobs.bytedance.com/campus/position/7671117528751933701/detail,上海
市场,字节跳动,2026-08-24T18:43:44+00:00,bytedance:7670921865741650229,2026-08-24T21:20:16+00:00,2026-08-06T14:21:27+00:00,市场,字节跳动招聘,校招,活动营销 - 抖音电商,https://jobs.bytedance.com/campus/position/7670921865741650229/detail,上海
市场,字节跳动,2026-08-24T18:43:44+00:00,bytedance:7670921095745128709,2026-08-24T21:20:16+00:00,2026-08-06T14:13:08+00:00,运营,字节跳动招聘,校招,新品营销 - 抖音电商,https://jobs.bytedance.com/campus/position/7670921095745128709/detail,北京
设计,字节跳动,2026-08-24T18:43:44+00:00,bytedance:7670920557747898677,2026-08-24T21:20:16+00:00,2026-08-06T14:12:04+00:00,交互设计,字节跳动招聘,校招,HCI人机交互设计师 - PICO,https://jobs.bytedance.com/campus/position/7670920557747898677/detail,北京
产品,字节跳动,2026-08-24T18:43:44+00:00,bytedance:7670918779102087429,2026-08-24T21:20:16+00:00,2026-08-06T14:04:54+00:00,产品,字节跳动招聘,实习,AI产品实习生 - Coze,https://jobs.bytedance.com/campus/position/7670918779102087429/detail,北京 | 深圳
运营,字节跳动,2026-08-24T18:43:44+00:00,bytedance:7670919059781044533,2026-08-24T21:20:16+00:00,2026-08-06T14:04:06+00:00,运营,字节跳动招聘,校招,头部作者运营 - 抖音电商,https://jobs.bytedance.com/campus/position/7670919059781044533/detail,上海 | 北京
市场,字节跳动,2026-08-24T18:43:44+00:00,bytedance:7670918224257026309,2026-08-24T21:20:16+00:00,2026-08-06T14:02:52+00:00,市场,字节跳动招聘,校招,市场营销 - 抖音电商,https://jobs.bytedance.com/campus/position/7670918224257026309/detail,上海 | 北京
市场,字节跳动,2026-08-24T18:43:44+00:00,bytedance:7670914686109387013,2026-08-24T21:20:16+00:00,2026-08-06T13:51:12+00:00,运营,字节跳动招聘,校招,品牌营销 - 抖音电商,https://jobs.bytedance.com/campus/position/7670914686109387013/detail,上海
市场,字节跳动,2026-08-24T18:43:44+00:00,bytedance:7670912703905892661,2026-08-24T21:20:16+00:00,2026-08-06T13:47:21+00:00,运营,字节跳动招聘,校招,热点与内容营销 - 抖音电商,https://jobs.bytedance.com/campus/position/7670912703905892661/detail,上海 | 北京
运营,字节跳动,2026-08-24T18:43:44+00:00,bytedance:7670909632655100165,2026-08-24T21:20:16+00:00,2026-08-06T13:28:26+00:00,运营,字节跳动招聘,实习,商服智能运营实习生 - TikTok Shop,https://jobs.bytedance.com/campus/position/7670909632655100165/detail,上海
设计,字节跳动,2026-08-24T18:43:44+00:00,bytedance:7670907390858316037,2026-08-24T21:20:16+00:00,2026-08-06T13:18:33+00:00,运营,字节跳动招聘,实习,服饰培育运营&物料设计实习生 - TikTok Shop,https://jobs.bytedance.com/campus/position/7670907390858316037/detail,广州
运营,字节跳动,2026-08-24T18:43:44+00:00,bytedance:7670904037776427269,2026-08-24T21:20:16+00:00,2026-08-06T13:09:07+00:00,运营,字节跳动招聘,实习,JP治理运营实习生 - TikTok Shop,https://jobs.bytedance.com/campus/position/7670904037776427269/detail,上海
运营,字节跳动,2026-08-24T18:43:44+00:00,bytedance:7670896774942869765,2026-08-24T21:20:16+00:00,2026-08-06T12:39:56+00:00,产品,字节跳动招聘,校招,电商内容生态策略产品 - 抖音电商,https://jobs.bytedance.com/campus/position/7670896774942869765/detail,北京 | 上海
运营,字节跳动,2026-08-24T18:43:44+00:00,bytedance:7670896417674201349,2026-08-24T21:20:16+00:00,2026-08-06T12:37:07+00:00,运营,字节跳动招聘,校招,作者策略 - 抖音电商,https://jobs.bytedance.com/campus/position/7670896417674201349/detail,北京 | 上海
产品,字节跳动,2026-08-24T18:43:44+00:00,bytedance:7670894377506883845,2026-08-24T21:20:16+00:00,2026-08-06T12:30:50+00:00,产品经理,字节跳动招聘,校招,行业产品经理（B侧） - 抖音电商,https://jobs.bytedance.com/campus/position/7670894377506883845/detail,上海 | 北京
产品,字节跳动,2026-08-24T18:43:44+00:00,bytedance:7670887667560941829,2026-08-24T21:20:16+00:00,2026-08-06T12:02:25+00:00,产品,字节跳动招聘,实习,欧洲直播电商产品实习生 - TikTok Shop,https://jobs.bytedance.com/campus/position/7670887667560941829/detail,北京
市场,字节跳动,2026-08-24T18:43:44+00:00,bytedance:7670886127025457461,2026-08-24T21:20:16+00:00,2026-08-06T11:57:24+00:00,运营,字节跳动招聘,实习,平台营销活动实习生 - TikTok Shop,https://jobs.bytedance.com/campus/position/7670886127025457461/detail,上海
运营,字节跳动,2026-08-24T18:43:44+00:00,bytedance:7670885947814938933,2026-08-24T21:20:16+00:00,2026-08-06T11:56:41+00:00,运营,字节跳动招聘,实习,泰国IP活动运营实习生 - TikTok Shop,https://jobs.bytedance.com/campus/position/7670885947814938933/detail,上海
市场,字节跳动,2026-08-24T19:23:31+00:00,bytedance:7670878534311561525,2026-08-24T21:20:16+00:00,2026-08-06T11:29:38+00:00,PR,字节跳动招聘,实习,PR实习生 - 中国公共关系,https://jobs.bytedance.com/campus/position/7670878534311561525/detail,北京
产品,字节跳动,2026-08-24T18:43:44+00:00,bytedance:7670859744408701189,2026-08-24T21:20:16+00:00,2026-08-06T10:17:06+00:00,产品,字节跳动招聘,实习,产品实习生 - 抖音电商,https://jobs.bytedance.com/campus/position/7670859744408701189/detail,上海
职能,字节跳动,2026-08-24T18:43:44+00:00,bytedance:7670845062406621493,2026-08-24T21:20:16+00:00,2026-08-06T09:19:19+00:00,职能 / 支持,字节跳动招聘,实习,房产项目实习生 - Corporate Services,https://jobs.bytedance.com/campus/position/7670845062406621493/detail,北京
产品,字节跳动,2026-08-24T18:43:44+00:00,bytedance:7670815374104283445,2026-08-24T21:20:16+00:00,2026-08-06T07:22:03+00:00,产品经理,字节跳动招聘,校招,AI产品经理（安全方向） - AI创新业务,https://jobs.bytedance.com/campus/position/7670815374104283445/detail,北京 | 上海
运营,字节跳动,2026-08-24T18:43:44+00:00,bytedance:7670812032679168261,2026-08-24T21:20:16+00:00,2026-08-06T07:09:17+00:00,运营,字节跳动招聘,校招,平台产品运营经理 - 火山引擎,https://jobs.bytedance.com/campus/position/7670812032679168261/detail,深圳
产品,字节跳动,2026-08-24T18:43:44+00:00,bytedance:7670810001564240181,2026-08-24T21:20:16+00:00,2026-08-06T07:01:56+00:00,产品,字节跳动招聘,实习,产品实习生-TikTok,https://jobs.bytedance.com/campus/position/7670810001564240181/detail,上海
产品,字节跳动,2026-08-24T18:43:44+00:00,bytedance:7670802558391781637,2026-08-24T21:20:16+00:00,2026-08-06T06:33:34+00:00,游戏策划,字节跳动招聘,实习,游戏策划（回合制卡牌）实习生 - ZERO36工作室,https://jobs.bytedance.com/campus/position/7670802558391781637/detail,上海
销售,字节跳动,2026-08-24T18:43:44+00:00,bytedance:7670756030309435701,2026-08-24T21:20:16+00:00,2026-08-06T03:31:58+00:00,销售,字节跳动招聘,校招,服务商渠道经理 - 抖音生活服务,https://jobs.bytedance.com/campus/position/7670756030309435701/detail,北京 | 上海
销售,字节跳动,2026-08-24T18:43:44+00:00,bytedance:7670755843042642181,2026-08-24T21:20:16+00:00,2026-08-06T03:31:43+00:00,销售,字节跳动招聘,校招,服务商渠道经理 - 抖音生活服务,https://jobs.bytedance.com/campus/position/7670755843042642181/detail,北京
销售,字节跳动,2026-08-24T18:43:44+00:00,bytedance:7670755833004804405,2026-08-24T21:20:16+00:00,2026-08-06T03:31:30+00:00,销售,字节跳动招聘,校招,服务商渠道经理 - 抖音生活服务,https://jobs.bytedance.com/campus/position/7670755833004804405/detail,北京
销售,字节跳动,2026-08-24T18:43:44+00:00,bytedance:7670755718954682677,2026-08-24T21:20:16+00:00,2026-08-06T03:31:14+00:00,销售,字节跳动招聘,校招,服务商渠道经理 - 抖音生活服务,https://jobs.bytedance.com/campus/position/7670755718954682677/detail,成都 | 广州
销售,字节跳动,2026-08-24T18:43:44+00:00,bytedance:7670755463377979701,2026-08-24T21:20:16+00:00,2026-08-06T03:30:34+00:00,商业运营,字节跳动招聘,校招,销售运营 - 抖音生活服务,https://jobs.bytedance.com/campus/position/7670755463377979701/detail,北京
运营,字节跳动,2026-08-24T18:43:44+00:00,bytedance:7670755680085379381,2026-08-24T21:20:16+00:00,2026-08-06T03:30:00+00:00,商业运营,字节跳动招聘,校招,行业运营 - 抖音生活服务,https://jobs.bytedance.com/campus/position/7670755680085379381/detail,上海
运营,字节跳动,2026-08-24T18:43:44+00:00,bytedance:7670745043214256389,2026-08-24T21:20:16+00:00,2026-08-06T02:48:49+00:00,运营,字节跳动招聘,实习,追星娱乐运营实习生 - 抖音UGC,https://jobs.bytedance.com/campus/position/7670745043214256389/detail,北京
运营,字节跳动,2026-08-24T18:43:44+00:00,bytedance:7670743700485949749,2026-08-24T21:20:16+00:00,2026-08-06T02:43:51+00:00,运营,字节跳动招聘,校招,大模型安全训练 - 内容质量与数据服务平台,https://jobs.bytedance.com/campus/position/7670743700485949749/detail,成都
运营,字节跳动,2026-08-24T18:43:44+00:00,bytedance:7670740280920164661,2026-08-24T21:20:16+00:00,2026-08-06T02:31:32+00:00,运营,字节跳动招聘,校招,策略运营（剪映生态） - 内容质量与数据服务平台,https://jobs.bytedance.com/campus/position/7670740280920164661/detail,北京
产品,字节跳动,2026-08-24T18:43:44+00:00,bytedance:7670737438649944373,2026-08-24T21:20:16+00:00,2026-08-06T02:20:50+00:00,产品,字节跳动招聘,实习,体裁分发策略产品实习生 - 悟空浏览器,https://jobs.bytedance.com/campus/position/7670737438649944373/detail,北京
运营,字节跳动,2026-08-24T18:43:44+00:00,bytedance:7670577844986087685,2026-08-24T21:20:16+00:00,2026-08-05T15:59:57+00:00,运营,字节跳动招聘,校招,AI数据运营（模型运营方向） - TikTok,https://jobs.bytedance.com/campus/position/7670577844986087685/detail,上海
运营,字节跳动,2026-08-24T18:43:44+00:00,bytedance:7670576288127666437,2026-08-24T21:20:16+00:00,2026-08-05T15:57:56+00:00,运营,字节跳动招聘,校招,AI数据运营（用户体验方向） - TikTok,https://jobs.bytedance.com/campus/position/7670576288127666437/detail,上海
运营,字节跳动,2026-08-24T18:43:44+00:00,bytedance:7670576812528421125,2026-08-24T21:20:16+00:00,2026-08-05T15:55:46+00:00,运营,字节跳动招聘,校招,内容安全研判运营（英语方向） - TikTok,https://jobs.bytedance.com/campus/position/7670576812528421125/detail,上海
运营,字节跳动,2026-08-24T18:43:44+00:00,bytedance:7670576287066835205,2026-08-24T21:20:16+00:00,2026-08-05T15:53:57+00:00,运营,字节跳动招聘,校招,AI安全数据策略运营 - TikTok,https://jobs.bytedance.com/campus/position/7670576287066835205/detail,上海 | 北京
运营,字节跳动,2026-08-24T18:43:44+00:00,bytedance:7670575044343367941,2026-08-24T21:20:16+00:00,2026-08-05T15:48:52+00:00,运营,字节跳动招聘,校招,生态内容研判运营 - TikTok,https://jobs.bytedance.com/campus/position/7670575044343367941/detail,上海
运营,字节跳动,2026-08-24T18:43:44+00:00,bytedance:7670573605801019701,2026-08-24T21:20:16+00:00,2026-08-05T15:46:10+00:00,运营,字节跳动招聘,校招,AI数据运营业务分析师 - TikTok,https://jobs.bytedance.com/campus/position/7670573605801019701/detail,上海 | 北京
运营,字节跳动,2026-08-24T18:43:44+00:00,bytedance:7670571518624975109,2026-08-24T21:20:16+00:00,2026-08-05T15:43:17+00:00,运营,字节跳动招聘,校招,AI数据运营（PGC方向） - TikTok,https://jobs.bytedance.com/campus/position/7670571518624975109/detail,上海
运营,字节跳动,2026-08-24T18:43:44+00:00,bytedance:7670571088346433845,2026-08-24T21:20:16+00:00,2026-08-05T15:38:27+00:00,运营,字节跳动招聘,校招,AI数据运营（生态方向） - TikTok,https://jobs.bytedance.com/campus/position/7670571088346433845/detail,上海
运营,字节跳动,2026-08-24T18:43:44+00:00,bytedance:7670571644012349749,2026-08-24T21:20:16+00:00,2026-08-05T15:35:41+00:00,运营,字节跳动招聘,校招,AI数据运营（生态专项方向） - TikTok,https://jobs.bytedance.com/campus/position/7670571644012349749/detail,上海
运营,字节跳动,2026-08-24T18:43:44+00:00,bytedance:7670520869705648389,2026-08-24T21:20:16+00:00,2026-08-05T12:19:00+00:00,运营,字节跳动招聘,实习,拉美行业策略运营实习生 - TikTok Shop,https://jobs.bytedance.com/campus/position/7670520869705648389/detail,上海
产品,字节跳动,2026-08-24T18:43:44+00:00,bytedance:7670511784392739077,2026-08-24T21:20:16+00:00,2026-08-05T11:43:46+00:00,产品,字节跳动招聘,实习,蓝军研判策略产品（大模型方向）实习生-TikTok,https://jobs.bytedance.com/campus/position/7670511784392739077/detail,北京
运营,字节跳动,2026-08-24T18:43:44+00:00,bytedance:7670510013118662965,2026-08-24T21:20:16+00:00,2026-08-05T11:36:33+00:00,内容运营,字节跳动招聘,实习,策略运营实习生-TikTok,https://jobs.bytedance.com/campus/position/7670510013118662965/detail,北京
商业分析,字节跳动,2026-08-24T18:43:44+00:00,bytedance:7670503047868877109,2026-08-24T21:20:16+00:00,2026-08-05T11:12:08+00:00,运营,字节跳动招聘,实习,数据分析实习生 - TikTok Shop,https://jobs.bytedance.com/campus/position/7670503047868877109/detail,上海
运营,字节跳动,2026-08-24T18:43:44+00:00,bytedance:7670474509115771141,2026-08-24T21:20:16+00:00,2026-08-05T09:19:49+00:00,运营,字节跳动招聘,实习,东南亚用户策略运营实习生 - TikTok Shop,https://jobs.bytedance.com/campus/position/7670474509115771141/detail,上海
运营,字节跳动,2026-08-24T18:43:44+00:00,bytedance:7670470664525367605,2026-08-24T21:20:16+00:00,2026-08-05T09:06:43+00:00,运营,字节跳动招聘,实习,新加坡Non Fashion行业运营实习生 - TikTok Shop,https://jobs.bytedance.com/campus/position/7670470664525367605/detail,深圳
战略,字节跳动,2026-08-24T18:43:44+00:00,bytedance:7670465951632312629,2026-08-24T21:20:16+00:00,2026-08-05T08:45:29+00:00,战略,字节跳动招聘,校招,战略分析师 - Global Business Solutions,https://jobs.bytedance.com/campus/position/7670465951632312629/detail,北京
运营,字节跳动,2026-08-24T18:43:44+00:00,bytedance:7670453918902520069,2026-08-24T21:20:16+00:00,2026-08-05T07:59:02+00:00,运营,字节跳动招聘,校招,模型运营 - 内容质量与数据服务平台,https://jobs.bytedance.com/campus/position/7670453918902520069/detail,北京
运营,字节跳动,2026-08-24T18:43:44+00:00,bytedance:7670449603622275333,2026-08-24T21:20:16+00:00,2026-08-05T07:42:37+00:00,运营,字节跳动招聘,实习,越南商城策略实习生 - TikTok Shop,https://jobs.bytedance.com/campus/position/7670449603622275333/detail,上海
运营,字节跳动,2026-08-24T18:43:44+00:00,bytedance:7670446153388902661,2026-08-24T21:20:16+00:00,2026-08-05T07:29:17+00:00,运营,字节跳动招聘,实习,墨西哥全托管西语实习生 - TikTok Shop,https://jobs.bytedance.com/campus/position/7670446153388902661/detail,上海
产品,字节跳动,2026-08-24T18:43:44+00:00,bytedance:7670443664103786805,2026-08-24T21:20:16+00:00,2026-08-05T07:19:45+00:00,产品经理,字节跳动招聘,实习,AI产品实习生 - 数据平台,https://jobs.bytedance.com/campus/position/7670443664103786805/detail,上海 | 北京 | 杭州
运营,字节跳动,2026-08-24T18:43:44+00:00,bytedance:7670441921508575541,2026-08-24T21:20:16+00:00,2026-08-05T07:13:27+00:00,运营,字节跳动招聘,实习,印尼头部达人&MCN运营实习生 - TikTok Shop,https://jobs.bytedance.com/campus/position/7670441921508575541/detail,上海
运营,字节跳动,2026-08-24T18:43:44+00:00,bytedance:7670433249356761349,2026-08-24T21:20:16+00:00,2026-08-05T06:39:56+00:00,产品运营,字节跳动招聘,实习,运营（企业服务系统方向）实习生 - 集团信息系统,https://jobs.bytedance.com/campus/position/7670433249356761349/detail,北京
产品,字节跳动,2026-08-24T18:43:44+00:00,bytedance:7670428424163690757,2026-08-24T21:20:16+00:00,2026-08-05T06:21:55+00:00,产品,字节跳动招聘,校招,产品经理 - IT,https://jobs.bytedance.com/campus/position/7670428424163690757/detail,北京
运营,字节跳动,2026-08-24T18:43:44+00:00,bytedance:7670414313836906805,2026-08-24T21:20:16+00:00,2026-08-05T05:28:23+00:00,用户运营,字节跳动招聘,校招,账号运营（虚拟演员角色） - 红果短剧,https://jobs.bytedance.com/campus/position/7670414313836906805/detail,北京
运营,字节跳动,2026-08-24T18:43:44+00:00,bytedance:7670400241033365765,2026-08-24T21:20:16+00:00,2026-08-05T04:30:31+00:00,运营,字节跳动招聘,实习,用户运营（二次元&女性向游戏方向）实习生 - 抖音UGC,https://jobs.bytedance.com/campus/position/7670400241033365765/detail,北京
运营,字节跳动,2026-08-24T18:43:44+00:00,bytedance:7670384218747275525,2026-08-24T21:20:16+00:00,2026-08-05T03:30:49+00:00,PR,字节跳动招聘,实习,内容策划实习生 - 中国公共关系,https://jobs.bytedance.com/campus/position/7670384218747275525/detail,北京
商业分析,字节跳动,2026-08-24T18:43:44+00:00,bytedance:7670380275373263109,2026-08-24T21:20:16+00:00,2026-08-05T03:13:25+00:00,运营,字节跳动招聘,实习,经营分析实习生 - 抖音电商,https://jobs.bytedance.com/campus/position/7670380275373263109/detail,上海
运营,字节跳动,2026-08-24T18:43:44+00:00,bytedance:7670377804903549237,2026-08-24T21:20:16+00:00,2026-08-05T03:04:46+00:00,运营,字节跳动招聘,实习,东南亚跨境KA商家运营实习生 - TikTok Shop,https://jobs.bytedance.com/campus/position/7670377804903549237/detail,上海
运营,字节跳动,2026-08-24T18:43:44+00:00,bytedance:7670375943256754485,2026-08-24T21:20:16+00:00,2026-08-05T02:56:20+00:00,运营,字节跳动招聘,实习,生态治理策略实习生 - 内容质量与数据服务平台,https://jobs.bytedance.com/campus/position/7670375943256754485/detail,北京
商务,字节跳动,2026-08-24T18:43:44+00:00,bytedance:7670180490167109941,2026-08-24T21:20:16+00:00,2026-08-04T14:23:04+00:00,职能 / 支持,字节跳动招聘,校招,供应链商务管理专员 - AI算力基础设施,https://jobs.bytedance.com/campus/position/7670180490167109941/detail,北京
运营,字节跳动,2026-08-24T18:43:44+00:00,bytedance:7670162766154238261,2026-08-24T21:20:16+00:00,2026-08-04T13:13:01+00:00,运营,字节跳动招聘,实习,美妆行业买手实习生 - TikTok Shop,https://jobs.bytedance.com/campus/position/7670162766154238261/detail,深圳
运营,字节跳动,2026-08-24T18:43:44+00:00,bytedance:7670156313842075957,2026-08-24T21:20:16+00:00,2026-08-04T12:46:15+00:00,运营,字节跳动招聘,校招,图书教育电商运营 - 抖音电商,https://jobs.bytedance.com/campus/position/7670156313842075957/detail,上海
职能,字节跳动,2026-08-24T19:23:31+00:00,bytedance:7670143360515262773,2026-08-24T21:20:16+00:00,2026-08-04T11:56:36+00:00,IT支持,字节跳动招聘,校招,硬件资产管理 - IT,https://jobs.bytedance.com/campus/position/7670143360515262773/detail,北京
职能,字节跳动,2026-08-24T19:23:31+00:00,bytedance:7670140084751206661,2026-08-24T21:20:16+00:00,2026-08-04T11:44:12+00:00,IT支持,字节跳动招聘,校招,软件资产管理 - IT,https://jobs.bytedance.com/campus/position/7670140084751206661/detail,北京
运营,字节跳动,2026-08-24T18:43:44+00:00,bytedance:7670135991535814917,2026-08-24T21:20:16+00:00,2026-08-04T11:25:33+00:00,运营,字节跳动招聘,校招,服务策略运营（商家） - 体验与服务,https://jobs.bytedance.com/campus/position/7670135991535814917/detail,北京
增长,字节跳动,2026-08-24T18:43:44+00:00,bytedance:7670134818629912885,2026-08-24T21:20:16+00:00,2026-08-04T11:20:36+00:00,运营,字节跳动招聘,校招,商家增长运营 - 体验与服务,https://jobs.bytedance.com/campus/position/7670134818629912885/detail,北京
运营,字节跳动,2026-08-24T18:43:44+00:00,bytedance:7670133137049405749,2026-08-24T21:20:16+00:00,2026-08-04T11:15:10+00:00,运营,字节跳动招聘,校招,智能服务运营 - 体验与服务,https://jobs.bytedance.com/campus/position/7670133137049405749/detail,北京
运营,字节跳动,2026-08-24T18:43:44+00:00,bytedance:7670131986231183621,2026-08-24T21:20:16+00:00,2026-08-04T11:11:15+00:00,运营,字节跳动招聘,校招,主播策略运营 - 体验与服务,https://jobs.bytedance.com/campus/position/7670131986231183621/detail,北京
运营,字节跳动,2026-08-24T18:43:44+00:00,bytedance:7670130161032284469,2026-08-24T21:20:16+00:00,2026-08-04T11:06:48+00:00,运营,字节跳动招聘,校招,体验运营 - 体验与服务,https://jobs.bytedance.com/campus/position/7670130161032284469/detail,北京
运营,字节跳动,2026-08-24T18:43:44+00:00,bytedance:7670129595102071045,2026-08-24T21:20:16+00:00,2026-08-04T11:02:16+00:00,运营,字节跳动招聘,校招,体验运营 - 体验与服务,https://jobs.bytedance.com/campus/position/7670129595102071045/detail,北京
运营,字节跳动,2026-08-24T18:43:44+00:00,bytedance:7670127874443413765,2026-08-24T21:20:16+00:00,2026-08-04T10:58:01+00:00,运营,字节跳动招聘,校招,服务运营 - 体验与服务,https://jobs.bytedance.com/campus/position/7670127874443413765/detail,北京
增长,字节跳动,2026-08-24T18:43:44+00:00,bytedance:7670127830298757429,2026-08-24T21:20:16+00:00,2026-08-04T10:53:42+00:00,运营,字节跳动招聘,校招,创作者增长运营 - 体验与服务,https://jobs.bytedance.com/campus/position/7670127830298757429/detail,北京
产品,字节跳动,2026-08-24T18:43:44+00:00,bytedance:7670125919325227269,2026-08-24T21:20:16+00:00,2026-08-04T10:49:20+00:00,产品,字节跳动招聘,校招,产品经理 - 体验与服务,https://jobs.bytedance.com/campus/position/7670125919325227269/detail,北京
运营,字节跳动,2026-08-24T18:43:44+00:00,bytedance:7670124452865378565,2026-08-24T21:20:16+00:00,2026-08-04T10:45:15+00:00,运营,字节跳动招聘,校招,服务策略 - 体验与服务,https://jobs.bytedance.com/campus/position/7670124452865378565/detail,北京
运营,字节跳动,2026-08-24T18:43:44+00:00,bytedance:7670123780908124421,2026-08-24T21:20:16+00:00,2026-08-04T10:40:18+00:00,运营,字节跳动招聘,校招,体验运营 - 体验与服务,https://jobs.bytedance.com/campus/position/7670123780908124421/detail,北京
产品,字节跳动,2026-08-24T18:43:44+00:00,bytedance:7670118849173604661,2026-08-24T21:20:16+00:00,2026-08-04T10:19:32+00:00,产品,字节跳动招聘,校招,AI产品经理 - 体验与服务,https://jobs.bytedance.com/campus/position/7670118849173604661/detail,北京
商务,字节跳动,2026-08-24T18:43:44+00:00,bytedance:7670117873941661957,2026-08-24T21:20:16+00:00,2026-08-04T10:17:41+00:00,商业运营,字节跳动招聘,实习,商务运营实习生 - 飞书商业化,https://jobs.bytedance.com/campus/position/7670117873941661957/detail,北京
运营,字节跳动,2026-08-24T18:43:44+00:00,bytedance:7670116730651347205,2026-08-24T21:20:16+00:00,2026-08-04T10:10:55+00:00,运营,字节跳动招聘,校招,AI产品运营（C端） - 体验与服务,https://jobs.bytedance.com/campus/position/7670116730651347205/detail,北京
运营,字节跳动,2026-08-24T18:43:44+00:00,bytedance:7670112876828576005,2026-08-24T21:20:16+00:00,2026-08-04T09:56:48+00:00,运营,字节跳动招聘,实习,内容运营实习生 - 抖音直播,https://jobs.bytedance.com/campus/position/7670112876828576005/detail,北京
运营,字节跳动,2026-08-24T18:43:44+00:00,bytedance:7670111599429568773,2026-08-24T21:20:16+00:00,2026-08-04T09:51:24+00:00,运营,字节跳动招聘,实习,AI数据策略（Work-办公Agent）实习生 - AI数据与安全,https://jobs.bytedance.com/campus/position/7670111599429568773/detail,北京
运营,字节跳动,2026-08-24T18:43:44+00:00,bytedance:7670111432515864885,2026-08-24T21:20:16+00:00,2026-08-04T09:50:59+00:00,运营,字节跳动招聘,实习,AI数据运营（数据质量治理方向）实习生 - AI数据与安全,https://jobs.bytedance.com/campus/position/7670111432515864885/detail,北京
产品,字节跳动,2026-08-24T18:43:44+00:00,bytedance:7670111236810656005,2026-08-24T21:20:16+00:00,2026-08-04T09:49:19+00:00,产品经理,字节跳动招聘,校招,AI产品经理 - 飞书&豆包办公任务,https://jobs.bytedance.com/campus/position/7670111236810656005/detail,上海 | 杭州 | 北京
商务,字节跳动,2026-08-24T18:43:44+00:00,bytedance:7670110976465193221,2026-08-24T21:20:16+00:00,2026-08-04T09:48:53+00:00,商业运营,字节跳动招聘,校招,AI商业化策略运营 - 飞书商业运营与策略,https://jobs.bytedance.com/campus/position/7670110976465193221/detail,上海 | 北京
商务,字节跳动,2026-08-24T18:43:44+00:00,bytedance:7670110294513027381,2026-08-24T21:20:16+00:00,2026-08-04T09:47:08+00:00,产品经理,字节跳动招聘,校招,AI产品经理（商业化系统方向） - 飞书商业运营与策略,https://jobs.bytedance.com/campus/position/7670110294513027381/detail,上海 | 杭州 | 北京
运营,字节跳动,2026-08-24T18:43:44+00:00,bytedance:7670109968367995189,2026-08-24T21:20:16+00:00,2026-08-04T09:45:07+00:00,运营,字节跳动招聘,校招,治理与体验运营 - TikTok生活服务,https://jobs.bytedance.com/campus/position/7670109968367995189/detail,上海
运营,字节跳动,2026-08-24T18:43:44+00:00,bytedance:7670106080049613061,2026-08-24T21:20:16+00:00,2026-08-04T09:30:26+00:00,运营,字节跳动招聘,实习,AI数据策略（AI PPT方向）实习生 - AI数据与安全,https://jobs.bytedance.com/campus/position/7670106080049613061/detail,北京
运营,字节跳动,2026-08-24T18:43:44+00:00,bytedance:7670105238434531637,2026-08-24T21:20:16+00:00,2026-08-04T09:26:28+00:00,运营,字节跳动招聘,实习,美国FBT商家运营实习生 - TikTok Shop,https://jobs.bytedance.com/campus/position/7670105238434531637/detail,杭州
运营,字节跳动,2026-08-24T18:43:44+00:00,bytedance:7670096070607145221,2026-08-24T21:20:16+00:00,2026-08-04T08:51:31+00:00,运营,字节跳动招聘,实习,AI大模型应用能力评估实习生 - AI数据与安全,https://jobs.bytedance.com/campus/position/7670096070607145221/detail,北京
产品,字节跳动,2026-08-24T18:43:44+00:00,bytedance:7670095174950242613,2026-08-24T21:20:16+00:00,2026-08-04T08:49:44+00:00,产品,字节跳动招聘,校招,AI产品经理（AI平台产品方向） - 体验与服务,https://jobs.bytedance.com/campus/position/7670095174950242613/detail,北京
运营,字节跳动,2026-08-24T18:43:44+00:00,bytedance:7670095105617447173,2026-08-24T21:20:16+00:00,2026-08-04T08:49:07+00:00,运营,字节跳动招聘,实习,模型运营（数据标注）实习生 - 内容质量与数据服务平台,https://jobs.bytedance.com/campus/position/7670095105617447173/detail,北京 | 成都
运营,字节跳动,2026-08-24T18:43:44+00:00,bytedance:7670093518404323589,2026-08-24T21:20:16+00:00,2026-08-04T08:40:10+00:00,运营,字节跳动招聘,实习,达人运营实习生 - TikTok Shop,https://jobs.bytedance.com/campus/position/7670093518404323589/detail,深圳
运营,字节跳动,2026-08-24T18:43:44+00:00,bytedance:7670090515465734405,2026-08-24T21:20:16+00:00,2026-08-04T08:30:41+00:00,运营,字节跳动招聘,实习,AI大模型评估（生产力方向）实习生 - AI数据与安全,https://jobs.bytedance.com/campus/position/7670090515465734405/detail,北京
运营,字节跳动,2026-08-24T18:43:44+00:00,bytedance:7670087003329071413,2026-08-24T21:20:16+00:00,2026-08-04T08:15:53+00:00,运营,字节跳动招聘,实习,风险运营实习生 - 内容质量与数据服务平台,https://jobs.bytedance.com/campus/position/7670087003329071413/detail,北京
职能,字节跳动,2026-08-24T18:43:44+00:00,bytedance:7670073430421047557,2026-08-24T21:20:16+00:00,2026-08-04T07:23:29+00:00,采购,字节跳动招聘,校招,芯片供应链专员 - 芯片研发,https://jobs.bytedance.com/campus/position/7670073430421047557/detail,上海 | 北京
运营,字节跳动,2026-08-24T18:43:44+00:00,bytedance:7670073382789515525,2026-08-24T21:20:16+00:00,2026-08-04T07:22:55+00:00,运营,字节跳动招聘,实习,模型运营（生态治理）实习生 - 内容质量与数据服务平台,https://jobs.bytedance.com/campus/position/7670073382789515525/detail,北京
运营,字节跳动,2026-08-24T18:43:44+00:00,bytedance:7670072750149912837,2026-08-24T21:20:16+00:00,2026-08-04T07:21:02+00:00,运营,字节跳动招聘,实习,菲律宾策略运营实习生 - TikTok Shop,https://jobs.bytedance.com/campus/position/7670072750149912837/detail,上海
职能,字节跳动,2026-08-24T18:43:44+00:00,bytedance:7670065395530008885,2026-08-24T21:20:16+00:00,2026-08-04T06:51:16+00:00,产品经理,字节跳动招聘,校招,欺诈/安全策略分析师 - 财经业务,https://jobs.bytedance.com/campus/position/7670065395530008885/detail,北京
运营,字节跳动,2026-08-24T18:43:44+00:00,bytedance:7670057537026869557,2026-08-24T21:20:16+00:00,2026-08-04T06:21:07+00:00,运营,字节跳动招聘,实习,东南亚电商PH商品策略运营实习生 - TikTok Shop,https://jobs.bytedance.com/campus/position/7670057537026869557/detail,上海
战略,字节跳动,2026-08-24T18:43:44+00:00,bytedance:7670057173891991861,2026-08-24T21:20:16+00:00,2026-08-04T06:20:01+00:00,运营,字节跳动招聘,实习,战略与分析实习生 - TikTok Shop,https://jobs.bytedance.com/campus/position/7670057173891991861/detail,上海
产品,字节跳动,2026-08-24T18:43:44+00:00,bytedance:7670046491373504821,2026-08-24T21:20:16+00:00,2026-08-04T05:39:38+00:00,产品经理,字节跳动招聘,实习,独立端产品实习生 - 抖音社交与互动,https://jobs.bytedance.com/campus/position/7670046491373504821/detail,深圳
运营,字节跳动,2026-08-24T18:43:44+00:00,bytedance:7670040256805652789,2026-08-24T21:20:16+00:00,2026-08-04T05:19:16+00:00,运营,字节跳动招聘,实习,US商家内容中台直播实习生 - TikTok Shop,https://jobs.bytedance.com/campus/position/7670040256805652789/detail,上海
商业分析,字节跳动,2026-08-24T18:43:44+00:00,bytedance:7670038866590976261,2026-08-24T21:20:16+00:00,2026-08-04T05:08:26+00:00,产品运营,字节跳动招聘,实习,商业分析实习生 - Pangle,https://jobs.bytedance.com/campus/position/7670038866590976261/detail,北京
产品,字节跳动,2026-08-24T18:43:44+00:00,bytedance:7670026397909387573,2026-08-24T21:20:16+00:00,2026-08-04T04:20:51+00:00,产品,字节跳动招聘,实习,AI产品实习生 - 泛抖音,https://jobs.bytedance.com/campus/position/7670026397909387573/detail,杭州 | 北京
运营,字节跳动,2026-08-24T18:43:44+00:00,bytedance:7670021113314085125,2026-08-24T21:20:16+00:00,2026-08-04T04:01:34+00:00,运营,字节跳动招聘,实习,AI数据运营实习生（Memory方向） - AI数据与安全,https://jobs.bytedance.com/campus/position/7670021113314085125/detail,北京
运营,字节跳动,2026-08-24T18:43:44+00:00,bytedance:7670019369361852677,2026-08-24T21:20:16+00:00,2026-08-04T03:54:56+00:00,运营,字节跳动招聘,实习,AI数据运营实习生（意图FC方向） - AI数据与安全,https://jobs.bytedance.com/campus/position/7670019369361852677/detail,北京
产品,字节跳动,2026-08-24T18:43:44+00:00,bytedance:7670016407059040517,2026-08-24T21:20:16+00:00,2026-08-04T03:42:31+00:00,产品经理,字节跳动招聘,校招,大模型产品经理 - 数据平台,https://jobs.bytedance.com/campus/position/7670016407059040517/detail,北京 | 杭州 | 上海
产品,字节跳动,2026-08-24T18:43:44+00:00,bytedance:7670015754113206581,2026-08-24T21:20:16+00:00,2026-08-04T03:39:43+00:00,产品,字节跳动招聘,实习,大模型策略产品实习生 - 豆包,https://jobs.bytedance.com/campus/position/7670015754113206581/detail,北京
运营,字节跳动,2026-08-24T18:43:44+00:00,bytedance:7670011255843653893,2026-08-24T21:20:16+00:00,2026-08-04T03:22:31+00:00,运营,字节跳动招聘,实习,语音大模型小语种运营实习生（印尼语/葡萄牙语） - Data语音,https://jobs.bytedance.com/campus/position/7670011255843653893/detail,北京
产品,字节跳动,2026-08-24T18:43:44+00:00,bytedance:7670005064061012229,2026-08-24T21:20:16+00:00,2026-08-04T02:58:19+00:00,产品经理,字节跳动招聘,校招,AI产品经理 - 抖音生活服务,https://jobs.bytedance.com/campus/position/7670005064061012229/detail,上海 | 北京
运营,字节跳动,2026-08-24T18:43:44+00:00,bytedance:7670003908269328693,2026-08-24T21:20:16+00:00,2026-08-04T02:52:41+00:00,运营,字节跳动招聘,实习,小语种运营（法语）实习生 - Data语音,https://jobs.bytedance.com/campus/position/7670003908269328693/detail,上海
商业分析,字节跳动,2026-08-24T18:43:44+00:00,bytedance:7669997546949577013,2026-08-24T21:20:16+00:00,2026-08-04T02:28:33+00:00,运营,字节跳动招聘,实习,商业分析实习生-TikTok直播,https://jobs.bytedance.com/campus/position/7669997546949577013/detail,北京 | 上海
产品,字节跳动,2026-08-24T18:43:44+00:00,bytedance:7669996401640835333,2026-08-24T21:20:16+00:00,2026-08-04T02:25:10+00:00,产品,字节跳动招聘,实习,商家产品实习生 - 抖音电商,https://jobs.bytedance.com/campus/position/7669996401640835333/detail,上海
运营,字节跳动,2026-08-24T18:43:44+00:00,bytedance:7669995692425758981,2026-08-24T21:20:16+00:00,2026-08-04T02:22:13+00:00,运营,字节跳动招聘,实习,履约服务商运营（安装方向）实习生 - 抖音电商,https://jobs.bytedance.com/campus/position/7669995692425758981/detail,上海
运营,字节跳动,2026-08-24T18:43:44+00:00,bytedance:7669995240446789941,2026-08-24T21:20:16+00:00,2026-08-04T02:19:55+00:00,运营,字节跳动招聘,实习,LATAM商家服务运营实习生 - TikTok Shop,https://jobs.bytedance.com/campus/position/7669995240446789941/detail,上海
产品,字节跳动,2026-08-24T18:43:44+00:00,bytedance:7669994408255326517,2026-08-24T21:20:16+00:00,2026-08-04T02:16:37+00:00,产品,字节跳动招聘,实习,推荐产品实习生 - 抖音电商,https://jobs.bytedance.com/campus/position/7669994408255326517/detail,上海
战略,字节跳动,2026-08-24T18:43:44+00:00,bytedance:7669800314486245637,2026-08-24T21:20:16+00:00,2026-08-03T13:44:54+00:00,运营,字节跳动招聘,校招,战略商业分析师 - 抖音电商,https://jobs.bytedance.com/campus/position/7669800314486245637/detail,上海
运营,字节跳动,2026-08-24T18:43:44+00:00,bytedance:7669776435573672197,2026-08-24T21:20:16+00:00,2026-08-03T12:10:07+00:00,运营,字节跳动招聘,实习,菲律宾机构运营实习生 - TikTok Shop,https://jobs.bytedance.com/campus/position/7669776435573672197/detail,深圳
产品,字节跳动,2026-08-24T18:43:44+00:00,bytedance:7669768445164996869,2026-08-24T21:20:16+00:00,2026-08-03T11:39:17+00:00,产品,字节跳动招聘,校招,AI产品经理（搜索方向） - 抖音搜索,https://jobs.bytedance.com/campus/position/7669768445164996869/detail,上海 | 北京 | 杭州
运营,字节跳动,2026-08-24T18:43:44+00:00,bytedance:7669763702325299461,2026-08-24T21:20:16+00:00,2026-08-03T11:22:39+00:00,运营,字节跳动招聘,校招,模型运营（生态治理） - 内容质量与数据服务平台,https://jobs.bytedance.com/campus/position/7669763702325299461/detail,北京
运营,字节跳动,2026-08-24T18:43:44+00:00,bytedance:7669761075718359349,2026-08-24T21:20:16+00:00,2026-08-03T11:13:05+00:00,运营,字节跳动招聘,实习,直播策略运营实习生 - 内容质量与数据服务平台,https://jobs.bytedance.com/campus/position/7669761075718359349/detail,济南
运营,字节跳动,2026-08-24T18:43:44+00:00,bytedance:7669760101607180597,2026-08-24T21:20:16+00:00,2026-08-03T11:08:24+00:00,运营,字节跳动招聘,校招,美护亲子萌宠行业运营 - 抖音电商,https://jobs.bytedance.com/campus/position/7669760101607180597/detail,上海
产品,字节跳动,2026-08-24T19:23:31+00:00,bytedance:7669757119566514485,2026-08-24T21:20:16+00:00,2026-08-03T10:59:59+00:00,游戏数值策划,字节跳动招聘,校招,游戏数值策划 - ZERO36工作室,https://jobs.bytedance.com/campus/position/7669757119566514485/detail,上海
产品,字节跳动,2026-08-24T19:23:31+00:00,bytedance:7669756763692960053,2026-08-24T21:20:16+00:00,2026-08-03T10:57:14+00:00,游戏数值策划,字节跳动招聘,校招,游戏战斗策划 - ZERO36工作室,https://jobs.bytedance.com/campus/position/7669756763692960053/detail,上海
运营,字节跳动,2026-08-24T18:43:44+00:00,bytedance:7669756085721270533,2026-08-24T21:20:16+00:00,2026-08-03T10:54:45+00:00,运营,字节跳动招聘,实习,小语种运营（语音大模型）实习生 - Data语音,https://jobs.bytedance.com/campus/position/7669756085721270533/detail,北京 | 上海
产品,字节跳动,2026-08-24T19:23:31+00:00,bytedance:7669756083461327109,2026-08-24T21:20:16+00:00,2026-08-03T10:54:17+00:00,游戏系统策划,字节跳动招聘,校招,游戏关卡策划 - ZERO36工作室,https://jobs.bytedance.com/campus/position/7669756083461327109/detail,上海
运营,字节跳动,2026-08-24T18:43:44+00:00,bytedance:7669756082781079861,2026-08-24T21:20:16+00:00,2026-08-03T10:50:44+00:00,运营,字节跳动招聘,实习,模型训练与运维（直播安全方向）实习生 - 内容质量与数据服务平台,https://jobs.bytedance.com/campus/position/7669756082781079861/detail,北京
运营,字节跳动,2026-08-24T18:43:44+00:00,bytedance:7669753481217231157,2026-08-24T21:20:16+00:00,2026-08-03T10:42:16+00:00,运营,字节跳动招聘,实习,大模型应用实习生 - 内容质量与数据服务平台,https://jobs.bytedance.com/campus/position/7669753481217231157/detail,北京
运营,字节跳动,2026-08-24T18:43:44+00:00,bytedance:7669748788718504197,2026-08-24T21:20:16+00:00,2026-08-03T10:24:48+00:00,运营,字节跳动招聘,校招,搜索安全策略运营 - 内容质量与数据服务平台,https://jobs.bytedance.com/campus/position/7669748788718504197/detail,北京
运营,字节跳动,2026-08-24T18:43:44+00:00,bytedance:7669741093433215285,2026-08-24T21:20:16+00:00,2026-08-03T09:52:59+00:00,运营,字节跳动招聘,实习,EU/UK POP商家策略运营实习生 - TikTok Shop,https://jobs.bytedance.com/campus/position/7669741093433215285/detail,深圳
产品,字节跳动,2026-08-24T18:43:44+00:00,bytedance:7669734885844240645,2026-08-24T21:20:16+00:00,2026-08-03T09:28:45+00:00,产品,字节跳动招聘,校招,AI产品经理（数据方向） - 风控,https://jobs.bytedance.com/campus/position/7669734885844240645/detail,杭州 | 北京
产品,字节跳动,2026-08-24T18:43:44+00:00,bytedance:7669733095578716469,2026-08-24T21:20:16+00:00,2026-08-03T09:21:55+00:00,产品,字节跳动招聘,校招,风险情报分析产品经理 - 风控,https://jobs.bytedance.com/campus/position/7669733095578716469/detail,杭州 | 北京
运营,字节跳动,2026-08-24T18:43:44+00:00,bytedance:7669733000756529413,2026-08-24T21:20:16+00:00,2026-08-03T09:21:21+00:00,运营,字节跳动招聘,校招,内容安全研判运营（韩语方向） - TikTok,https://jobs.bytedance.com/campus/position/7669733000756529413/detail,上海
运营,字节跳动,2026-08-24T18:43:44+00:00,bytedance:7669725381667211525,2026-08-24T21:20:16+00:00,2026-08-03T08:53:49+00:00,运营,字节跳动招聘,校招,治理策略运营 - 抖音电商,https://jobs.bytedance.com/campus/position/7669725381667211525/detail,上海 | 北京
产品,字节跳动,2026-08-24T19:23:31+00:00,bytedance:7669723691584194821,2026-08-24T21:20:16+00:00,2026-08-03T08:45:28+00:00,游戏数值策划,字节跳动招聘,校招,游戏战斗策划（PVE射击游戏） - 深圳射击项目,https://jobs.bytedance.com/campus/position/7669723691584194821/detail,深圳
产品,字节跳动,2026-08-24T19:23:31+00:00,bytedance:7669723503123220741,2026-08-24T21:20:16+00:00,2026-08-03T08:44:48+00:00,游戏系统策划,字节跳动招聘,校招,游戏系统策划（PVE射击游戏） - 深圳射击项目,https://jobs.bytedance.com/campus/position/7669723503123220741/detail,深圳
产品,字节跳动,2026-08-24T19:23:31+00:00,bytedance:7669723503433959685,2026-08-24T21:20:16+00:00,2026-08-03T08:44:33+00:00,游戏数值策划,字节跳动招聘,校招,游戏怪物策划（PVE射击游戏） - 深圳射击项目,https://jobs.bytedance.com/campus/position/7669723503433959685/detail,深圳
产品,字节跳动,2026-08-24T19:23:31+00:00,bytedance:7669723134733502725,2026-08-24T21:20:16+00:00,2026-08-03T08:44:15+00:00,游戏系统策划,字节跳动招聘,校招,游戏关卡策划（PVE射击游戏） - 深圳射击项目,https://jobs.bytedance.com/campus/position/7669723134733502725/detail,深圳
产品,字节跳动,2026-08-24T19:23:31+00:00,bytedance:7669722963026413829,2026-08-24T21:20:16+00:00,2026-08-03T08:43:59+00:00,游戏数值策划,字节跳动招聘,校招,游戏英雄策划（PVE射击游戏） - 深圳射击项目,https://jobs.bytedance.com/campus/position/7669722963026413829/detail,深圳
设计,字节跳动,2026-08-24T18:43:44+00:00,bytedance:7669721500454275381,2026-08-24T21:20:16+00:00,2026-08-03T08:37:13+00:00,游戏美术,字节跳动招聘,校招,游戏UE交互设计师 - 深圳射击项目,https://jobs.bytedance.com/campus/position/7669721500454275381/detail,深圳
设计,字节跳动,2026-08-24T18:43:44+00:00,bytedance:7669721412357540101,2026-08-24T21:20:16+00:00,2026-08-03T08:36:36+00:00,游戏美术,字节跳动招聘,校招,游戏UI美术设计师 - 深圳射击项目,https://jobs.bytedance.com/campus/position/7669721412357540101/detail,深圳
设计,字节跳动,2026-08-24T18:43:44+00:00,bytedance:7669721412320676149,2026-08-24T21:20:16+00:00,2026-08-03T08:36:16+00:00,游戏美术,字节跳动招聘,校招,游戏硬表面原画设计师 - 深圳射击项目,https://jobs.bytedance.com/campus/position/7669721412320676149/detail,深圳
设计,字节跳动,2026-08-24T18:43:44+00:00,bytedance:7669721337862687029,2026-08-24T21:20:16+00:00,2026-08-03T08:35:56+00:00,游戏美术,字节跳动招聘,校招,游戏场景原画设计师 - 深圳射击项目,https://jobs.bytedance.com/campus/position/7669721337862687029/detail,深圳
产品,字节跳动,2026-08-24T18:43:44+00:00,bytedance:7669720483260647733,2026-08-24T21:20:16+00:00,2026-08-03T08:34:21+00:00,项目管理,字节跳动招聘,校招,游戏研发特性产品经理 - 深圳射击项目,https://jobs.bytedance.com/campus/position/7669720483260647733/detail,深圳
运营,字节跳动,2026-08-24T18:43:44+00:00,bytedance:7669720537132599605,2026-08-24T21:20:16+00:00,2026-08-03T08:33:42+00:00,游戏运营,字节跳动招聘,校招,游戏运营 - 深圳射击项目,https://jobs.bytedance.com/campus/position/7669720537132599605/detail,深圳
产品,字节跳动,2026-08-24T19:23:31+00:00,bytedance:7669719582702586117,2026-08-24T21:20:16+00:00,2026-08-03T08:31:08+00:00,游戏系统策划,字节跳动招聘,校招,休闲游戏系统策划 - 绿洲工作室,https://jobs.bytedance.com/campus/position/7669719582702586117/detail,北京
设计,字节跳动,2026-08-24T18:43:44+00:00,bytedance:7669719447934716213,2026-08-24T21:20:16+00:00,2026-08-03T08:30:31+00:00,游戏美术,字节跳动招聘,校招,游戏编导分镜设计师 - ZERO36工作室,https://jobs.bytedance.com/campus/position/7669719447934716213/detail,上海
设计,字节跳动,2026-08-24T18:43:44+00:00,bytedance:7669718995377719605,2026-08-24T21:20:16+00:00,2026-08-03T08:27:07+00:00,游戏美术,字节跳动招聘,校招,游戏UI设计师 - ZERO36工作室,https://jobs.bytedance.com/campus/position/7669718995377719605/detail,上海
产品,字节跳动,2026-08-24T19:23:31+00:00,bytedance:7669716879779547445,2026-08-24T21:20:16+00:00,2026-08-03T08:19:14+00:00,游戏系统策划,字节跳动招聘,校招,游戏战斗策划（搜打撤） - 绿洲工作室,https://jobs.bytedance.com/campus/position/7669716879779547445/detail,北京
产品,字节跳动,2026-08-24T19:23:31+00:00,bytedance:7669716936419297589,2026-08-24T21:20:16+00:00,2026-08-03T08:18:50+00:00,游戏系统策划,字节跳动招聘,校招,游戏文案策划（搜打撤） - 绿洲工作室,https://jobs.bytedance.com/campus/position/7669716936419297589/detail,北京
产品,字节跳动,2026-08-24T19:23:31+00:00,bytedance:7669716620106107141,2026-08-24T21:20:16+00:00,2026-08-03T08:17:55+00:00,游戏系统策划,字节跳动招聘,校招,游戏关卡策划（搜打撤） - 绿洲工作室,https://jobs.bytedance.com/campus/position/7669716620106107141/detail,北京
产品,字节跳动,2026-08-24T19:23:31+00:00,bytedance:7669716592118352133,2026-08-24T21:20:16+00:00,2026-08-03T08:17:31+00:00,游戏系统策划,字节跳动招聘,校招,游戏系统数值策划（搜打撤） - 绿洲工作室,https://jobs.bytedance.com/campus/position/7669716592118352133/detail,北京
产品,字节跳动,2026-08-24T19:23:31+00:00,bytedance:7669715891878971653,2026-08-24T21:20:16+00:00,2026-08-03T08:14:56+00:00,游戏系统策划,字节跳动招聘,校招,游戏UE策划（搜打撤） - 绿洲工作室,https://jobs.bytedance.com/campus/position/7669715891878971653/detail,北京
运营,字节跳动,2026-08-24T18:43:44+00:00,bytedance:7669715540863207685,2026-08-24T21:20:16+00:00,2026-08-03T08:14:37+00:00,运营,字节跳动招聘,校招,治理策略运营 - 抖音电商,https://jobs.bytedance.com/campus/position/7669715540863207685/detail,上海 | 北京
设计,字节跳动,2026-08-24T18:43:44+00:00,bytedance:7669713775031748869,2026-08-24T21:20:16+00:00,2026-08-03T08:08:40+00:00,游戏美术,字节跳动招聘,校招,游戏角色原画设计师 - Glow Studio,https://jobs.bytedance.com/campus/position/7669713775031748869/detail,广州
增长,字节跳动,2026-08-24T18:43:44+00:00,bytedance:7669713389022791989,2026-08-24T21:20:16+00:00,2026-08-03T08:06:21+00:00,运营,字节跳动招聘,校招,增长运营经理 - 今日头条,https://jobs.bytedance.com/campus/position/7669713389022791989/detail,北京
增长,字节跳动,2026-08-24T18:43:44+00:00,bytedance:7669713090942716165,2026-08-24T21:20:16+00:00,2026-08-03T08:04:59+00:00,产品经理,字节跳动招聘,校招,增长策略产品 - 今日头条,https://jobs.bytedance.com/campus/position/7669713090942716165/detail,北京
商业分析,字节跳动,2026-08-24T19:23:31+00:00,bytedance:7669712338309089589,2026-08-24T21:20:16+00:00,2026-08-03T08:01:09+00:00,数据分析,字节跳动招聘,校招,数据分析师 - 今日头条,https://jobs.bytedance.com/campus/position/7669712338309089589/detail,北京
增长,字节跳动,2026-08-24T18:43:44+00:00,bytedance:7669711027556305157,2026-08-24T21:20:16+00:00,2026-08-03T07:57:06+00:00,产品,字节跳动招聘,校招,B端增长平台产品经理 - 番茄小说,https://jobs.bytedance.com/campus/position/7669711027556305157/detail,北京
运营,字节跳动,2026-08-24T18:43:44+00:00,bytedance:7669711027172804917,2026-08-24T21:20:16+00:00,2026-08-03T07:56:45+00:00,运营,字节跳动招聘,实习,东南亚电商PH商城策略运营实习生 - TikTok Shop,https://jobs.bytedance.com/campus/position/7669711027172804917/detail,上海
增长,字节跳动,2026-08-24T18:43:44+00:00,bytedance:7669710776109730101,2026-08-24T21:20:16+00:00,2026-08-03T07:55:16+00:00,产品运营,字节跳动招聘,校招,增长营销经理 - 番茄小说,https://jobs.bytedance.com/campus/position/7669710776109730101/detail,北京
运营,字节跳动,2026-08-24T18:43:44+00:00,bytedance:7669709449758345525,2026-08-24T21:20:16+00:00,2026-08-03T07:52:05+00:00,产品运营,字节跳动招聘,校招,素材策略运营 - 番茄小说,https://jobs.bytedance.com/campus/position/7669709449758345525/detail,北京
增长,字节跳动,2026-08-24T18:43:44+00:00,bytedance:7669708955290994997,2026-08-24T21:20:16+00:00,2026-08-03T07:48:56+00:00,产品经理,字节跳动招聘,校招,激励增长产品经理 - 番茄小说,https://jobs.bytedance.com/campus/position/7669708955290994997/detail,北京
商业分析,字节跳动,2026-08-24T19:23:31+00:00,bytedance:7669707798918007045,2026-08-24T21:20:16+00:00,2026-08-03T07:44:32+00:00,数据分析,字节跳动招聘,校招,数据分析师 - 番茄小说,https://jobs.bytedance.com/campus/position/7669707798918007045/detail,北京
产品,字节跳动,2026-08-24T18:43:44+00:00,bytedance:7669706686816569605,2026-08-24T21:20:16+00:00,2026-08-03T07:41:13+00:00,产品,字节跳动招聘,校招,分发策略产品经理 - 番茄小说,https://jobs.bytedance.com/campus/position/7669706686816569605/detail,北京
运营,字节跳动,2026-08-24T18:43:44+00:00,bytedance:7669705641476344117,2026-08-24T21:20:16+00:00,2026-08-03T07:35:47+00:00,运营,字节跳动招聘,实习,产品运营实习生 - 业务中台,https://jobs.bytedance.com/campus/position/7669705641476344117/detail,上海
运营,字节跳动,2026-08-24T18:43:44+00:00,bytedance:7669705526162852149,2026-08-24T21:20:16+00:00,2026-08-03T07:35:36+00:00,职能 / 支持,字节跳动招聘,校招,物理安全运营管理 - Corporate Services,https://jobs.bytedance.com/campus/position/7669705526162852149/detail,北京 | 上海
运营,字节跳动,2026-08-24T18:43:44+00:00,bytedance:7669703921591175429,2026-08-24T21:20:16+00:00,2026-08-03T07:29:50+00:00,运营,字节跳动招聘,实习,安全策略运营实习生 - 内容质量与数据服务平台,https://jobs.bytedance.com/campus/position/7669703921591175429/detail,北京
设计,字节跳动,2026-08-24T18:43:44+00:00,bytedance:7669703464071596341,2026-08-24T21:20:16+00:00,2026-08-03T07:27:36+00:00,产品经理,字节跳动招聘,校招,People产品设计 - 集团信息系统,https://jobs.bytedance.com/campus/position/7669703464071596341/detail,北京
运营,字节跳动,2026-08-24T18:43:44+00:00,bytedance:7669700804584261941,2026-08-24T21:20:16+00:00,2026-08-03T07:16:36+00:00,运营,字节跳动招聘,实习,流量策略运营实习生 - TikTok Shop,https://jobs.bytedance.com/campus/position/7669700804584261941/detail,上海
运营,字节跳动,2026-08-24T18:43:44+00:00,bytedance:7669700354150533429,2026-08-24T21:20:16+00:00,2026-08-03T07:15:31+00:00,运营,字节跳动招聘,校招,AI数据运营业务分析师 - TikTok,https://jobs.bytedance.com/campus/position/7669700354150533429/detail,北京
商业分析,字节跳动,2026-08-24T18:43:44+00:00,bytedance:7669698605365709061,2026-08-24T21:20:16+00:00,2026-08-03T07:08:58+00:00,运营,字节跳动招聘,校招,经营分析 - 抖音电商,https://jobs.bytedance.com/campus/position/7669698605365709061/detail,上海
运营,字节跳动,2026-08-24T18:43:44+00:00,bytedance:7669698648992909621,2026-08-24T21:20:16+00:00,2026-08-03T07:08:28+00:00,运营,字节跳动招聘,校招,陶瓷行业运营 - 抖音电商,https://jobs.bytedance.com/campus/position/7669698648992909621/detail,上海
运营,字节跳动,2026-08-24T18:43:44+00:00,bytedance:7669698648992745781,2026-08-24T21:20:16+00:00,2026-08-03T07:08:27+00:00,运营,字节跳动招聘,实习,兴趣热点策划运营实习生 - 抖音内容运营,https://jobs.bytedance.com/campus/position/7669698648992745781/detail,北京
运营,字节跳动,2026-08-24T18:43:44+00:00,bytedance:7669698543337097477,2026-08-24T21:20:16+00:00,2026-08-03T07:08:05+00:00,运营,字节跳动招聘,校招,木作文玩行业运营 - 抖音电商,https://jobs.bytedance.com/campus/position/7669698543337097477/detail,上海
运营,字节跳动,2026-08-24T18:43:44+00:00,bytedance:7669698519996860725,2026-08-24T21:20:16+00:00,2026-08-03T07:07:37+00:00,运营,字节跳动招聘,校招,滋补行业运营 - 抖音电商,https://jobs.bytedance.com/campus/position/7669698519996860725/detail,上海
运营,字节跳动,2026-08-24T18:43:44+00:00,bytedance:7669697495853238581,2026-08-24T21:20:16+00:00,2026-08-03T07:05:19+00:00,产品运营,字节跳动招聘,校招,直播产品运营 - TikTok直播,https://jobs.bytedance.com/campus/position/7669697495853238581/detail,北京
运营,字节跳动,2026-08-24T18:43:44+00:00,bytedance:7669697357131286789,2026-08-24T21:20:16+00:00,2026-08-03T07:03:32+00:00,运营,字节跳动招聘,校招,PUSH运营（策略运营方向） - 内容质量与数据服务平台,https://jobs.bytedance.com/campus/position/7669697357131286789/detail,北京
运营,字节跳动,2026-08-24T18:43:44+00:00,bytedance:7669697225810954501,2026-08-24T21:20:16+00:00,2026-08-03T07:03:16+00:00,运营,字节跳动招聘,校招,模型运营 - TikTok,https://jobs.bytedance.com/campus/position/7669697225810954501/detail,北京
产品,字节跳动,2026-08-24T18:43:44+00:00,bytedance:7669696122201868597,2026-08-24T21:20:16+00:00,2026-08-03T06:59:40+00:00,产品,字节跳动招聘,校招,短剧产品经理 - 抖音短剧,https://jobs.bytedance.com/campus/position/7669696122201868597/detail,北京
运营,字节跳动,2026-08-24T18:43:44+00:00,bytedance:7669696283721074949,2026-08-24T21:20:16+00:00,2026-08-03T06:58:41+00:00,产品运营,字节跳动招聘,校招,AI技术运营 - TikTok,https://jobs.bytedance.com/campus/position/7669696283721074949/detail,北京 | 上海
运营,字节跳动,2026-08-24T18:43:44+00:00,bytedance:7669695267839117621,2026-08-24T21:20:16+00:00,2026-08-03T06:55:05+00:00,运营,字节跳动招聘,校招,大模型应用（评论方向） - 内容质量与数据服务平台,https://jobs.bytedance.com/campus/position/7669695267839117621/detail,北京
产品,字节跳动,2026-08-24T18:43:44+00:00,bytedance:7669694620138260789,2026-08-24T21:20:16+00:00,2026-08-03T06:52:55+00:00,产品经理,字节跳动招聘,校招,策略产品经理 - TikTok直播,https://jobs.bytedance.com/campus/position/7669694620138260789/detail,北京
产品,字节跳动,2026-08-24T18:43:44+00:00,bytedance:7669694537530362117,2026-08-24T21:20:16+00:00,2026-08-03T06:52:28+00:00,产品经理,字节跳动招聘,校招,AI产品经理 - TikTok直播,https://jobs.bytedance.com/campus/position/7669694537530362117/detail,北京
产品,字节跳动,2026-08-24T18:43:44+00:00,bytedance:7669694035130697989,2026-08-24T21:20:16+00:00,2026-08-03T06:51:37+00:00,产品经理,字节跳动招聘,校招,AI产品经理 - TikTok直播,https://jobs.bytedance.com/campus/position/7669694035130697989/detail,北京 | 上海
产品,字节跳动,2026-08-24T18:43:44+00:00,bytedance:7669694035128371461,2026-08-24T21:20:16+00:00,2026-08-03T06:51:06+00:00,产品经理,字节跳动招聘,校招,用户产品经理 - 西瓜视频,https://jobs.bytedance.com/campus/position/7669694035128371461/detail,北京
产品,字节跳动,2026-08-24T18:43:44+00:00,bytedance:7669693827938420997,2026-08-24T21:20:16+00:00,2026-08-03T06:50:11+00:00,产品经理,字节跳动招聘,校招,AI产品经理 - TikTok直播,https://jobs.bytedance.com/campus/position/7669693827938420997/detail,上海
运营,字节跳动,2026-08-24T18:43:44+00:00,bytedance:7669693827432974597,2026-08-24T21:20:16+00:00,2026-08-03T06:49:46+00:00,运营,字节跳动招聘,校招,内容策略运营 - 今日头条,https://jobs.bytedance.com/campus/position/7669693827432974597/detail,北京
商务,字节跳动,2026-08-24T18:43:44+00:00,bytedance:7669693515362289925,2026-08-24T21:20:16+00:00,2026-08-03T06:49:39+00:00,运营,字节跳动招聘,校招,大模型应用（商业化方向） - 内容质量与数据服务平台,https://jobs.bytedance.com/campus/position/7669693515362289925/detail,北京
运营,字节跳动,2026-08-24T18:43:44+00:00,bytedance:7669693235541756165,2026-08-24T21:20:16+00:00,2026-08-03T06:48:53+00:00,内容运营,字节跳动招聘,校招,创作者运营（音乐方向） - 番茄小说,https://jobs.bytedance.com/campus/position/7669693235541756165/detail,北京
运营,字节跳动,2026-08-24T18:43:44+00:00,bytedance:7669693454616316213,2026-08-24T21:20:16+00:00,2026-08-03T06:48:27+00:00,运营,字节跳动招聘,校招,电商搜索产品运营 - 内容质量与数据服务平台,https://jobs.bytedance.com/campus/position/7669693454616316213/detail,北京
运营,字节跳动,2026-08-24T18:43:44+00:00,bytedance:7669693155660417285,2026-08-24T21:20:16+00:00,2026-08-03T06:47:46+00:00,内容运营,字节跳动招聘,校招,活动运营 - 番茄小说,https://jobs.bytedance.com/campus/position/7669693155660417285/detail,北京
运营,字节跳动,2026-08-24T18:43:44+00:00,bytedance:7669693016471226629,2026-08-24T21:20:16+00:00,2026-08-03T06:46:42+00:00,内容运营,字节跳动招聘,校招,网文编辑 - 番茄小说,https://jobs.bytedance.com/campus/position/7669693016471226629/detail,北京
商务,字节跳动,2026-08-24T18:43:44+00:00,bytedance:7669692124774369589,2026-08-24T21:20:16+00:00,2026-08-03T06:42:52+00:00,运营,字节跳动招聘,校招,行业运营（美妆日化） - 商业化,https://jobs.bytedance.com/campus/position/7669692124774369589/detail,上海 | 广州 | 杭州
商务,字节跳动,2026-08-24T18:43:44+00:00,bytedance:7669692100606806277,2026-08-24T21:20:16+00:00,2026-08-03T06:42:32+00:00,运营,字节跳动招聘,校招,行业运营（食饮家居） - 商业化,https://jobs.bytedance.com/campus/position/7669692100606806277/detail,北京 | 上海 | 杭州
商业分析,字节跳动,2026-08-24T18:43:44+00:00,bytedance:7669691874189658421,2026-08-24T21:20:16+00:00,2026-08-03T06:42:13+00:00,运营,字节跳动招聘,校招,经营分析 - 商业化,https://jobs.bytedance.com/campus/position/7669691874189658421/detail,上海
销售,字节跳动,2026-08-24T18:43:44+00:00,bytedance:7669691566811089157,2026-08-24T21:20:16+00:00,2026-08-03T06:41:51+00:00,运营,字节跳动招聘,校招,渠道策略运营 - 商业化,https://jobs.bytedance.com/campus/position/7669691566811089157/detail,北京 | 上海 | 广州
产品,字节跳动,2026-08-24T18:43:44+00:00,bytedance:7669691023411087621,2026-08-24T21:20:16+00:00,2026-08-03T06:39:42+00:00,产品,字节跳动招聘,校招,AI产品经理（商家经营方向） - 抖音生活服务,https://jobs.bytedance.com/campus/position/7669691023411087621/detail,上海 | 北京
市场,字节跳动,2026-08-24T18:43:44+00:00,bytedance:7669691022977845557,2026-08-24T21:20:16+00:00,2026-08-03T06:39:03+00:00,运营,字节跳动招聘,校招,市场培训 - 商业化,https://jobs.bytedance.com/campus/position/7669691022977845557/detail,北京
商务,字节跳动,2026-08-24T18:43:44+00:00,bytedance:7669690932046006533,2026-08-24T21:20:16+00:00,2026-08-03T06:38:41+00:00,运营,字节跳动招聘,校招,风控运营 - 商业化,https://jobs.bytedance.com/campus/position/7669690932046006533/detail,北京
职能,字节跳动,2026-08-24T18:43:44+00:00,bytedance:7669691023115897141,2026-08-24T21:20:16+00:00,2026-08-03T06:38:28+00:00,职能 / 支持,字节跳动招聘,校招,IoT采购履行经理（结构件方向） - AI算力基础设施,https://jobs.bytedance.com/campus/position/7669691023115897141/detail,深圳
商务,字节跳动,2026-08-24T18:43:44+00:00,bytedance:7669691023216199941,2026-08-24T21:20:16+00:00,2026-08-03T06:38:22+00:00,运营,字节跳动招聘,校招,智能AI产品运营 - 商业化,https://jobs.bytedance.com/campus/position/7669691023216199941/detail,北京 | 上海
商务,字节跳动,2026-08-24T18:43:44+00:00,bytedance:7669690936641947957,2026-08-24T21:20:16+00:00,2026-08-03T06:37:56+00:00,产品运营,字节跳动招聘,校招,产品解决方案 - 集团信息系统,https://jobs.bytedance.com/campus/position/7669690936641947957/detail,北京
销售,字节跳动,2026-08-24T18:43:44+00:00,bytedance:7669690089723889973,2026-08-24T21:20:16+00:00,2026-08-03T06:35:18+00:00,销售,字节跳动招聘,校招,渠道销售（全域经营） - 商业化,https://jobs.bytedance.com/campus/position/7669690089723889973/detail,北京 | 上海 | 广州 | 杭州
销售,字节跳动,2026-08-24T18:43:44+00:00,bytedance:7669690054541150517,2026-08-24T21:20:16+00:00,2026-08-03T06:34:52+00:00,销售,字节跳动招聘,校招,大客户销售（互动影视） - 商业化,https://jobs.bytedance.com/campus/position/7669690054541150517/detail,北京 | 上海 | 广州
产品,字节跳动,2026-08-24T18:43:44+00:00,bytedance:7669689836758403381,2026-08-24T21:20:16+00:00,2026-08-03T06:34:38+00:00,产品,字节跳动招聘,实习,电商用户产品实习生 - TikTok Shop,https://jobs.bytedance.com/campus/position/7669689836758403381/detail,北京
销售,字节跳动,2026-08-24T18:43:44+00:00,bytedance:7669689830837684485,2026-08-24T21:20:16+00:00,2026-08-03T06:34:27+00:00,销售,字节跳动招聘,校招,大客户销售（美妆日化） - 商业化,https://jobs.bytedance.com/campus/position/7669689830837684485/detail,上海 | 广州 | 杭州
销售,字节跳动,2026-08-24T18:43:44+00:00,bytedance:7669689677919504645,2026-08-24T21:20:16+00:00,2026-08-03T06:34:02+00:00,销售,字节跳动招聘,校招,大客户销售（服饰与健康母婴） - 商业化,https://jobs.bytedance.com/campus/position/7669689677919504645/detail,北京 | 上海 | 广州 | 杭州
销售,字节跳动,2026-08-24T18:43:44+00:00,bytedance:7669689543863748917,2026-08-24T21:20:16+00:00,2026-08-03T06:33:40+00:00,销售,字节跳动招聘,校招,大客户销售（食饮家居） - 商业化,https://jobs.bytedance.com/campus/position/7669689543863748917/detail,广州 | 上海
销售,字节跳动,2026-08-24T18:43:44+00:00,bytedance:7669689472541968645,2026-08-24T21:20:16+00:00,2026-08-03T06:33:18+00:00,销售,字节跳动招聘,校招,大客户销售（教育与平台服务） - 商业化,https://jobs.bytedance.com/campus/position/7669689472541968645/detail,北京 | 上海 | 深圳
销售,字节跳动,2026-08-24T18:43:44+00:00,bytedance:7669689412078405941,2026-08-24T21:20:16+00:00,2026-08-03T06:32:52+00:00,销售,字节跳动招聘,校招,大客户销售（互动娱乐） - 商业化,https://jobs.bytedance.com/campus/position/7669689412078405941/detail,上海 | 广州
设计,字节跳动,2026-08-24T18:43:44+00:00,bytedance:7669688946822072629,2026-08-24T21:20:16+00:00,2026-08-03T06:31:47+00:00,设计,字节跳动招聘,校招,创意视觉设计师 - 今日头条,https://jobs.bytedance.com/campus/position/7669688946822072629/detail,北京
销售,字节跳动,2026-08-24T18:43:44+00:00,bytedance:7669688971358357813,2026-08-24T21:20:16+00:00,2026-08-03T06:31:17+00:00,销售,字节跳动招聘,校招,渠道销售（创意经营） - 商业化,https://jobs.bytedance.com/campus/position/7669688971358357813/detail,北京 | 上海
运营,字节跳动,2026-08-24T18:43:44+00:00,bytedance:7669688957810903349,2026-08-24T21:20:16+00:00,2026-08-03T06:30:37+00:00,运营,字节跳动招聘,校招,短剧策略运营 - 番茄小说,https://jobs.bytedance.com/campus/position/7669688957810903349/detail,北京
商务,字节跳动,2026-08-24T18:43:44+00:00,bytedance:7669688946746165557,2026-08-24T21:20:16+00:00,2026-08-03T06:30:35+00:00,运营,字节跳动招聘,校招,广告履约运营 - 商业化,https://jobs.bytedance.com/campus/position/7669688946746165557/detail,北京 | 上海
运营,字节跳动,2026-08-24T18:43:44+00:00,bytedance:7669688561774037253,2026-08-24T21:20:16+00:00,2026-08-03T06:29:45+00:00,产品运营,字节跳动招聘,校招,内容策略运营 - 番茄小说,https://jobs.bytedance.com/campus/position/7669688561774037253/detail,北京
运营,字节跳动,2026-08-24T18:43:44+00:00,bytedance:7669687364375316741,2026-08-24T21:20:16+00:00,2026-08-03T06:26:05+00:00,运营,字节跳动招聘,校招,社区运营 - 番茄小说,https://jobs.bytedance.com/campus/position/7669687364375316741/detail,北京
战略,字节跳动,2026-08-24T18:43:44+00:00,bytedance:7669687543886022965,2026-08-24T21:20:16+00:00,2026-08-03T06:25:44+00:00,战略,字节跳动招聘,校招,战略分析师 - 番茄小说,https://jobs.bytedance.com/campus/position/7669687543886022965/detail,北京
运营,字节跳动,2026-08-24T18:43:44+00:00,bytedance:7669687247249705221,2026-08-24T21:20:16+00:00,2026-08-03T06:25:12+00:00,运营,字节跳动招聘,校招,用户体验运营 - 今日头条,https://jobs.bytedance.com/campus/position/7669687247249705221/detail,北京
运营,字节跳动,2026-08-24T18:43:44+00:00,bytedance:7669686705123674373,2026-08-24T21:20:16+00:00,2026-08-03T06:23:21+00:00,运营,字节跳动招聘,校招,治理策略运营 - 抖音电商,https://jobs.bytedance.com/campus/position/7669686705123674373/detail,上海 | 北京
运营,字节跳动,2026-08-24T18:43:44+00:00,bytedance:7669686823978895669,2026-08-24T21:20:16+00:00,2026-08-03T06:22:48+00:00,运营,字节跳动招聘,实习,豆包AI大模型数据运营实习生 - Data AML,https://jobs.bytedance.com/campus/position/7669686823978895669/detail,北京
产品,字节跳动,2026-08-24T18:43:44+00:00,bytedance:7669686024138459397,2026-08-24T21:20:16+00:00,2026-08-03T06:19:58+00:00,产品经理,字节跳动招聘,校招,安全策略产品经理 - 今日头条,https://jobs.bytedance.com/campus/position/7669686024138459397/detail,北京
运营,字节跳动,2026-08-24T18:43:44+00:00,bytedance:7669685743313389877,2026-08-24T21:20:16+00:00,2026-08-03T06:18:49+00:00,运营,字节跳动招聘,校招,PUGC内容策略运营 - 番茄小说,https://jobs.bytedance.com/campus/position/7669685743313389877/detail,北京
产品,字节跳动,2026-08-24T18:43:44+00:00,bytedance:7669685095146457397,2026-08-24T21:20:16+00:00,2026-08-03T06:16:40+00:00,产品,字节跳动招聘,校招,AI产品经理（医疗大模型训练方向） - 小荷健康,https://jobs.bytedance.com/campus/position/7669685095146457397/detail,北京
运营,字节跳动,2026-08-24T18:43:44+00:00,bytedance:7669684790506211589,2026-08-24T21:20:16+00:00,2026-08-03T06:15:36+00:00,运营,字节跳动招聘,校招,漫剧产品运营 - 番茄小说,https://jobs.bytedance.com/campus/position/7669684790506211589/detail,北京
产品,字节跳动,2026-08-24T18:43:44+00:00,bytedance:7669685133130221877,2026-08-24T21:20:16+00:00,2026-08-03T06:15:31+00:00,产品,字节跳动招聘,校招,AI产品经理（策略产品方向） - 小荷健康,https://jobs.bytedance.com/campus/position/7669685133130221877/detail,北京
市场,字节跳动,2026-08-24T18:43:44+00:00,bytedance:7669682950849988869,2026-08-24T21:20:16+00:00,2026-08-03T06:07:46+00:00,运营,字节跳动招聘,实习,营销活动运营实习生 - TikTok Shop,https://jobs.bytedance.com/campus/position/7669682950849988869/detail,上海
运营,字节跳动,2026-08-24T18:43:44+00:00,bytedance:7669682581984315653,2026-08-24T21:20:16+00:00,2026-08-03T06:06:00+00:00,运营,字节跳动招聘,校招,医学合作专员 - 小荷健康,https://jobs.bytedance.com/campus/position/7669682581984315653/detail,北京
产品,字节跳动,2026-08-24T18:43:44+00:00,bytedance:7669682085381065013,2026-08-24T21:20:16+00:00,2026-08-03T06:04:26+00:00,产品,字节跳动招聘,校招,策略产品经理 - 今日头条,https://jobs.bytedance.com/campus/position/7669682085381065013/detail,北京
增长,字节跳动,2026-08-24T18:43:44+00:00,bytedance:7669681498493159733,2026-08-24T21:20:16+00:00,2026-08-03T06:02:49+00:00,产品,字节跳动招聘,校招,用户增长补贴策略产品 - 抖音生活服务,https://jobs.bytedance.com/campus/position/7669681498493159733/detail,上海 | 北京
增长,字节跳动,2026-08-24T18:43:44+00:00,bytedance:7669681191102925061,2026-08-24T21:20:16+00:00,2026-08-03T06:02:25+00:00,运营,字节跳动招聘,实习,增长达人实习生 - AI创新业务,https://jobs.bytedance.com/campus/position/7669681191102925061/detail,北京
运营,字节跳动,2026-08-24T18:43:44+00:00,bytedance:7669681187003697413,2026-08-24T21:20:16+00:00,2026-08-03T06:01:49+00:00,运营,字节跳动招聘,校招,安全策略运营 - 番茄小说,https://jobs.bytedance.com/campus/position/7669681187003697413/detail,北京
产品,字节跳动,2026-08-24T18:43:44+00:00,bytedance:7669679956752419077,2026-08-24T21:20:16+00:00,2026-08-03T05:58:31+00:00,产品,字节跳动招聘,校招,平台产品经理 - 番茄小说,https://jobs.bytedance.com/campus/position/7669679956752419077/detail,北京
产品,字节跳动,2026-08-24T18:43:44+00:00,bytedance:7669679956750420229,2026-08-24T21:20:16+00:00,2026-08-03T05:57:40+00:00,产品经理,字节跳动招聘,校招,AI产品经理 - TikTok直播,https://jobs.bytedance.com/campus/position/7669679956750420229/detail,上海
产品,字节跳动,2026-08-24T18:43:44+00:00,bytedance:7669679804113504517,2026-08-24T21:20:16+00:00,2026-08-03T05:57:25+00:00,产品经理,字节跳动招聘,校招,AI产品经理 - TikTok直播,https://jobs.bytedance.com/campus/position/7669679804113504517/detail,北京
运营,字节跳动,2026-08-24T18:43:44+00:00,bytedance:7669678684211169589,2026-08-24T21:20:16+00:00,2026-08-03T05:52:51+00:00,用户运营,字节跳动招聘,校招,用户运营（粉丝运营） - 红果短剧,https://jobs.bytedance.com/campus/position/7669678684211169589/detail,北京
运营,字节跳动,2026-08-24T18:43:44+00:00,bytedance:7669678327510698293,2026-08-24T21:20:16+00:00,2026-08-03T05:50:51+00:00,运营,字节跳动招聘,校招,厂牌运营 - 红果短剧,https://jobs.bytedance.com/campus/position/7669678327510698293/detail,北京
产品,字节跳动,2026-08-24T18:43:44+00:00,bytedance:7669678682292455685,2026-08-24T21:20:16+00:00,2026-08-03T05:50:45+00:00,产品,字节跳动招聘,校招,策略产品经理 - 番茄畅听,https://jobs.bytedance.com/campus/position/7669678682292455685/detail,北京
运营,字节跳动,2026-08-24T18:43:44+00:00,bytedance:7669677733932239109,2026-08-24T21:20:16+00:00,2026-08-03T05:48:34+00:00,内容运营,字节跳动招聘,校招,搜索体验运营（短剧方向） - 红果短剧,https://jobs.bytedance.com/campus/position/7669677733932239109/detail,北京
运营,字节跳动,2026-08-24T18:43:44+00:00,bytedance:7669677533055191301,2026-08-24T21:20:16+00:00,2026-08-03T05:45:59+00:00,运营,字节跳动招聘,校招,治理策略运营 - 抖音电商,https://jobs.bytedance.com/campus/position/7669677533055191301/detail,上海 | 北京
产品,字节跳动,2026-08-24T18:43:44+00:00,bytedance:7669676815537572101,2026-08-24T21:20:16+00:00,2026-08-03T05:45:22+00:00,产品经理,字节跳动招聘,校招,策略产品经理 - 红果短剧,https://jobs.bytedance.com/campus/position/7669676815537572101/detail,深圳
设计,字节跳动,2026-08-24T18:43:44+00:00,bytedance:7669674816799230261,2026-08-24T21:20:16+00:00,2026-08-03T05:37:02+00:00,设计,字节跳动招聘,校招,产品设计师 - 番茄小说,https://jobs.bytedance.com/campus/position/7669674816799230261/detail,深圳 | 北京
产品,字节跳动,2026-08-24T18:43:44+00:00,bytedance:7669675162884950277,2026-08-24T21:20:16+00:00,2026-08-03T05:37:01+00:00,产品经理,字节跳动招聘,校招,AI产品经理 - 集团信息系统,https://jobs.bytedance.com/campus/position/7669675162884950277/detail,北京 | 杭州 | 上海 | 深圳 | 广州
产品,字节跳动,2026-08-24T18:43:44+00:00,bytedance:7669675127367895301,2026-08-24T21:20:16+00:00,2026-08-03T05:36:55+00:00,产品,字节跳动招聘,校招,用户产品经理 - 番茄小说,https://jobs.bytedance.com/campus/position/7669675127367895301/detail,深圳
商务,字节跳动,2026-08-24T18:43:44+00:00,bytedance:7669673936569878837,2026-08-24T21:20:16+00:00,2026-08-03T05:35:46+00:00,产品,字节跳动招聘,校招,商业化产品经理 - 今日头条,https://jobs.bytedance.com/campus/position/7669673936569878837/detail,深圳
产品,字节跳动,2026-08-24T18:43:44+00:00,bytedance:7669672681320712453,2026-08-24T21:20:16+00:00,2026-08-03T05:32:49+00:00,产品,字节跳动招聘,校招,用户产品经理 - 今日头条,https://jobs.bytedance.com/campus/position/7669672681320712453/detail,深圳
设计,字节跳动,2026-08-24T18:43:44+00:00,bytedance:7669670735559805189,2026-08-24T21:20:16+00:00,2026-08-03T05:19:40+00:00,设计,字节跳动招聘,校招,产品设计师 - 今日头条,https://jobs.bytedance.com/campus/position/7669670735559805189/detail,北京
产品,字节跳动,2026-08-24T18:43:44+00:00,bytedance:7669664821348387125,2026-08-24T21:20:16+00:00,2026-08-03T04:56:57+00:00,产品经理,字节跳动招聘,校招,AI产品经理 - 番茄小说,https://jobs.bytedance.com/campus/position/7669664821348387125/detail,北京
产品,字节跳动,2026-08-24T18:43:44+00:00,bytedance:7669663349547534597,2026-08-24T21:20:16+00:00,2026-08-03T04:53:30+00:00,产品,字节跳动招聘,校招,国际化短剧产品经理 - 番茄小说,https://jobs.bytedance.com/campus/position/7669663349547534597/detail,上海
运营,字节跳动,2026-08-24T18:43:44+00:00,bytedance:7669662107882211589,2026-08-24T21:20:16+00:00,2026-08-03T04:50:00+00:00,产品运营,字节跳动招聘,校招,国际化内容策略运营 - 番茄小说,https://jobs.bytedance.com/campus/position/7669662107882211589/detail,北京
运营,字节跳动,2026-08-24T18:43:44+00:00,bytedance:7669661822607411461,2026-08-24T21:20:16+00:00,2026-08-03T04:48:20+00:00,内容运营,字节跳动招聘,校招,AI短剧内容评估 - 番茄小说,https://jobs.bytedance.com/campus/position/7669661822607411461/detail,北京
产品,字节跳动,2026-08-24T18:43:44+00:00,bytedance:7669652440381688069,2026-08-24T21:20:16+00:00,2026-08-03T04:14:25+00:00,产品,字节跳动招聘,校招,大模型策略产品经理 - TikTok,https://jobs.bytedance.com/campus/position/7669652440381688069/detail,北京
运营,字节跳动,2026-08-24T18:43:44+00:00,bytedance:7669645620761020725,2026-08-24T21:20:16+00:00,2026-08-03T03:43:42+00:00,产品运营,字节跳动招聘,校招,买单及补贴产品运营 - 抖音生活服务,https://jobs.bytedance.com/campus/position/7669645620761020725/detail,北京 | 上海
运营,字节跳动,2026-08-24T18:43:44+00:00,bytedance:7669645516338645301,2026-08-24T21:20:16+00:00,2026-08-03T03:43:09+00:00,运营,字节跳动招聘,校招,广告产品运营 - 抖音生活服务,https://jobs.bytedance.com/campus/position/7669645516338645301/detail,北京 | 上海
运营,字节跳动,2026-08-24T18:43:44+00:00,bytedance:7669645516338186549,2026-08-24T21:20:16+00:00,2026-08-03T03:42:51+00:00,运营,字节跳动招聘,校招,广告产品运营 - 抖音生活服务,https://jobs.bytedance.com/campus/position/7669645516338186549/detail,北京 | 上海
运营,字节跳动,2026-08-24T18:43:44+00:00,bytedance:7669645517493291269,2026-08-24T21:20:16+00:00,2026-08-03T03:42:30+00:00,运营,字节跳动招聘,校招,产品运营经理 - 抖音生活服务,https://jobs.bytedance.com/campus/position/7669645517493291269/detail,北京 | 上海
运营,字节跳动,2026-08-24T18:43:44+00:00,bytedance:7669645224415398197,2026-08-24T21:20:16+00:00,2026-08-03T03:42:15+00:00,运营,字节跳动招聘,校招,产品运营经理 - 抖音生活服务,https://jobs.bytedance.com/campus/position/7669645224415398197/detail,北京 | 上海
运营,字节跳动,2026-08-24T18:43:44+00:00,bytedance:7669645239062153477,2026-08-24T21:20:16+00:00,2026-08-03T03:41:50+00:00,运营,字节跳动招聘,校招,产品运营经理 - 抖音生活服务,https://jobs.bytedance.com/campus/position/7669645239062153477/detail,北京 | 上海
运营,字节跳动,2026-08-24T18:43:44+00:00,bytedance:7669644479703943477,2026-08-24T21:20:16+00:00,2026-08-03T03:38:17+00:00,编辑,字节跳动招聘,校招,搜索内容质量评估（日语/韩语方向） - TikTok,https://jobs.bytedance.com/campus/position/7669644479703943477/detail,北京
运营,字节跳动,2026-08-24T18:43:44+00:00,bytedance:7669643836788885813,2026-08-24T21:20:16+00:00,2026-08-03T03:35:27+00:00,编辑,字节跳动招聘,校招,搜索内容质量评估（日语方向） - TikTok,https://jobs.bytedance.com/campus/position/7669643836788885813/detail,北京
项目管理,字节跳动,2026-08-24T18:43:44+00:00,bytedance:7669643468073732357,2026-08-24T21:20:16+00:00,2026-08-03T03:33:57+00:00,运营,字节跳动招聘,校招,产品运营（项目管理方向） - TikTok,https://jobs.bytedance.com/campus/position/7669643468073732357/detail,北京
市场,字节跳动,2026-08-24T18:43:44+00:00,bytedance:7669642616797268229,2026-08-24T21:20:16+00:00,2026-08-03T03:31:36+00:00,产品经理,字节跳动招聘,校招,广告投放策略产品经理 - 抖音生活服务,https://jobs.bytedance.com/campus/position/7669642616797268229/detail,上海 | 北京
运营,字节跳动,2026-08-24T18:43:44+00:00,bytedance:7669642012582021381,2026-08-24T21:20:16+00:00,2026-08-03T03:28:23+00:00,运营,字节跳动招聘,校招,搜索广告产品运营 - TikTok,https://jobs.bytedance.com/campus/position/7669642012582021381/detail,北京
运营,字节跳动,2026-08-24T18:43:44+00:00,bytedance:7669641221564025141,2026-08-24T21:20:16+00:00,2026-08-03T03:25:46+00:00,运营,字节跳动招聘,校招,国际化搜索产品运营 - TikTok,https://jobs.bytedance.com/campus/position/7669641221564025141/detail,北京
产品,字节跳动,2026-08-24T18:43:44+00:00,bytedance:7669628947361712437,2026-08-24T21:20:16+00:00,2026-08-03T02:38:34+00:00,产品经理,字节跳动招聘,校招,推荐产品经理 - TikTok Shop,https://jobs.bytedance.com/campus/position/7669628947361712437/detail,北京
运营,字节跳动,2026-08-24T18:43:44+00:00,bytedance:7669625291543890181,2026-08-24T21:20:16+00:00,2026-08-03T02:23:45+00:00,运营,字节跳动招聘,实习,AI内容研究与评测实习生 - TikTok,https://jobs.bytedance.com/campus/position/7669625291543890181/detail,北京
产品,字节跳动,2026-08-24T18:43:44+00:00,bytedance:7669624308369344773,2026-08-24T21:20:16+00:00,2026-08-03T02:19:29+00:00,产品经理,字节跳动招聘,校招,AI产品经理（内容电商B端联盟经营服务方向） - TikTok Shop,https://jobs.bytedance.com/campus/position/7669624308369344773/detail,上海
产品,字节跳动,2026-08-24T18:43:44+00:00,bytedance:7669623331367241989,2026-08-24T21:20:16+00:00,2026-08-03T02:17:11+00:00,产品经理,字节跳动招聘,校招,AI产品经理（内容电商B端商家达人撮合方向） - TikTok Shop,https://jobs.bytedance.com/campus/position/7669623331367241989/detail,北京
产品,字节跳动,2026-08-24T18:43:44+00:00,bytedance:7669622639389165829,2026-08-24T21:20:16+00:00,2026-08-03T02:13:43+00:00,产品经理,字节跳动招聘,校招,用户产品经理（欧美商城） - TikTok Shop,https://jobs.bytedance.com/campus/position/7669622639389165829/detail,北京
市场,字节跳动,2026-08-24T18:43:44+00:00,bytedance:7669622651728857349,2026-08-24T21:20:16+00:00,2026-08-03T02:13:38+00:00,频道运营,字节跳动招聘,校招,商城策略运营（欧美市场） - TikTok Shop,https://jobs.bytedance.com/campus/position/7669622651728857349/detail,北京
运营,字节跳动,2026-08-24T18:43:44+00:00,bytedance:7669622751243766021,2026-08-24T21:20:16+00:00,2026-08-03T02:13:34+00:00,运营,字节跳动招聘,校招,电商内容策略运营（图文&短视频&直播） - TikTok Shop,https://jobs.bytedance.com/campus/position/7669622751243766021/detail,北京
产品,字节跳动,2026-08-24T18:43:44+00:00,bytedance:7669622096158263605,2026-08-24T21:20:16+00:00,2026-08-03T02:11:12+00:00,产品经理,字节跳动招聘,校招,AI产品经理（直播电商B端方向） - TikTok Shop,https://jobs.bytedance.com/campus/position/7669622096158263605/detail,上海
商务,字节跳动,2026-08-24T18:43:44+00:00,bytedance:7669621629605398837,2026-08-24T21:20:16+00:00,2026-08-03T02:09:26+00:00,产品,字节跳动招聘,校招,云安全解决方案产品运营 - 安全与风控,https://jobs.bytedance.com/campus/position/7669621629605398837/detail,北京
运营,字节跳动,2026-08-24T18:43:44+00:00,bytedance:7669621519662057733,2026-08-24T21:20:16+00:00,2026-08-03T02:09:08+00:00,运营,字节跳动招聘,实习,营收活动策略运营（土耳其语方向）实习生-TikTok直播,https://jobs.bytedance.com/campus/position/7669621519662057733/detail,北京
市场,字节跳动,2026-08-24T18:43:44+00:00,bytedance:7669619179831052549,2026-08-24T21:20:16+00:00,2026-08-03T01:59:53+00:00,产品经理,字节跳动招聘,校招,直播电商C端用户产品经理（欧美市场） - TikTok Shop,https://jobs.bytedance.com/campus/position/7669619179831052549/detail,北京
产品,字节跳动,2026-08-24T18:43:44+00:00,bytedance:7669613572703832373,2026-08-24T21:20:16+00:00,2026-08-03T01:38:03+00:00,产品经理,字节跳动招聘,校招,AI产品经理（财务方向） - 集团信息系统,https://jobs.bytedance.com/campus/position/7669613572703832373/detail,中国香港
产品,字节跳动,2026-08-24T18:43:44+00:00,bytedance:7669607530406185269,2026-08-24T21:20:16+00:00,2026-08-03T01:14:33+00:00,产品经理,字节跳动招聘,校招,AI产品经理（财务方向） - 集团信息系统,https://jobs.bytedance.com/campus/position/7669607530406185269/detail,中国香港
运营,字节跳动,2026-08-24T18:43:44+00:00,bytedance:7669484903284951349,2026-08-24T21:20:16+00:00,2026-08-02T17:27:48+00:00,运营,字节跳动招聘,校招,AI产品运营（商家经营方向） - 抖音生活服务,https://jobs.bytedance.com/campus/position/7669484903284951349/detail,上海 | 北京
产品,字节跳动,2026-08-24T18:43:44+00:00,bytedance:7669458168032676101,2026-08-24T21:20:16+00:00,2026-08-02T15:35:15+00:00,产品,字节跳动招聘,校招,AI产品经理（AM运营方向） - TikTok Shop,https://jobs.bytedance.com/campus/position/7669458168032676101/detail,上海
产品,字节跳动,2026-08-24T18:43:44+00:00,bytedance:7669445384507722037,2026-08-24T21:20:16+00:00,2026-08-02T14:55:14+00:00,产品,字节跳动招聘,校招,搜索策略产品经理 - TikTok,https://jobs.bytedance.com/campus/position/7669445384507722037/detail,北京
增长,字节跳动,2026-08-24T18:43:44+00:00,bytedance:7669446565446322485,2026-08-24T21:20:16+00:00,2026-08-02T14:51:45+00:00,产品,字节跳动招聘,校招,搜索增长策略产品经理 - TikTok,https://jobs.bytedance.com/campus/position/7669446565446322485/detail,北京
产品,字节跳动,2026-08-24T18:43:44+00:00,bytedance:7669443355642595637,2026-08-24T21:20:16+00:00,2026-08-02T14:43:13+00:00,产品,字节跳动招聘,校招,搜索评测产品经理 - TikTok,https://jobs.bytedance.com/campus/position/7669443355642595637/detail,北京
市场,字节跳动,2026-08-24T18:43:44+00:00,bytedance:7669360990392502533,2026-08-24T21:20:16+00:00,2026-08-02T09:17:41+00:00,产品经理,字节跳动招聘,校招,AI产品经理（AIGC创意营销方向） - 抖音电商,https://jobs.bytedance.com/campus/position/7669360990392502533/detail,北京 | 上海
产品,字节跳动,2026-08-24T18:43:44+00:00,bytedance:7669357192973355317,2026-08-24T21:20:16+00:00,2026-08-02T09:17:19+00:00,产品经理,字节跳动招聘,校招,AI产品经理（搜索策略方向） - 抖音电商,https://jobs.bytedance.com/campus/position/7669357192973355317/detail,北京 | 上海
产品,字节跳动,2026-08-24T18:43:44+00:00,bytedance:7669264532452346165,2026-08-24T21:20:16+00:00,2026-08-02T03:50:24+00:00,产品,字节跳动招聘,校招,电商物流CBT产品经理 - TikTok Shop,https://jobs.bytedance.com/campus/position/7669264532452346165/detail,北京 | 深圳
运营,字节跳动,2026-08-24T18:43:44+00:00,bytedance:7669263051565435189,2026-08-24T21:20:16+00:00,2026-08-02T03:23:00+00:00,运营,字节跳动招聘,校招,商家策略运营 - TikTok Shop,https://jobs.bytedance.com/campus/position/7669263051565435189/detail,上海
商务,字节跳动,2026-08-24T18:43:44+00:00,bytedance:7668956778249177349,2026-08-24T21:20:16+00:00,2026-08-01T07:22:13+00:00,产品,字节跳动招聘,校招,云安全解决方案产品经理 - 安全与风控,https://jobs.bytedance.com/campus/position/7668956778249177349/detail,北京
商业分析,字节跳动,2026-08-24T19:23:31+00:00,bytedance:7668930444044339461,2026-08-24T21:20:16+00:00,2026-08-01T05:52:18+00:00,数据分析,字节跳动招聘,实习,数据分析实习生 - TikTok Shop,https://jobs.bytedance.com/campus/position/7668930444044339461/detail,上海
职能,字节跳动,2026-08-24T18:43:44+00:00,bytedance:7668691854535346485,2026-08-24T21:20:16+00:00,2026-07-31T14:01:10+00:00,人力,字节跳动招聘,实习,组织效能实习生 - 人力与管理部,https://jobs.bytedance.com/campus/position/7668691854535346485/detail,北京
职能,字节跳动,2026-08-24T18:43:44+00:00,bytedance:7668689417494661429,2026-08-24T21:20:16+00:00,2026-07-31T13:59:49+00:00,人力,字节跳动招聘,实习,企业文化实习生 - 人力与管理部,https://jobs.bytedance.com/campus/position/7668689417494661429/detail,北京
职能,字节跳动,2026-08-24T18:43:44+00:00,bytedance:7668689222564481285,2026-08-24T21:20:16+00:00,2026-07-31T13:51:30+00:00,人力,字节跳动招聘,实习,组织效能实习生 - 人力与管理部,https://jobs.bytedance.com/campus/position/7668689222564481285/detail,上海
职能,字节跳动,2026-08-24T18:43:44+00:00,bytedance:7668681162332703029,2026-08-24T21:20:16+00:00,2026-07-31T13:31:22+00:00,人力,字节跳动招聘,实习,HR实习生 - 国际短视频,https://jobs.bytedance.com/campus/position/7668681162332703029/detail,上海
增长,字节跳动,2026-08-24T18:43:44+00:00,bytedance:7668658032092236085,2026-08-24T21:20:16+00:00,2026-07-31T11:53:48+00:00,产品,字节跳动招聘,校招,激励增长产品经理 - TikTok,https://jobs.bytedance.com/campus/position/7668658032092236085/detail,北京 | 上海
增长,字节跳动,2026-08-24T18:43:44+00:00,bytedance:7668657003569203509,2026-08-24T21:20:16+00:00,2026-07-31T11:53:02+00:00,产品,字节跳动招聘,校招,增长策略产品经理 - TikTok,https://jobs.bytedance.com/campus/position/7668657003569203509/detail,北京
增长,字节跳动,2026-08-24T18:43:44+00:00,bytedance:7668657994767419701,2026-08-24T21:20:16+00:00,2026-07-31T11:52:18+00:00,产品,字节跳动招聘,校招,用户增长数据分析师 - TikTok,https://jobs.bytedance.com/campus/position/7668657994767419701/detail,北京
增长,字节跳动,2026-08-24T18:43:44+00:00,bytedance:7668657843764300085,2026-08-24T21:20:16+00:00,2026-07-31T11:51:14+00:00,产品,字节跳动招聘,校招,增长策略分析师 - TikTok,https://jobs.bytedance.com/campus/position/7668657843764300085/detail,北京
产品,字节跳动,2026-08-24T18:43:44+00:00,bytedance:7668656593915349253,2026-08-24T21:20:16+00:00,2026-07-31T11:48:41+00:00,产品,字节跳动招聘,校招,数据产品经理 - TikTok,https://jobs.bytedance.com/campus/position/7668656593915349253/detail,北京 | 上海
战略,字节跳动,2026-08-24T18:43:44+00:00,bytedance:7668650919747651893,2026-08-24T21:20:16+00:00,2026-07-31T11:24:24+00:00,运营,字节跳动招聘,校招,战略分析师（LATAM） - TikTok Shop,https://jobs.bytedance.com/campus/position/7668650919747651893/detail,上海 | 北京
商业分析,字节跳动,2026-08-24T18:43:44+00:00,bytedance:7668649452228610357,2026-08-24T21:20:16+00:00,2026-07-31T11:20:26+00:00,运营,字节跳动招聘,校招,商业分析师（US） - TikTok Shop,https://jobs.bytedance.com/campus/position/7668649452228610357/detail,北京
商业分析,字节跳动,2026-08-24T18:43:44+00:00,bytedance:7668648331841915189,2026-08-24T21:20:16+00:00,2026-07-31T11:19:11+00:00,运营,字节跳动招聘,校招,商业分析师（US） - TikTok Shop,https://jobs.bytedance.com/campus/position/7668648331841915189/detail,上海
运营,字节跳动,2026-08-24T18:43:44+00:00,bytedance:7668648763720059189,2026-08-24T21:20:16+00:00,2026-07-31T11:18:30+00:00,运营,字节跳动招聘,校招,拉美物流结算方案 - TikTok Shop,https://jobs.bytedance.com/campus/position/7668648763720059189/detail,上海 | 杭州
运营,字节跳动,2026-08-24T18:43:44+00:00,bytedance:7668648360005585205,2026-08-24T21:20:16+00:00,2026-07-31T11:17:24+00:00,运营,字节跳动招聘,校招,东南亚物流结算方案 - TikTok Shop,https://jobs.bytedance.com/campus/position/7668648360005585205/detail,上海 | 杭州
职能,字节跳动,2026-08-24T18:43:44+00:00,bytedance:7668648723850316037,2026-08-24T21:20:16+00:00,2026-07-31T11:14:57+00:00,运营,字节跳动招聘,校招,拉美物流采购专员 - TikTok Shop,https://jobs.bytedance.com/campus/position/7668648723850316037/detail,上海 | 杭州
运营,字节跳动,2026-08-24T18:43:44+00:00,bytedance:7668647743288527157,2026-08-24T21:20:16+00:00,2026-07-31T11:14:21+00:00,运营,字节跳动招聘,校招,FBT商家运营 - TikTok Shop,https://jobs.bytedance.com/campus/position/7668647743288527157/detail,杭州
增长,字节跳动,2026-08-24T18:43:44+00:00,bytedance:7668648081264527621,2026-08-24T21:20:16+00:00,2026-07-31T11:13:50+00:00,产品,字节跳动招聘,校招,用户增长产品经理（SEA） - TikTok Shop,https://jobs.bytedance.com/campus/position/7668648081264527621/detail,上海
增长,字节跳动,2026-08-24T18:43:44+00:00,bytedance:7668646515574294837,2026-08-24T21:20:16+00:00,2026-07-31T11:13:35+00:00,产品,字节跳动招聘,校招,用户增长产品经理 - TikTok Shop,https://jobs.bytedance.com/campus/position/7668646515574294837/detail,上海
增长,字节跳动,2026-08-24T18:43:44+00:00,bytedance:7668648081328818485,2026-08-24T21:20:16+00:00,2026-07-31T11:13:16+00:00,产品,字节跳动招聘,校招,电商增长产品经理（内广投放&CRM方向） - TikTok Shop,https://jobs.bytedance.com/campus/position/7668648081328818485/detail,北京
增长,字节跳动,2026-08-24T18:43:44+00:00,bytedance:7668648008907360517,2026-08-24T21:20:16+00:00,2026-07-31T11:13:02+00:00,产品,字节跳动招聘,校招,智能营销与增长产品经理 - TikTok Shop,https://jobs.bytedance.com/campus/position/7668648008907360517/detail,上海
增长,字节跳动,2026-08-24T18:43:44+00:00,bytedance:7668647745578404149,2026-08-24T21:20:16+00:00,2026-07-31T11:12:43+00:00,运营,字节跳动招聘,校招,用户增长运营（SEA） - TikTok Shop,https://jobs.bytedance.com/campus/position/7668647745578404149/detail,上海
增长,字节跳动,2026-08-24T18:43:44+00:00,bytedance:7668646542006667573,2026-08-24T21:20:16+00:00,2026-07-31T11:12:28+00:00,运营,字节跳动招聘,校招,用户增长运营（AMS） - TikTok Shop,https://jobs.bytedance.com/campus/position/7668646542006667573/detail,上海
增长,字节跳动,2026-08-24T18:43:44+00:00,bytedance:7668647442825513221,2026-08-24T21:20:16+00:00,2026-07-31T11:12:09+00:00,运营,字节跳动招聘,校招,用户增长运营（LATAM） - TikTok Shop,https://jobs.bytedance.com/campus/position/7668647442825513221/detail,上海
运营,字节跳动,2026-08-24T18:43:44+00:00,bytedance:7668647742696261941,2026-08-24T21:20:16+00:00,2026-07-31T11:10:53+00:00,运营,字节跳动招聘,校招,全球物流网络规划工程师 - TikTok Shop,https://jobs.bytedance.com/campus/position/7668647742696261941/detail,深圳 | 上海 | 杭州
产品,字节跳动,2026-08-24T18:43:44+00:00,bytedance:7668645444991486213,2026-08-24T21:20:16+00:00,2026-07-31T11:01:15+00:00,产品,字节跳动招聘,校招,AI产品经理（平台方向） - 风控,https://jobs.bytedance.com/campus/position/7668645444991486213/detail,深圳 | 北京
产品,字节跳动,2026-08-24T18:43:44+00:00,bytedance:7668640548827777333,2026-08-24T21:20:16+00:00,2026-07-31T10:43:05+00:00,产品,字节跳动招聘,校招,AI产品经理 - 风控,https://jobs.bytedance.com/campus/position/7668640548827777333/detail,杭州 | 深圳 | 北京 | 上海
职能,字节跳动,2026-08-24T18:43:44+00:00,bytedance:7668635915200743733,2026-08-24T21:20:16+00:00,2026-07-31T10:27:05+00:00,人力,字节跳动招聘,实习,HR实习生 - 国际短视频,https://jobs.bytedance.com/campus/position/7668635915200743733/detail,上海
职能,字节跳动,2026-08-24T18:43:44+00:00,bytedance:7668635915020454197,2026-08-24T21:20:16+00:00,2026-07-31T10:25:15+00:00,人力,字节跳动招聘,实习,HR实习生 - 国际短视频,https://jobs.bytedance.com/campus/position/7668635915020454197/detail,北京
职能,字节跳动,2026-08-24T18:43:44+00:00,bytedance:7668633823206181173,2026-08-24T21:20:16+00:00,2026-07-31T10:16:03+00:00,人力,字节跳动招聘,实习,HR实习生 - 国际支付,https://jobs.bytedance.com/campus/position/7668633823206181173/detail,北京
市场,字节跳动,2026-08-24T18:43:44+00:00,bytedance:7668630764718000389,2026-08-24T21:20:16+00:00,2026-07-31T10:06:40+00:00,运营,字节跳动招聘,校招,KA营销活动运营 - 抖音生活服务,https://jobs.bytedance.com/campus/position/7668630764718000389/detail,上海 | 杭州 | 北京 | 成都
运营,字节跳动,2026-08-24T18:43:44+00:00,bytedance:7668621511051380997,2026-08-24T21:20:16+00:00,2026-07-31T09:30:20+00:00,运营,字节跳动招聘,校招,综合行业运营 - 抖音生活服务,https://jobs.bytedance.com/campus/position/7668621511051380997/detail,北京 | 上海
运营,字节跳动,2026-08-24T18:43:44+00:00,bytedance:7668621579618027781,2026-08-24T21:20:16+00:00,2026-07-31T09:30:04+00:00,运营,字节跳动招聘,校招,项目运营 - 抖音生活服务,https://jobs.bytedance.com/campus/position/7668621579618027781/detail,北京 | 上海
设计,字节跳动,2026-08-24T18:43:44+00:00,bytedance:7668621551399651637,2026-08-24T21:20:16+00:00,2026-07-31T09:29:47+00:00,设计,字节跳动招聘,校招,AIGC效果创意设计师 - 抖音效果与创作,https://jobs.bytedance.com/campus/position/7668621551399651637/detail,深圳
运营,字节跳动,2026-08-24T18:43:44+00:00,bytedance:7668621623267854645,2026-08-24T21:20:16+00:00,2026-07-31T09:29:46+00:00,运营,字节跳动招聘,校招,中小商家规模化运营 - 抖音生活服务,https://jobs.bytedance.com/campus/position/7668621623267854645/detail,上海 | 北京
设计,字节跳动,2026-08-24T18:43:44+00:00,bytedance:7668618986238544181,2026-08-24T21:20:16+00:00,2026-07-31T09:19:04+00:00,设计,字节跳动招聘,校招,AIGC效果设计师 - 抖音效果与创作,https://jobs.bytedance.com/campus/position/7668618986238544181/detail,深圳 | 上海
职能,字节跳动,2026-08-24T18:43:44+00:00,bytedance:7668616924345977093,2026-08-24T21:20:16+00:00,2026-07-31T09:11:01+00:00,人力,字节跳动招聘,实习,HR实习生 - 国际短视频,https://jobs.bytedance.com/campus/position/7668616924345977093/detail,北京
商业分析,字节跳动,2026-08-24T18:43:44+00:00,bytedance:7668613587888392453,2026-08-24T21:20:16+00:00,2026-07-31T08:57:57+00:00,运营,字节跳动招聘,实习,经营分析实习生 - 抖音电商,https://jobs.bytedance.com/campus/position/7668613587888392453/detail,北京
产品,字节跳动,2026-08-24T18:43:44+00:00,bytedance:7668609729397049653,2026-08-24T21:20:16+00:00,2026-07-31T08:46:49+00:00,产品经理,字节跳动招聘,校招,AI产品经理 - 抖音生活服务,https://jobs.bytedance.com/campus/position/7668609729397049653/detail,上海 | 北京
产品,字节跳动,2026-08-24T18:43:44+00:00,bytedance:7668605480803617029,2026-08-24T21:20:16+00:00,2026-07-31T08:28:18+00:00,产品经理,字节跳动招聘,校招,AI产品经理（商家治理方向） - 抖音电商,https://jobs.bytedance.com/campus/position/7668605480803617029/detail,上海 | 北京
产品,字节跳动,2026-08-24T18:43:44+00:00,bytedance:7668602070022883637,2026-08-24T21:20:16+00:00,2026-07-31T08:14:21+00:00,产品,字节跳动招聘,实习,商业产品（独立端方向）实习生 - 抖音生活服务,https://jobs.bytedance.com/campus/position/7668602070022883637/detail,上海
职能,字节跳动,2026-08-24T18:43:44+00:00,bytedance:7668601789113452853,2026-08-24T21:20:16+00:00,2026-07-31T08:11:57+00:00,人力,字节跳动招聘,实习,招聘实习生 - 人力与管理部,https://jobs.bytedance.com/campus/position/7668601789113452853/detail,北京
商务,字节跳动,2026-08-24T19:23:31+00:00,bytedance:7668587571433490741,2026-08-24T21:20:16+00:00,2026-07-31T07:19:46+00:00,内审,字节跳动招聘,校招,合规AI解决方案 - 抖音生活服务,https://jobs.bytedance.com/campus/position/7668587571433490741/detail,上海
运营,字节跳动,2026-08-24T18:43:44+00:00,bytedance:7668587408078375173,2026-08-24T21:20:16+00:00,2026-07-31T07:18:30+00:00,运营,字节跳动招聘,校招,创作者运营 - 抖音生活服务,https://jobs.bytedance.com/campus/position/7668587408078375173/detail,上海 | 杭州 | 北京
产品,字节跳动,2026-08-24T18:43:44+00:00,bytedance:7668583584987252997,2026-08-24T21:20:16+00:00,2026-07-31T07:04:16+00:00,产品经理,字节跳动招聘,校招,用户产品经理 - 抖音生活服务,https://jobs.bytedance.com/campus/position/7668583584987252997/detail,北京 | 上海
设计,字节跳动,2026-08-24T18:43:44+00:00,bytedance:7668583365202200885,2026-08-24T21:20:16+00:00,2026-07-31T07:01:00+00:00,设计,字节跳动招聘,校招,AI产品体验设计（B端方向） - TikTok Shop,https://jobs.bytedance.com/campus/position/7668583365202200885/detail,上海
产品,字节跳动,2026-08-24T18:43:44+00:00,bytedance:7668576797001664821,2026-08-24T21:20:16+00:00,2026-07-31T06:37:13+00:00,产品经理,字节跳动招聘,校招,策略产品经理 - 抖音生活服务,https://jobs.bytedance.com/campus/position/7668576797001664821/detail,北京 | 上海 | 成都
运营,字节跳动,2026-08-24T18:43:44+00:00,bytedance:7668576803619227957,2026-08-24T21:20:16+00:00,2026-07-31T06:37:08+00:00,用户运营,字节跳动招聘,校招,补贴策略运营 - 抖音生活服务,https://jobs.bytedance.com/campus/position/7668576803619227957/detail,北京 | 上海
市场,字节跳动,2026-08-24T18:43:44+00:00,bytedance:7668576803968452917,2026-08-24T21:20:16+00:00,2026-07-31T06:36:47+00:00,用户运营,字节跳动招聘,校招,品类营销传播 - 抖音生活服务,https://jobs.bytedance.com/campus/position/7668576803968452917/detail,北京 | 上海
商业分析,字节跳动,2026-08-24T18:43:44+00:00,bytedance:7668576097404193077,2026-08-24T21:20:16+00:00,2026-07-31T06:31:52+00:00,用户运营,字节跳动招聘,校招,大促活动营销（数据分析与AI创新方向） - 抖音生活服务,https://jobs.bytedance.com/campus/position/7668576097404193077/detail,北京 | 上海
产品,字节跳动,2026-08-24T18:43:44+00:00,bytedance:7668575132089583925,2026-08-24T21:20:16+00:00,2026-07-31T06:30:21+00:00,产品经理,字节跳动招聘,校招,内容产品经理 - 抖音生活服务,https://jobs.bytedance.com/campus/position/7668575132089583925/detail,北京 | 上海
产品,字节跳动,2026-08-24T18:43:44+00:00,bytedance:7668575132492417333,2026-08-24T21:20:16+00:00,2026-07-31T06:29:54+00:00,产品经理,字节跳动招聘,校招,榜单产品经理 - 抖音生活服务,https://jobs.bytedance.com/campus/position/7668575132492417333/detail,北京 | 上海
运营,字节跳动,2026-08-24T18:43:44+00:00,bytedance:7668574691846031669,2026-08-24T21:20:16+00:00,2026-07-31T06:26:23+00:00,产品运营,字节跳动招聘,校招,策略运营 - 抖音生活服务,https://jobs.bytedance.com/campus/position/7668574691846031669/detail,上海 | 北京
运营,字节跳动,2026-08-24T18:43:44+00:00,bytedance:7668571993027348741,2026-08-24T21:20:16+00:00,2026-07-31T06:17:19+00:00,产品运营,字节跳动招聘,实习,产品运营实习生 - 集团信息系统,https://jobs.bytedance.com/campus/position/7668571993027348741/detail,北京 | 杭州
运营,字节跳动,2026-08-24T18:43:44+00:00,bytedance:7668571168375785781,2026-08-24T21:20:16+00:00,2026-07-31T06:14:24+00:00,产品运营,字节跳动招聘,实习,产品运营实习生 - 集团信息系统,https://jobs.bytedance.com/campus/position/7668571168375785781/detail,北京 | 杭州
运营,字节跳动,2026-08-24T18:43:44+00:00,bytedance:7668571088997632309,2026-08-24T21:20:16+00:00,2026-07-31T06:12:37+00:00,产品运营,字节跳动招聘,实习,产品运营实习生 - 集团信息系统,https://jobs.bytedance.com/campus/position/7668571088997632309/detail,北京 | 杭州
产品,字节跳动,2026-08-24T18:43:44+00:00,bytedance:7668570140604696837,2026-08-24T21:20:16+00:00,2026-07-31T06:12:02+00:00,产品,字节跳动招聘,校招,平台产品经理 - 抖音生活服务,https://jobs.bytedance.com/campus/position/7668570140604696837/detail,上海 | 北京
产品,字节跳动,2026-08-24T18:43:44+00:00,bytedance:7668569718668757253,2026-08-24T21:20:16+00:00,2026-07-31T06:08:23+00:00,产品,字节跳动招聘,校招,用户产品经理 - 抖音生活服务,https://jobs.bytedance.com/campus/position/7668569718668757253/detail,上海 | 北京
运营,字节跳动,2026-08-24T18:43:44+00:00,bytedance:7668569169417668869,2026-08-24T21:20:16+00:00,2026-07-31T06:05:13+00:00,产品运营,字节跳动招聘,校招,商品信息运营 - 抖音生活服务,https://jobs.bytedance.com/campus/position/7668569169417668869/detail,上海 | 北京
运营,字节跳动,2026-08-24T18:43:44+00:00,bytedance:7668568596697581829,2026-08-24T21:20:16+00:00,2026-07-31T06:04:37+00:00,产品运营,字节跳动招聘,校招,商家策略运营经理 - 抖音生活服务,https://jobs.bytedance.com/campus/position/7668568596697581829/detail,上海 | 北京
产品,字节跳动,2026-08-24T18:43:44+00:00,bytedance:7668568604380891397,2026-08-24T21:20:16+00:00,2026-07-31T06:04:04+00:00,产品,字节跳动招聘,校招,商家产品经理 - 抖音生活服务,https://jobs.bytedance.com/campus/position/7668568604380891397/detail,上海 | 北京
产品,字节跳动,2026-08-24T18:43:44+00:00,bytedance:7668568027743013125,2026-08-24T21:20:16+00:00,2026-07-31T06:03:14+00:00,产品,字节跳动招聘,校招,平台产品经理 - 抖音生活服务,https://jobs.bytedance.com/campus/position/7668568027743013125/detail,上海 | 北京
运营,字节跳动,2026-08-24T18:43:44+00:00,bytedance:7668567025011181877,2026-08-24T21:20:16+00:00,2026-07-31T05:57:59+00:00,产品运营,字节跳动招聘,校招,AI产品运营 - 抖音生活服务,https://jobs.bytedance.com/campus/position/7668567025011181877/detail,上海 | 北京
产品,字节跳动,2026-08-24T18:43:44+00:00,bytedance:7668562361263343925,2026-08-24T21:20:16+00:00,2026-07-31T05:42:20+00:00,产品经理,字节跳动招聘,校招,广告策略产品经理 - 抖音生活服务,https://jobs.bytedance.com/campus/position/7668562361263343925/detail,上海 | 北京
产品,字节跳动,2026-08-24T18:43:44+00:00,bytedance:7668562640176105733,2026-08-24T21:20:16+00:00,2026-07-31T05:41:55+00:00,产品经理,字节跳动招聘,校招,AI产品经理（广告策略方向） - 抖音生活服务,https://jobs.bytedance.com/campus/position/7668562640176105733/detail,北京 | 上海
产品,字节跳动,2026-08-24T18:43:44+00:00,bytedance:7668562355290818869,2026-08-24T21:20:16+00:00,2026-07-31T05:41:17+00:00,产品经理,字节跳动招聘,校招,AI产品经理（广告策略方向） - 抖音生活服务,https://jobs.bytedance.com/campus/position/7668562355290818869/detail,北京 | 上海
运营,字节跳动,2026-08-24T18:43:44+00:00,bytedance:7668544708158753077,2026-08-24T21:20:16+00:00,2026-07-31T04:34:40+00:00,产品运营,字节跳动招聘,校招,推荐产品运营 - TikTok Shop,https://jobs.bytedance.com/campus/position/7668544708158753077/detail,北京
产品,字节跳动,2026-08-24T18:43:44+00:00,bytedance:7668543576079632693,2026-08-24T21:20:16+00:00,2026-07-31T04:33:47+00:00,产品经理,字节跳动招聘,校招,推荐产品经理 - TikTok Shop,https://jobs.bytedance.com/campus/position/7668543576079632693/detail,上海
运营,字节跳动,2026-08-24T18:43:44+00:00,bytedance:7668545535465474309,2026-08-24T21:20:16+00:00,2026-07-31T04:33:20+00:00,运营,字节跳动招聘,校招,搜索产品运营 - TikTok Shop,https://jobs.bytedance.com/campus/position/7668545535465474309/detail,上海
产品,字节跳动,2026-08-24T18:43:44+00:00,bytedance:7668544733795780917,2026-08-24T21:20:16+00:00,2026-07-31T04:31:58+00:00,产品经理,字节跳动招聘,校招,搜索产品经理 - TikTok Shop,https://jobs.bytedance.com/campus/position/7668544733795780917/detail,上海
产品,字节跳动,2026-08-24T18:43:44+00:00,bytedance:7668543383427336453,2026-08-24T21:20:16+00:00,2026-07-31T04:31:14+00:00,产品经理,字节跳动招聘,校招,电商产品经理 - TikTok Shop,https://jobs.bytedance.com/campus/position/7668543383427336453/detail,上海 | 北京
职能,字节跳动,2026-08-24T18:43:44+00:00,bytedance:7668539638349744389,2026-08-24T21:20:16+00:00,2026-07-31T04:11:49+00:00,职能 / 支持,字节跳动招聘,校招,支付风控策略分析师 - 国际支付,https://jobs.bytedance.com/campus/position/7668539638349744389/detail,上海
职能,字节跳动,2026-08-24T18:43:44+00:00,bytedance:7668538711416965381,2026-08-24T21:20:16+00:00,2026-07-31T04:08:26+00:00,职能 / 支持,字节跳动招聘,校招,支付风控策略分析师 - 国际支付,https://jobs.bytedance.com/campus/position/7668538711416965381/detail,上海
职能,字节跳动,2026-08-24T18:43:44+00:00,bytedance:7668537552103295237,2026-08-24T21:20:16+00:00,2026-07-31T04:02:47+00:00,职能 / 支持,字节跳动招聘,校招,支付风控策略分析师 - 国际支付,https://jobs.bytedance.com/campus/position/7668537552103295237/detail,上海
运营,字节跳动,2026-08-24T18:43:44+00:00,bytedance:7668535341618284805,2026-08-24T21:20:16+00:00,2026-07-31T03:56:42+00:00,运营,字节跳动招聘,校招,汽车业务策略运营 - 内容质量与数据服务平台,https://jobs.bytedance.com/campus/position/7668535341618284805/detail,北京
运营,字节跳动,2026-08-24T18:43:44+00:00,bytedance:7668534111875647797,2026-08-24T21:20:16+00:00,2026-07-31T03:49:42+00:00,运营,字节跳动招聘,实习,行业运营（童装童鞋）实习生 - 抖音电商运营,https://jobs.bytedance.com/campus/position/7668534111875647797/detail,上海
运营,字节跳动,2026-08-24T18:43:44+00:00,bytedance:7668531243873749301,2026-08-24T21:20:16+00:00,2026-07-31T03:39:20+00:00,运营,字节跳动招聘,实习,标准运营实习生 - 内容质量与数据服务平台,https://jobs.bytedance.com/campus/position/7668531243873749301/detail,北京
产品,字节跳动,2026-08-24T18:43:44+00:00,bytedance:7668529601656195333,2026-08-24T21:20:16+00:00,2026-07-31T03:32:08+00:00,产品经理,字节跳动招聘,校招,产品经理 - 国际支付,https://jobs.bytedance.com/campus/position/7668529601656195333/detail,北京
职能,字节跳动,2026-08-24T18:43:44+00:00,bytedance:7668528911895955717,2026-08-24T21:20:16+00:00,2026-07-31T03:31:51+00:00,职能 / 支持,字节跳动招聘,校招,行政运营管理 - Corporate Services,https://jobs.bytedance.com/campus/position/7668528911895955717/detail,上海 | 北京 | 成都 | 深圳
产品,字节跳动,2026-08-24T18:43:44+00:00,bytedance:7668527854284343605,2026-08-24T21:20:16+00:00,2026-07-31T03:27:05+00:00,产品经理,字节跳动招聘,校招,广告产品经理 - 广告度量信号与隐私保护,https://jobs.bytedance.com/campus/position/7668527854284343605/detail,北京
设计,字节跳动,2026-08-24T18:43:44+00:00,bytedance:7668527430165367093,2026-08-24T21:20:16+00:00,2026-07-31T03:24:49+00:00,设计,字节跳动招聘,校招,AI内容设计师 - TikTok Shop,https://jobs.bytedance.com/campus/position/7668527430165367093/detail,上海
运营,字节跳动,2026-08-24T18:43:44+00:00,bytedance:7668525721189157125,2026-08-24T21:20:16+00:00,2026-07-31T03:18:54+00:00,产品运营,字节跳动招聘,实习,豆包AI大模型资源管理与运营实习生 - Data AML,https://jobs.bytedance.com/campus/position/7668525721189157125/detail,北京
商业分析,字节跳动,2026-08-24T18:43:44+00:00,bytedance:7668520016222603525,2026-08-24T21:20:16+00:00,2026-07-31T02:56:01+00:00,产品,字节跳动招聘,校招,国际物流经营分析产品经理 - TikTok Shop,https://jobs.bytedance.com/campus/position/7668520016222603525/detail,上海 | 珠海 | 杭州
运营,字节跳动,2026-08-24T18:43:44+00:00,bytedance:7668520180719012101,2026-08-24T21:20:16+00:00,2026-07-31T02:54:54+00:00,运营,字节跳动招聘,实习,反作弊策略运营实习生 - 内容质量与数据服务平台,https://jobs.bytedance.com/campus/position/7668520180719012101/detail,北京
商务,字节跳动,2026-08-24T18:43:44+00:00,bytedance:7668519606021212421,2026-08-24T21:20:16+00:00,2026-07-31T02:54:34+00:00,运营,字节跳动招聘,校招,商务流程管理 - TikTok Shop,https://jobs.bytedance.com/campus/position/7668519606021212421/detail,珠海
运营,字节跳动,2026-08-24T18:43:44+00:00,bytedance:7668518471162054917,2026-08-24T21:20:16+00:00,2026-07-31T02:50:29+00:00,运营,字节跳动招聘,校招,跨境物流日本运营 - TikTok Shop,https://jobs.bytedance.com/campus/position/7668518471162054917/detail,上海
运营,字节跳动,2026-08-24T18:43:44+00:00,bytedance:7668518023789414661,2026-08-24T21:20:16+00:00,2026-07-31T02:46:50+00:00,运营,字节跳动招聘,校招,跨境物流美洲运营 - TikTok Shop,https://jobs.bytedance.com/campus/position/7668518023789414661/detail,上海 | 深圳
运营,字节跳动,2026-08-24T18:43:44+00:00,bytedance:7668518017689995573,2026-08-24T21:20:16+00:00,2026-07-31T02:46:38+00:00,运营,字节跳动招聘,校招,用户体验运营 - 抖音生活服务,https://jobs.bytedance.com/campus/position/7668518017689995573/detail,上海
运营,字节跳动,2026-08-24T18:43:44+00:00,bytedance:7668517886824270085,2026-08-24T21:20:16+00:00,2026-07-31T02:45:58+00:00,运营,字节跳动招聘,校招,跨境物流欧洲运营 - TikTok Shop,https://jobs.bytedance.com/campus/position/7668517886824270085/detail,上海 | 杭州
商务,字节跳动,2026-08-24T18:43:44+00:00,bytedance:7668516595543689477,2026-08-24T21:20:16+00:00,2026-07-31T02:44:32+00:00,运营,字节跳动招聘,校招,东南亚国际物流解决方案 - TikTok Shop,https://jobs.bytedance.com/campus/position/7668516595543689477/detail,杭州 | 北京 | 深圳
产品,字节跳动,2026-08-24T18:43:44+00:00,bytedance:7668516536862804277,2026-08-24T21:20:16+00:00,2026-07-31T02:43:22+00:00,产品,字节跳动招聘,校招,结算客服产品经理 - TikTok Shop,https://jobs.bytedance.com/campus/position/7668516536862804277/detail,上海 | 杭州 | 北京
产品,字节跳动,2026-08-24T18:43:44+00:00,bytedance:7668516302890486069,2026-08-24T21:20:16+00:00,2026-07-31T02:41:02+00:00,产品,字节跳动招聘,校招,商家管理产品经理 - TikTok Shop,https://jobs.bytedance.com/campus/position/7668516302890486069/detail,杭州
运营,字节跳动,2026-08-24T18:43:44+00:00,bytedance:7668516134585534725,2026-08-24T21:20:16+00:00,2026-07-31T02:40:30+00:00,运营,字节跳动招聘,校招,社交业务策略运营 - 内容质量与数据服务平台,https://jobs.bytedance.com/campus/position/7668516134585534725/detail,北京
产品,字节跳动,2026-08-24T18:43:44+00:00,bytedance:7668515846756681989,2026-08-24T21:20:16+00:00,2026-07-31T02:38:25+00:00,产品,字节跳动招聘,实习,AI技术产品实习生（AI导购与种草内容AIGC方向） - 中国交易与广告,https://jobs.bytedance.com/campus/position/7668515846756681989/detail,北京
运营,字节跳动,2026-08-24T18:43:44+00:00,bytedance:7668515561866971397,2026-08-24T21:20:16+00:00,2026-07-31T02:37:33+00:00,运营,字节跳动招聘,实习,大模型安全攻防实习生 - 内容质量与数据服务平台,https://jobs.bytedance.com/campus/position/7668515561866971397/detail,北京
产品,字节跳动,2026-08-24T18:43:44+00:00,bytedance:7668483965606447413,2026-08-24T21:20:16+00:00,2026-07-31T00:45:52+00:00,产品,字节跳动招聘,校招,用户产品经理 - TikTok Shop,https://jobs.bytedance.com/campus/position/7668483965606447413/detail,上海
运营,字节跳动,2026-08-24T18:43:44+00:00,bytedance:7668482841099258117,2026-08-24T21:20:16+00:00,2026-07-31T00:38:32+00:00,运营,字节跳动招聘,校招,开放平台AI产品运营 - TikTok Shop,https://jobs.bytedance.com/campus/position/7668482841099258117/detail,上海
产品,字节跳动,2026-08-24T18:43:44+00:00,bytedance:7668483963347618053,2026-08-24T21:20:16+00:00,2026-07-31T00:34:34+00:00,产品,字节跳动招聘,校招,AI产品经理（开放平台方向） - TikTok Shop,https://jobs.bytedance.com/campus/position/7668483963347618053/detail,上海
产品,字节跳动,2026-08-24T18:43:44+00:00,bytedance:7668368427569481989,2026-08-24T21:20:16+00:00,2026-07-30T17:10:18+00:00,产品,字节跳动招聘,校招,用户体验判责策略产品经理（AI Agent方向） - 抖音电商,https://jobs.bytedance.com/campus/position/7668368427569481989/detail,上海 | 北京
产品,字节跳动,2026-08-24T18:43:44+00:00,bytedance:7668356727960242485,2026-08-24T21:20:16+00:00,2026-07-30T16:31:32+00:00,产品经理,字节跳动招聘,校招,AI产品经理 - Aime,https://jobs.bytedance.com/campus/position/7668356727960242485/detail,北京 | 上海
运营,字节跳动,2026-08-24T18:43:44+00:00,bytedance:7668339645436037429,2026-08-24T21:20:16+00:00,2026-07-30T15:19:32+00:00,运营,字节跳动招聘,校招,风控策略运营（AI+财税方向） - 抖音生活服务,https://jobs.bytedance.com/campus/position/7668339645436037429/detail,北京 | 上海
运营,字节跳动,2026-08-24T18:43:44+00:00,bytedance:7668340383125932341,2026-08-24T21:20:16+00:00,2026-07-30T15:18:24+00:00,职能 / 支持,字节跳动招聘,校招,房产规划运营/BP - Corporate Services,https://jobs.bytedance.com/campus/position/7668340383125932341/detail,北京
职能,字节跳动,2026-08-24T18:43:44+00:00,bytedance:7668337442022148357,2026-08-24T21:20:16+00:00,2026-07-30T15:16:34+00:00,职能 / 支持,字节跳动招聘,校招,房产策略规划 - Corporate Services,https://jobs.bytedance.com/campus/position/7668337442022148357/detail,北京
运营,字节跳动,2026-08-24T18:43:44+00:00,bytedance:7668337442179336453,2026-08-24T21:20:16+00:00,2026-07-30T15:14:56+00:00,运营,字节跳动招聘,校招,AI产品运营 - TikTok Shop,https://jobs.bytedance.com/campus/position/7668337442179336453/detail,上海 | 珠海
产品,字节跳动,2026-08-24T18:43:44+00:00,bytedance:7668334828723702021,2026-08-24T21:20:16+00:00,2026-07-30T15:05:57+00:00,产品,字节跳动招聘,校招,AI产品经理（商家端方向） - TikTok Shop,https://jobs.bytedance.com/campus/position/7668334828723702021/detail,上海
产品,字节跳动,2026-08-24T18:43:44+00:00,bytedance:7668336305839376693,2026-08-24T21:20:16+00:00,2026-07-30T15:01:48+00:00,产品,字节跳动招聘,校招,AI产品经理（商家资金方向） - TikTok Shop,https://jobs.bytedance.com/campus/position/7668336305839376693/detail,上海 | 北京
产品,字节跳动,2026-08-24T18:43:44+00:00,bytedance:7668334624594970933,2026-08-24T21:20:16+00:00,2026-07-30T14:57:03+00:00,产品,字节跳动招聘,校招,商品产品经理（AI方向） - TikTok Shop,https://jobs.bytedance.com/campus/position/7668334624594970933/detail,上海 | 北京
商务,字节跳动,2026-08-24T18:43:44+00:00,bytedance:7668332785716447493,2026-08-24T21:20:16+00:00,2026-07-30T14:48:37+00:00,产品,字节跳动招聘,校招,解决方案产品经理 - TikTok Shop,https://jobs.bytedance.com/campus/position/7668332785716447493/detail,上海
产品,字节跳动,2026-08-24T18:43:44+00:00,bytedance:7668332173116246325,2026-08-24T21:20:16+00:00,2026-07-30T14:45:40+00:00,产品,字节跳动招聘,校招,内容产品经理 - TikTok Shop,https://jobs.bytedance.com/campus/position/7668332173116246325/detail,上海 | 北京
产品,字节跳动,2026-08-24T18:43:44+00:00,bytedance:7668331033272944949,2026-08-24T21:20:16+00:00,2026-07-30T14:42:37+00:00,产品,字节跳动招聘,校招,直播产品经理 - TikTok Shop,https://jobs.bytedance.com/campus/position/7668331033272944949/detail,上海
产品,字节跳动,2026-08-24T18:43:44+00:00,bytedance:7668329930204039477,2026-08-24T21:20:16+00:00,2026-07-30T14:39:46+00:00,产品,字节跳动招聘,校招,达人产品经理 - TikTok Shop,https://jobs.bytedance.com/campus/position/7668329930204039477/detail,上海
产品,字节跳动,2026-08-24T18:43:44+00:00,bytedance:7668329115531659573,2026-08-24T21:20:16+00:00,2026-07-30T14:37:14+00:00,产品,字节跳动招聘,校招,商家经营产品经理 - TikTok Shop,https://jobs.bytedance.com/campus/position/7668329115531659573/detail,上海 | 北京
增长,字节跳动,2026-08-24T18:43:44+00:00,bytedance:7668327844800088373,2026-08-24T21:20:16+00:00,2026-07-30T14:32:49+00:00,产品,字节跳动招聘,校招,用户增长产品经理 - TikTok Shop,https://jobs.bytedance.com/campus/position/7668327844800088373/detail,上海 | 北京
增长,字节跳动,2026-08-24T18:43:44+00:00,bytedance:7668321009259579701,2026-08-24T21:20:16+00:00,2026-07-30T14:03:33+00:00,产品,字节跳动招聘,校招,用户增长产品经理（联合用户增长） - 抖音电商,https://jobs.bytedance.com/campus/position/7668321009259579701/detail,上海 | 北京
运营,字节跳动,2026-08-24T18:43:44+00:00,bytedance:7668316225051347253,2026-08-24T21:20:16+00:00,2026-07-30T13:45:26+00:00,运营,字节跳动招聘,实习,治理运营实习生 - TikTok Shop,https://jobs.bytedance.com/campus/position/7668316225051347253/detail,上海
职能,字节跳动,2026-08-24T18:43:44+00:00,bytedance:7668309413808458037,2026-08-24T21:20:16+00:00,2026-07-30T13:19:50+00:00,职能 / 支持,字节跳动招聘,校招,房产项目专员 - Corporate Services,https://jobs.bytedance.com/campus/position/7668309413808458037/detail,北京
产品,字节跳动,2026-08-24T18:43:44+00:00,bytedance:7668306502553995573,2026-08-24T21:20:16+00:00,2026-07-30T13:06:11+00:00,产品经理,字节跳动招聘,校招,AI产品经理（自助产品方向） - 抖音电商,https://jobs.bytedance.com/campus/position/7668306502553995573/detail,北京 | 上海
产品,字节跳动,2026-08-24T18:43:44+00:00,bytedance:7668305501600483637,2026-08-24T21:20:16+00:00,2026-07-30T13:01:49+00:00,产品经理,字节跳动招聘,校招,AI产品经理（千川投放平台方向） - 抖音电商,https://jobs.bytedance.com/campus/position/7668305501600483637/detail,北京 | 上海
产品,字节跳动,2026-08-24T18:43:44+00:00,bytedance:7668304557114804533,2026-08-24T21:20:16+00:00,2026-07-30T12:58:39+00:00,产品经理,字节跳动招聘,校招,交易用户产品经理 - 抖音电商,https://jobs.bytedance.com/campus/position/7668304557114804533/detail,上海 | 北京
产品,字节跳动,2026-08-24T18:43:44+00:00,bytedance:7668304295008438581,2026-08-24T21:20:16+00:00,2026-07-30T12:58:15+00:00,产品经理,字节跳动招聘,校招,AI产品经理（短剧策略方向） - 抖音电商,https://jobs.bytedance.com/campus/position/7668304295008438581/detail,北京 | 上海
产品,字节跳动,2026-08-24T18:43:44+00:00,bytedance:7668303337959819573,2026-08-24T21:20:16+00:00,2026-07-30T12:54:12+00:00,产品经理,字节跳动招聘,校招,巨量千川流量策略产品经理 - 抖音电商,https://jobs.bytedance.com/campus/position/7668303337959819573/detail,北京 | 上海
运营,字节跳动,2026-08-24T18:43:44+00:00,bytedance:7668302484166871349,2026-08-24T21:20:16+00:00,2026-07-30T12:53:35+00:00,运营,字节跳动招聘,校招,经营策略分析师 - 抖音生活服务,https://jobs.bytedance.com/campus/position/7668302484166871349/detail,北京 | 上海
运营,字节跳动,2026-08-24T18:43:44+00:00,bytedance:7668302708907100469,2026-08-24T21:20:16+00:00,2026-07-30T12:53:06+00:00,运营,字节跳动招聘,校招,体验策略运营 - 抖音生活服务,https://jobs.bytedance.com/campus/position/7668302708907100469/detail,上海 | 北京
产品,字节跳动,2026-08-24T18:43:44+00:00,bytedance:7668302708726679861,2026-08-24T21:20:16+00:00,2026-07-30T12:53:01+00:00,产品经理,字节跳动招聘,校招,电商直播用户产品经理 - 抖音电商,https://jobs.bytedance.com/campus/position/7668302708726679861/detail,上海 | 北京
产品,字节跳动,2026-08-24T18:43:44+00:00,bytedance:7668302051415361845,2026-08-24T21:20:16+00:00,2026-07-30T12:51:07+00:00,产品经理,字节跳动招聘,校招,巨量千川客户策略产品经理 - 抖音电商,https://jobs.bytedance.com/campus/position/7668302051415361845/detail,北京 | 上海
市场,字节跳动,2026-08-24T18:43:44+00:00,bytedance:7668302016753486085,2026-08-24T21:20:16+00:00,2026-07-30T12:48:21+00:00,产品经理,字节跳动招聘,校招,平台营销产品经理 - 抖音电商,https://jobs.bytedance.com/campus/position/7668302016753486085/detail,北京 | 上海
市场,字节跳动,2026-08-24T18:43:44+00:00,bytedance:7668300977340238085,2026-08-24T21:20:16+00:00,2026-07-30T12:45:13+00:00,产品经理,字节跳动招聘,校招,用户营销产品经理 - 抖音电商,https://jobs.bytedance.com/campus/position/7668300977340238085/detail,北京 | 上海
市场,字节跳动,2026-08-24T18:43:44+00:00,bytedance:7668300297987737861,2026-08-24T21:20:16+00:00,2026-07-30T12:41:46+00:00,产品经理,字节跳动招聘,校招,AI产品经理（营销Agent方向） - 抖音电商,https://jobs.bytedance.com/campus/position/7668300297987737861/detail,北京 | 上海
运营,字节跳动,2026-08-24T18:43:44+00:00,bytedance:7668299838714906885,2026-08-24T21:20:16+00:00,2026-07-30T12:40:08+00:00,采购,字节跳动招聘,校招,物理安全策略 - Corporate Services,https://jobs.bytedance.com/campus/position/7668299838714906885/detail,上海
市场,字节跳动,2026-08-24T18:43:44+00:00,bytedance:7668299066790463749,2026-08-24T21:20:16+00:00,2026-07-30T12:38:38+00:00,产品经理,字节跳动招聘,校招,AI产品经理（商家达人营销方向） - 抖音电商,https://jobs.bytedance.com/campus/position/7668299066790463749/detail,北京 | 上海
战略,字节跳动,2026-08-24T18:43:44+00:00,bytedance:7668298437905434933,2026-08-24T21:20:16+00:00,2026-07-30T12:37:35+00:00,运营,字节跳动招聘,校招,战略经营分析师 - 抖音生活服务,https://jobs.bytedance.com/campus/position/7668298437905434933/detail,北京 | 上海
运营,字节跳动,2026-08-24T18:43:44+00:00,bytedance:7668297904666904885,2026-08-24T21:20:16+00:00,2026-07-30T12:33:21+00:00,运营,字节跳动招聘,校招,Push运营 - 抖音内容运营,https://jobs.bytedance.com/campus/position/7668297904666904885/detail,北京
运营,字节跳动,2026-08-24T18:43:44+00:00,bytedance:7668298108847098165,2026-08-24T21:20:16+00:00,2026-07-30T12:33:17+00:00,运营,字节跳动招聘,校招,抖音内容生态治理运营 - 抖音内容运营,https://jobs.bytedance.com/campus/position/7668298108847098165/detail,北京
运营,字节跳动,2026-08-24T18:43:44+00:00,bytedance:7668297904772303157,2026-08-24T21:20:16+00:00,2026-07-30T12:32:59+00:00,运营,字节跳动招聘,校招,抖音优质生态运营（精选方向） - 抖音内容运营,https://jobs.bytedance.com/campus/position/7668297904772303157/detail,北京
运营,字节跳动,2026-08-24T18:43:44+00:00,bytedance:7668297687557343541,2026-08-24T21:20:16+00:00,2026-07-30T12:32:42+00:00,运营,字节跳动招聘,校招,抖音评论模型运营 - 抖音内容运营,https://jobs.bytedance.com/campus/position/7668297687557343541/detail,北京
运营,字节跳动,2026-08-24T18:43:44+00:00,bytedance:7668297472185977093,2026-08-24T21:20:16+00:00,2026-07-30T12:32:34+00:00,运营,字节跳动招聘,校招,抖音热点资讯编辑 - 抖音内容运营,https://jobs.bytedance.com/campus/position/7668297472185977093/detail,北京
运营,字节跳动,2026-08-24T18:43:44+00:00,bytedance:7668297905238034741,2026-08-24T21:20:16+00:00,2026-07-30T12:32:29+00:00,运营,字节跳动招聘,校招,护肤行业运营 - 抖音电商,https://jobs.bytedance.com/campus/position/7668297905238034741/detail,上海
运营,字节跳动,2026-08-24T18:43:44+00:00,bytedance:7668296797446244661,2026-08-24T21:20:16+00:00,2026-07-30T12:32:15+00:00,运营,字节跳动招聘,校招,抖音高热研判编辑 - 抖音内容运营,https://jobs.bytedance.com/campus/position/7668296797446244661/detail,北京
设计,字节跳动,2026-08-24T18:43:44+00:00,bytedance:7668297647706343685,2026-08-24T21:20:16+00:00,2026-07-30T12:31:25+00:00,职能 / 支持,字节跳动招聘,实习,室内设计实习生 - Corporate Services,https://jobs.bytedance.com/campus/position/7668297647706343685/detail,北京
职能,字节跳动,2026-08-24T18:43:44+00:00,bytedance:7668297208588028213,2026-08-24T21:20:16+00:00,2026-07-30T12:29:54+00:00,采购,字节跳动招聘,校招,采购经营管理 - Corporate Services,https://jobs.bytedance.com/campus/position/7668297208588028213/detail,北京
设计,字节跳动,2026-08-24T18:43:44+00:00,bytedance:7668295939099429173,2026-08-24T21:20:16+00:00,2026-07-30T12:29:21+00:00,职能 / 支持,字节跳动招聘,校招,室内设计专员 - Corporate Services,https://jobs.bytedance.com/campus/position/7668295939099429173/detail,北京
职能,字节跳动,2026-08-24T18:43:44+00:00,bytedance:7668294727842531589,2026-08-24T21:20:16+00:00,2026-07-30T12:23:12+00:00,采购,字节跳动招聘,校招,采购政策与合规 - Corporate Services,https://jobs.bytedance.com/campus/position/7668294727842531589/detail,北京
产品,字节跳动,2026-08-24T18:43:44+00:00,bytedance:7668294646178908469,2026-08-24T21:20:16+00:00,2026-07-30T12:23:03+00:00,产品经理,字节跳动招聘,校招,AI产品经理（采购方向） - Corporate Services,https://jobs.bytedance.com/campus/position/7668294646178908469/detail,北京
运营,字节跳动,2026-08-24T18:43:44+00:00,bytedance:7668294323579914501,2026-08-24T21:20:16+00:00,2026-07-30T12:21:11+00:00,职能 / 支持,字节跳动招聘,校招,员工流动服务运营 - Corporate Services,https://jobs.bytedance.com/campus/position/7668294323579914501/detail,北京
职能,字节跳动,2026-08-24T18:43:44+00:00,bytedance:7668294219304470837,2026-08-24T21:20:16+00:00,2026-07-30T12:19:24+00:00,职能 / 支持,字节跳动招聘,校招,成本管理专员 - Corporate Services,https://jobs.bytedance.com/campus/position/7668294219304470837/detail,北京
设计,字节跳动,2026-08-24T18:43:44+00:00,bytedance:7668291384618895621,2026-08-24T21:20:16+00:00,2026-07-30T12:11:55+00:00,职能 / 支持,字节跳动招聘,校招,机电设计专员 - Corporate Services,https://jobs.bytedance.com/campus/position/7668291384618895621/detail,北京
职能,字节跳动,2026-08-24T18:43:44+00:00,bytedance:7668289574554110213,2026-08-24T21:20:16+00:00,2026-07-30T12:03:40+00:00,职能 / 支持,字节跳动招聘,校招,行政策略分析 - Corporate Services,https://jobs.bytedance.com/campus/position/7668289574554110213/detail,北京
市场,字节跳动,2026-08-24T18:43:44+00:00,bytedance:7668288079398258949,2026-08-24T21:20:16+00:00,2026-07-30T11:58:57+00:00,运营,字节跳动招聘,校招,抖音星图达人运营经理 - 抖音品牌营销与星图达人,https://jobs.bytedance.com/campus/position/7668288079398258949/detail,北京
市场,字节跳动,2026-08-24T18:43:44+00:00,bytedance:7668288077781420341,2026-08-24T21:20:16+00:00,2026-07-30T11:58:54+00:00,运营,字节跳动招聘,校招,抖音品牌广告运营经理 - 抖音品牌营销与星图达人,https://jobs.bytedance.com/campus/position/7668288077781420341/detail,北京
市场,字节跳动,2026-08-24T18:43:44+00:00,bytedance:7668288833993591093,2026-08-24T21:20:16+00:00,2026-07-30T11:58:50+00:00,运营,字节跳动招聘,校招,招商运营经理 - 抖音品牌营销与星图达人,https://jobs.bytedance.com/campus/position/7668288833993591093/detail,北京
市场,字节跳动,2026-08-24T18:43:44+00:00,bytedance:7668288515009169717,2026-08-24T21:20:16+00:00,2026-07-30T11:58:46+00:00,运营,字节跳动招聘,校招,产品运营经理 - 抖音品牌营销与星图达人,https://jobs.bytedance.com/campus/position/7668288515009169717/detail,北京
运营,字节跳动,2026-08-24T18:43:44+00:00,bytedance:7668288082718918965,2026-08-24T21:20:16+00:00,2026-07-30T11:58:43+00:00,运营,字节跳动招聘,校招,抖音消费决策垂类运营经理 - 抖音运营,https://jobs.bytedance.com/campus/position/7668288082718918965/detail,北京
运营,字节跳动,2026-08-24T18:43:44+00:00,bytedance:7668288833993214261,2026-08-24T21:20:16+00:00,2026-07-30T11:58:38+00:00,运营,字节跳动招聘,校招,抖音生活休闲垂类运营经理 - 抖音运营,https://jobs.bytedance.com/campus/position/7668288833993214261/detail,北京
市场,字节跳动,2026-08-24T18:43:44+00:00,bytedance:7668288079397275909,2026-08-24T21:20:16+00:00,2026-07-30T11:58:35+00:00,运营,字节跳动招聘,校招,抖音文创营销运营经理 - 抖音运营,https://jobs.bytedance.com/campus/position/7668288079397275909/detail,北京
运营,字节跳动,2026-08-24T18:43:44+00:00,bytedance:7668288515014035717,2026-08-24T21:20:16+00:00,2026-07-30T11:58:32+00:00,运营,字节跳动招聘,校招,抖音泛资讯运营经理 - 抖音内容运营,https://jobs.bytedance.com/campus/position/7668288515014035717/detail,北京
运营,字节跳动,2026-08-24T18:43:44+00:00,bytedance:7668288515521153333,2026-08-24T21:20:16+00:00,2026-07-30T11:58:29+00:00,运营,字节跳动招聘,校招,抖音热点治理策略经理 - 抖音内容运营,https://jobs.bytedance.com/campus/position/7668288515521153333/detail,北京
运营,字节跳动,2026-08-24T18:43:44+00:00,bytedance:7668288833977747765,2026-08-24T21:20:16+00:00,2026-07-30T11:58:24+00:00,运营,字节跳动招聘,校招,抖音AI创新策略经理 - 抖音内容运营,https://jobs.bytedance.com/campus/position/7668288833977747765/detail,北京
运营,字节跳动,2026-08-24T18:43:44+00:00,bytedance:7668288515520809269,2026-08-24T21:20:16+00:00,2026-07-30T11:58:08+00:00,运营,字节跳动招聘,校招,抖音专业知识内容运营经理 - 抖音内容运营,https://jobs.bytedance.com/campus/position/7668288515520809269/detail,北京
产品,字节跳动,2026-08-24T18:43:44+00:00,bytedance:7668287105180993845,2026-08-24T21:20:16+00:00,2026-07-30T11:53:44+00:00,产品经理,字节跳动招聘,校招,外汇产品经理 - 国际支付,https://jobs.bytedance.com/campus/position/7668287105180993845/detail,上海
运营,字节跳动,2026-08-24T18:43:44+00:00,bytedance:7668280537584978229,2026-08-24T21:20:16+00:00,2026-07-30T11:27:19+00:00,运营,字节跳动招聘,校招,抖音AIGC治理策略 - 抖音社区治理,https://jobs.bytedance.com/campus/position/7668280537584978229/detail,北京
运营,字节跳动,2026-08-24T18:43:44+00:00,bytedance:7668280223222745397,2026-08-24T21:20:16+00:00,2026-07-30T11:27:16+00:00,运营,字节跳动招聘,校招,抖音版权治理策略 - 抖音社区治理,https://jobs.bytedance.com/campus/position/7668280223222745397/detail,北京
运营,字节跳动,2026-08-24T18:43:44+00:00,bytedance:7668280649552464181,2026-08-24T21:20:16+00:00,2026-07-30T11:26:55+00:00,运营,字节跳动招聘,校招,抖音账号治理策略 - 抖音社区治理,https://jobs.bytedance.com/campus/position/7668280649552464181/detail,北京
运营,字节跳动,2026-08-24T18:43:44+00:00,bytedance:7668280556798839093,2026-08-24T21:20:16+00:00,2026-07-30T11:26:27+00:00,运营,字节跳动招聘,校招,抖音反欺诈治理策略 - 抖音社区治理,https://jobs.bytedance.com/campus/position/7668280556798839093/detail,北京
运营,字节跳动,2026-08-24T18:43:44+00:00,bytedance:7668280649551890741,2026-08-24T21:20:16+00:00,2026-07-30T11:26:25+00:00,运营,字节跳动招聘,校招,抖音泛娱乐治理策略（大模型方向） - 抖音社区治理,https://jobs.bytedance.com/campus/position/7668280649551890741/detail,杭州
运营,字节跳动,2026-08-24T18:43:44+00:00,bytedance:7668279626915760389,2026-08-24T21:20:16+00:00,2026-07-30T11:23:08+00:00,运营,字节跳动招聘,校招,抖音内容标准运营 - 抖音社区治理,https://jobs.bytedance.com/campus/position/7668279626915760389/detail,北京
市场,字节跳动,2026-08-24T18:43:44+00:00,bytedance:7668278936377166085,2026-08-24T21:20:16+00:00,2026-07-30T11:23:05+00:00,运营,字节跳动招聘,校招,抖音营销内容治理策略 - 抖音社区治理,https://jobs.bytedance.com/campus/position/7668278936377166085/detail,北京
运营,字节跳动,2026-08-24T18:43:44+00:00,bytedance:7668278936820566325,2026-08-24T21:20:16+00:00,2026-07-30T11:23:02+00:00,运营,字节跳动招聘,校招,抖音AI平台治理治理策略 - 抖音社区治理,https://jobs.bytedance.com/campus/position/7668278936820566325/detail,北京
运营,字节跳动,2026-08-24T18:43:44+00:00,bytedance:7668270349172738309,2026-08-24T21:20:16+00:00,2026-07-30T10:46:51+00:00,数据分析,字节跳动招聘,实习,直播活动运营实习生-TikTok直播,https://jobs.bytedance.com/campus/position/7668270349172738309/detail,深圳
商业分析,字节跳动,2026-08-24T19:23:31+00:00,bytedance:7668269762175863045,2026-08-24T21:20:16+00:00,2026-07-30T10:44:23+00:00,数据分析,字节跳动招聘,实习,直播生态治理实习生-TikTok直播,https://jobs.bytedance.com/campus/position/7668269762175863045/detail,北京
销售,字节跳动,2026-08-24T18:43:44+00:00,bytedance:7668260451848702261,2026-08-24T21:20:16+00:00,2026-07-30T10:07:35+00:00,销售,字节跳动招聘,校招,云与AI咨询销售 - 火山引擎,https://jobs.bytedance.com/campus/position/7668260451848702261/detail,北京
市场,字节跳动,2026-08-24T18:43:44+00:00,bytedance:7668258698923460869,2026-08-24T21:20:16+00:00,2026-07-30T10:00:25+00:00,市场,字节跳动招聘,校招,品牌创意传播 - 抖音生活服务,https://jobs.bytedance.com/campus/position/7668258698923460869/detail,北京 | 上海
商业分析,字节跳动,2026-08-24T19:23:31+00:00,bytedance:7668257548126406917,2026-08-24T21:20:16+00:00,2026-07-30T09:57:25+00:00,数据分析,字节跳动招聘,校招,数据分析师（AI分析工具建设） - 抖音生活服务,https://jobs.bytedance.com/campus/position/7668257548126406917/detail,北京 | 上海
销售,字节跳动,2026-08-24T18:43:44+00:00,bytedance:7668254915209070853,2026-08-24T21:20:16+00:00,2026-07-30T09:46:56+00:00,产品经理,字节跳动招聘,校招,产品经理 - 销售运营管理平台,https://jobs.bytedance.com/campus/position/7668254915209070853/detail,北京
销售,字节跳动,2026-08-24T18:43:44+00:00,bytedance:7668253978782779701,2026-08-24T21:20:16+00:00,2026-07-30T09:43:18+00:00,产品,字节跳动招聘,校招,AI产品经理（国际化广告方向） - 销售运营管理平台,https://jobs.bytedance.com/campus/position/7668253978782779701/detail,北京
运营,字节跳动,2026-08-24T18:43:44+00:00,bytedance:7668252612536305925,2026-08-24T21:20:16+00:00,2026-07-30T09:38:31+00:00,运营,字节跳动招聘,校招,抖音人审安全运营 - 抖音社区治理,https://jobs.bytedance.com/campus/position/7668252612536305925/detail,北京
运营,字节跳动,2026-08-24T18:43:44+00:00,bytedance:7668252175541389621,2026-08-24T21:20:16+00:00,2026-07-30T09:37:00+00:00,运营,字节跳动招聘,校招,抖音视频安全治理策略 - 抖音社区治理,https://jobs.bytedance.com/campus/position/7668252175541389621/detail,北京 | 上海
运营,字节跳动,2026-08-24T18:43:44+00:00,bytedance:7668252612533750021,2026-08-24T21:20:16+00:00,2026-07-30T09:36:52+00:00,运营,字节跳动招聘,校招,抖音视频安全治理策略 - 抖音社区治理,https://jobs.bytedance.com/campus/position/7668252612533750021/detail,北京 | 上海
运营,字节跳动,2026-08-24T18:43:44+00:00,bytedance:7668252418966980917,2026-08-24T21:20:16+00:00,2026-07-30T09:35:57+00:00,运营,字节跳动招聘,校招,抖音视频安全治理策略 - 抖音社区治理,https://jobs.bytedance.com/campus/position/7668252418966980917/detail,北京 | 上海
运营,字节跳动,2026-08-24T18:43:44+00:00,bytedance:7668247298219018501,2026-08-24T21:20:16+00:00,2026-07-30T09:16:10+00:00,商业运营,字节跳动招聘,校招,广告产品运营 - 国际化电商广告,https://jobs.bytedance.com/campus/position/7668247298219018501/detail,上海
运营,字节跳动,2026-08-24T18:43:44+00:00,bytedance:7668246565001480453,2026-08-24T21:20:16+00:00,2026-07-30T09:15:14+00:00,商业运营,字节跳动招聘,校招,广告产品运营 - 国际化电商广告,https://jobs.bytedance.com/campus/position/7668246565001480453/detail,北京
市场,字节跳动,2026-08-24T18:43:44+00:00,bytedance:7668246248919730485,2026-08-24T21:20:16+00:00,2026-07-30T09:11:59+00:00,运营,字节跳动招聘,校招,市场营销活动运营 - 抖音生活服务,https://jobs.bytedance.com/campus/position/7668246248919730485/detail,北京 | 上海
商务,字节跳动,2026-08-24T18:43:44+00:00,bytedance:7668233294778042629,2026-08-24T21:20:16+00:00,2026-07-30T08:22:37+00:00,运营,字节跳动招聘,实习,GTM运营BP实习生 - 飞书商业化,https://jobs.bytedance.com/campus/position/7668233294778042629/detail,上海
商务,字节跳动,2026-08-24T18:43:44+00:00,bytedance:7668231984354937141,2026-08-24T21:20:16+00:00,2026-07-30T08:16:29+00:00,运营,字节跳动招聘,校招,餐饮体验解决方案 - 抖音生活服务,https://jobs.bytedance.com/campus/position/7668231984354937141/detail,上海 | 北京
产品,字节跳动,2026-08-24T18:43:44+00:00,bytedance:7668231942056282421,2026-08-24T21:20:16+00:00,2026-07-30T08:16:24+00:00,产品经理,字节跳动招聘,校招,Payroll产品经理 - 集团信息系统,https://jobs.bytedance.com/campus/position/7668231942056282421/detail,北京
产品,字节跳动,2026-08-24T18:43:44+00:00,bytedance:7668230420445792565,2026-08-24T21:20:16+00:00,2026-07-30T08:12:15+00:00,产品,字节跳动招聘,校招,AI产品经理 - 飞书项目,https://jobs.bytedance.com/campus/position/7668230420445792565/detail,北京
产品,字节跳动,2026-08-24T18:43:44+00:00,bytedance:7668230170100304181,2026-08-24T21:20:16+00:00,2026-07-30T08:10:32+00:00,产品经理,字节跳动招聘,校招,产品经理（绩效调薪调级方向） - 集团信息系统,https://jobs.bytedance.com/campus/position/7668230170100304181/detail,广州
增长,字节跳动,2026-08-24T18:43:44+00:00,bytedance:7668229518201456901,2026-08-24T21:20:16+00:00,2026-07-30T08:07:47+00:00,商业运营,字节跳动招聘,校招,广告产品运营 - 规模化增长,https://jobs.bytedance.com/campus/position/7668229518201456901/detail,上海 | 北京
产品,字节跳动,2026-08-24T18:43:44+00:00,bytedance:7668229255391447301,2026-08-24T21:20:16+00:00,2026-07-30T08:07:17+00:00,产品经理,字节跳动招聘,校招,广告产品经理 - 国际化内容与服务广告,https://jobs.bytedance.com/campus/position/7668229255391447301/detail,北京 | 上海
产品,字节跳动,2026-08-24T18:43:44+00:00,bytedance:7668229502489053493,2026-08-24T21:20:16+00:00,2026-07-30T08:07:05+00:00,产品经理,字节跳动招聘,校招,产品经理（招聘方向） - 集团信息系统,https://jobs.bytedance.com/campus/position/7668229502489053493/detail,北京
运营,字节跳动,2026-08-24T18:43:44+00:00,bytedance:7668229503697619253,2026-08-24T21:20:16+00:00,2026-07-30T08:06:57+00:00,商业运营,字节跳动招聘,校招,广告产品运营 - 国际化商业安全,https://jobs.bytedance.com/campus/position/7668229503697619253/detail,上海
产品,字节跳动,2026-08-24T18:43:44+00:00,bytedance:7668228939256662277,2026-08-24T21:20:16+00:00,2026-07-30T08:06:34+00:00,产品经理,字节跳动招聘,校招,广告产品经理 - 国际化商业安全,https://jobs.bytedance.com/campus/position/7668228939256662277/detail,北京 | 上海
销售,字节跳动,2026-08-24T18:43:44+00:00,bytedance:7668226002470258949,2026-08-24T21:20:16+00:00,2026-07-30T07:55:52+00:00,销售,字节跳动招聘,校招,大客户销售（游玩行业-酒店集团） - 抖音生活服务,https://jobs.bytedance.com/campus/position/7668226002470258949/detail,上海 | 北京
销售,字节跳动,2026-08-24T18:43:44+00:00,bytedance:7668225738499721525,2026-08-24T21:20:16+00:00,2026-07-30T07:55:29+00:00,销售,字节跳动招聘,校招,大客户销售（旅行社及交通） - 抖音生活服务,https://jobs.bytedance.com/campus/position/7668225738499721525/detail,北京 | 广州 | 成都
销售,字节跳动,2026-08-24T18:43:44+00:00,bytedance:7668226183586826501,2026-08-24T21:20:16+00:00,2026-07-30T07:55:08+00:00,销售,字节跳动招聘,校招,大客户销售（商家发展运营） - 抖音生活服务,https://jobs.bytedance.com/campus/position/7668226183586826501/detail,成都 | 武汉
运营,字节跳动,2026-08-24T18:43:44+00:00,bytedance:7668226185532459269,2026-08-24T21:20:16+00:00,2026-07-30T07:54:07+00:00,运营,字节跳动招聘,实习,产品运营实习生 - AI创新业务,https://jobs.bytedance.com/campus/position/7668226185532459269/detail,上海
销售,字节跳动,2026-08-24T18:43:44+00:00,bytedance:7668225795955788037,2026-08-24T21:20:16+00:00,2026-07-30T07:53:54+00:00,销售,字节跳动招聘,校招,大客户销售（游玩行业） - 抖音生活服务,https://jobs.bytedance.com/campus/position/7668225795955788037/detail,北京 | 上海 | 广州 | 成都 | 杭州 | 郑州 | 深圳 | 武汉 | 青岛 | 重庆 | 太原 | 西安 | 昆明 | 合肥 | 南京 | 厦门
产品,字节跳动,2026-08-24T18:43:44+00:00,bytedance:7668225095961938229,2026-08-24T21:20:16+00:00,2026-07-30T07:52:24+00:00,产品,字节跳动招聘,校招,AI产品经理 - 飞书 Aily & 妙搭,https://jobs.bytedance.com/campus/position/7668225095961938229/detail,北京 | 杭州
设计,字节跳动,2026-08-24T18:43:44+00:00,bytedance:7668225425977624885,2026-08-24T21:20:16+00:00,2026-07-30T07:52:20+00:00,设计,字节跳动招聘,校招,创意视觉设计师 - 飞书设计,https://jobs.bytedance.com/campus/position/7668225425977624885/detail,北京 | 上海
设计,字节跳动,2026-08-24T18:43:44+00:00,bytedance:7668225112781474053,2026-08-24T21:20:16+00:00,2026-07-30T07:52:13+00:00,设计,字节跳动招聘,校招,AI产品设计师 - 飞书设计,https://jobs.bytedance.com/campus/position/7668225112781474053/detail,深圳 | 北京 | 杭州 | 上海
市场,字节跳动,2026-08-24T18:43:44+00:00,bytedance:7668221834371238197,2026-08-24T21:20:16+00:00,2026-07-30T07:38:47+00:00,运营,字节跳动招聘,校招,市场营销活动运营（区域特色品类营销） - 抖音生活服务,https://jobs.bytedance.com/campus/position/7668221834371238197/detail,北京
产品,字节跳动,2026-08-24T18:43:44+00:00,bytedance:7668219372510955829,2026-08-24T21:20:16+00:00,2026-07-30T07:27:42+00:00,产品经理,字节跳动招聘,校招,CoreHR产品经理 - 集团信息系统,https://jobs.bytedance.com/campus/position/7668219372510955829/detail,北京 | 上海
运营,字节跳动,2026-08-24T18:43:44+00:00,bytedance:7668212572303444229,2026-08-24T21:20:16+00:00,2026-07-30T07:03:32+00:00,运营,字节跳动招聘,校招,AI服务策略运营 - 抖音生活服务,https://jobs.bytedance.com/campus/position/7668212572303444229/detail,上海
设计,字节跳动,2026-08-24T18:43:44+00:00,bytedance:7668212199454411013,2026-08-24T21:20:16+00:00,2026-07-30T06:59:49+00:00,交互设计,字节跳动招聘,校招,产品设计 - 集团信息系统,https://jobs.bytedance.com/campus/position/7668212199454411013/detail,广州
运营,字节跳动,2026-08-24T18:43:44+00:00,bytedance:7668211447101966645,2026-08-24T21:20:16+00:00,2026-07-30T06:56:50+00:00,运营,字节跳动招聘,校招,商家服务运营（AI服务提效方向） - 抖音生活服务,https://jobs.bytedance.com/campus/position/7668211447101966645/detail,北京
运营,字节跳动,2026-08-24T18:43:44+00:00,bytedance:7668208903427754293,2026-08-24T21:20:16+00:00,2026-07-30T06:49:33+00:00,运营,字节跳动招聘,校招,运动户外行业运营 - 抖音电商,https://jobs.bytedance.com/campus/position/7668208903427754293/detail,上海
运营,字节跳动,2026-08-24T18:43:44+00:00,bytedance:7668208806895356213,2026-08-24T21:20:16+00:00,2026-07-30T06:48:30+00:00,运营,字节跳动招聘,校招,女装行业运营 - 抖音电商,https://jobs.bytedance.com/campus/position/7668208806895356213/detail,上海
运营,字节跳动,2026-08-24T18:43:44+00:00,bytedance:7668208521598748981,2026-08-24T21:20:16+00:00,2026-07-30T06:47:14+00:00,运营,字节跳动招聘,校招,策略分析师（AI治理与体验方向） - 抖音生活服务,https://jobs.bytedance.com/campus/position/7668208521598748981/detail,上海 | 北京
运营,字节跳动,2026-08-24T18:43:44+00:00,bytedance:7668208458525264181,2026-08-24T21:20:16+00:00,2026-07-30T06:46:07+00:00,运营,字节跳动招聘,校招,用户体验分析 - 抖音生活服务,https://jobs.bytedance.com/campus/position/7668208458525264181/detail,北京
运营,字节跳动,2026-08-24T18:43:44+00:00,bytedance:7668206858601662725,2026-08-24T21:20:16+00:00,2026-07-30T06:41:14+00:00,运营,字节跳动招聘,校招,流程与规范运营 - 抖音生活服务,https://jobs.bytedance.com/campus/position/7668206858601662725/detail,北京 | 上海
战略,字节跳动,2026-08-24T18:43:44+00:00,bytedance:7668203653106403589,2026-08-24T21:20:16+00:00,2026-07-30T06:27:00+00:00,运营,字节跳动招聘,实习,战略商业分析实习生 - TikTok Shop,https://jobs.bytedance.com/campus/position/7668203653106403589/detail,上海 | 北京
商业分析,字节跳动,2026-08-24T18:43:44+00:00,bytedance:7668197821772253445,2026-08-24T21:20:16+00:00,2026-07-30T06:06:36+00:00,运营,字节跳动招聘,校招,物流计划&经营分析 - TikTok Shop,https://jobs.bytedance.com/campus/position/7668197821772253445/detail,上海
运营,字节跳动,2026-08-24T18:43:44+00:00,bytedance:7668197844242794805,2026-08-24T21:20:16+00:00,2026-07-30T06:06:16+00:00,运营,字节跳动招聘,校招,国际物流服务体验运营 - TikTok Shop,https://jobs.bytedance.com/campus/position/7668197844242794805/detail,杭州
运营,字节跳动,2026-08-24T18:43:44+00:00,bytedance:7668198067825854773,2026-08-24T21:20:16+00:00,2026-07-30T06:05:58+00:00,运营,字节跳动招聘,校招,仓储库存链路运营 - TikTok Shop,https://jobs.bytedance.com/campus/position/7668198067825854773/detail,广州
运营,字节跳动,2026-08-24T18:43:44+00:00,bytedance:7668194474165602565,2026-08-24T21:20:16+00:00,2026-07-30T05:53:38+00:00,运营,字节跳动招聘,校招,行业治理策略运营 - 抖音生活服务,https://jobs.bytedance.com/campus/position/7668194474165602565/detail,上海
增长,字节跳动,2026-08-24T18:43:44+00:00,bytedance:7668194099742738693,2026-08-24T21:20:16+00:00,2026-07-30T05:52:22+00:00,产品,字节跳动招聘,校招,用户增长产品经理（独立端） - 抖音电商,https://jobs.bytedance.com/campus/position/7668194099742738693/detail,上海
增长,字节跳动,2026-08-24T18:43:44+00:00,bytedance:7668193431349692725,2026-08-24T21:20:16+00:00,2026-07-30T05:50:13+00:00,产品,字节跳动招聘,校招,用户增长产品经理 - 抖音电商,https://jobs.bytedance.com/campus/position/7668193431349692725/detail,上海 | 北京
运营,字节跳动,2026-08-24T18:43:44+00:00,bytedance:7668193298212735285,2026-08-24T21:20:16+00:00,2026-07-30T05:46:22+00:00,运营,字节跳动招聘,校招,滋补保健电商运营 - 抖音电商,https://jobs.bytedance.com/campus/position/7668193298212735285/detail,上海
产品,字节跳动,2026-08-24T18:43:44+00:00,bytedance:7668192668948678917,2026-08-24T21:20:16+00:00,2026-07-30T05:44:27+00:00,产品,字节跳动招聘,校招,商城用户产品经理 - 抖音电商,https://jobs.bytedance.com/campus/position/7668192668948678917/detail,上海
设计,字节跳动,2026-08-24T18:43:44+00:00,bytedance:7668191629681559861,2026-08-24T21:20:16+00:00,2026-07-30T05:41:03+00:00,产品经理,字节跳动招聘,校招,People产品设计 - 集团信息系统,https://jobs.bytedance.com/campus/position/7668191629681559861/detail,北京
运营,字节跳动,2026-08-24T18:43:44+00:00,bytedance:7668191327583160629,2026-08-24T21:20:16+00:00,2026-07-30T05:40:20+00:00,市场,字节跳动招聘,校招,政务文旅策划运营 - 抖音生活服务,https://jobs.bytedance.com/campus/position/7668191327583160629/detail,北京 | 成都
运营,字节跳动,2026-08-24T18:43:44+00:00,bytedance:7668190282817063173,2026-08-24T21:20:16+00:00,2026-07-30T05:39:55+00:00,运营,字节跳动招聘,校招,酒水电商运营 - 抖音电商,https://jobs.bytedance.com/campus/position/7668190282817063173/detail,上海
产品,字节跳动,2026-08-24T18:43:44+00:00,bytedance:7668185410490648837,2026-08-24T21:20:16+00:00,2026-07-30T05:31:10+00:00,产品经理,字节跳动招聘,校招,AI产品经理（智能治理/智能服务方向） - 抖音生活服务,https://jobs.bytedance.com/campus/position/7668185410490648837/detail,上海 | 北京
运营,字节跳动,2026-08-24T18:43:44+00:00,bytedance:7668183035990427909,2026-08-24T21:20:16+00:00,2026-07-30T05:08:00+00:00,运营,字节跳动招聘,校招,酒旅行业策略运营 - 抖音生活服务,https://jobs.bytedance.com/campus/position/7668183035990427909/detail,北京 | 上海
战略,字节跳动,2026-08-24T18:43:44+00:00,bytedance:7668174224746514741,2026-08-24T21:20:16+00:00,2026-07-30T04:38:22+00:00,运营,字节跳动招聘,实习,东南亚战略实习生 - TikTok Shop,https://jobs.bytedance.com/campus/position/7668174224746514741/detail,北京
产品,字节跳动,2026-08-24T18:43:44+00:00,bytedance:7668160009704343861,2026-08-24T21:20:16+00:00,2026-07-30T03:38:56+00:00,产品经理,字节跳动招聘,校招,广告产品经理 - 国际化电商广告,https://jobs.bytedance.com/campus/position/7668160009704343861/detail,北京
战略,字节跳动,2026-08-24T18:43:44+00:00,bytedance:7668159609505237253,2026-08-24T21:20:16+00:00,2026-07-30T03:36:23+00:00,战略,字节跳动招聘,校招,商业战略分析师 - 国际化广告战略,https://jobs.bytedance.com/campus/position/7668159609505237253/detail,上海 | 北京
战略,字节跳动,2026-08-24T18:43:44+00:00,bytedance:7668158154983639349,2026-08-24T21:20:16+00:00,2026-07-30T03:32:02+00:00,战略,字节跳动招聘,校招,商业战略分析师 - 国际化广告战略,https://jobs.bytedance.com/campus/position/7668158154983639349/detail,上海 | 北京
战略,字节跳动,2026-08-24T18:43:44+00:00,bytedance:7668157800640710917,2026-08-24T21:20:16+00:00,2026-07-30T03:28:36+00:00,数据分析,字节跳动招聘,校招,经营分析师 - 国际化广告战略,https://jobs.bytedance.com/campus/position/7668157800640710917/detail,上海
战略,字节跳动,2026-08-24T18:43:44+00:00,bytedance:7668155977468070197,2026-08-24T21:20:16+00:00,2026-07-30T03:23:57+00:00,产品经理,字节跳动招聘,校招,数据产品经理 - 国际化广告战略,https://jobs.bytedance.com/campus/position/7668155977468070197/detail,上海
产品,字节跳动,2026-08-24T18:43:44+00:00,bytedance:7668152090767116597,2026-08-24T21:20:16+00:00,2026-07-30T03:07:23+00:00,产品经理,字节跳动招聘,校招,广告产品经理 - 国际化电商广告,https://jobs.bytedance.com/campus/position/7668152090767116597/detail,北京
产品,字节跳动,2026-08-24T18:43:44+00:00,bytedance:7668151646639966517,2026-08-24T21:20:16+00:00,2026-07-30T03:05:40+00:00,产品经理,字节跳动招聘,校招,广告产品经理 - 国际化电商广告,https://jobs.bytedance.com/campus/position/7668151646639966517/detail,北京
产品,字节跳动,2026-08-24T18:43:44+00:00,bytedance:7668150074459703557,2026-08-24T21:20:16+00:00,2026-07-30T02:59:54+00:00,产品经理,字节跳动招聘,校招,广告产品经理 - Global Ads Core,https://jobs.bytedance.com/campus/position/7668150074459703557/detail,北京 | 上海
运营,字节跳动,2026-08-24T18:43:44+00:00,bytedance:7668148182379940149,2026-08-24T21:20:16+00:00,2026-07-30T02:52:19+00:00,运营,字节跳动招聘,校招,达人策略运营（平台撮合方向） - 抖音生活服务,https://jobs.bytedance.com/campus/position/7668148182379940149/detail,上海 | 北京
产品,字节跳动,2026-08-24T18:43:44+00:00,bytedance:7668143580506474805,2026-08-24T21:20:16+00:00,2026-07-30T02:33:49+00:00,产品经理,字节跳动招聘,校招,广告产品经理 - Global Ads Core,https://jobs.bytedance.com/campus/position/7668143580506474805/detail,北京 | 上海 | 深圳
职能,字节跳动,2026-08-24T18:43:44+00:00,bytedance:7668138161997875461,2026-08-24T21:20:16+00:00,2026-07-30T02:14:37+00:00,职能 / 支持,字节跳动招聘,校招,集团内控业务伙伴 - 内控,https://jobs.bytedance.com/campus/position/7668138161997875461/detail,中国香港
产品,字节跳动,2026-08-24T18:43:44+00:00,bytedance:7668020290616101125,2026-08-24T21:20:16+00:00,2026-07-29T18:47:21+00:00,产品,字节跳动招聘,校招,AI产品经理 - 抖音电商,https://jobs.bytedance.com/campus/position/7668020290616101125/detail,上海 | 北京
运营,字节跳动,2026-08-24T18:43:44+00:00,bytedance:7667965728398625077,2026-08-24T21:20:16+00:00,2026-07-29T15:07:07+00:00,运营,字节跳动招聘,校招,厂商策略 - 抖音,https://jobs.bytedance.com/campus/position/7667965728398625077/detail,北京 | 深圳
运营,字节跳动,2026-08-24T18:43:44+00:00,bytedance:7667952201712585013,2026-08-24T21:20:16+00:00,2026-07-29T14:16:38+00:00,运营,字节跳动招聘,校招,服饰KA行业运营（女装） - 抖音电商,https://jobs.bytedance.com/campus/position/7667952201712585013/detail,上海
产品,字节跳动,2026-08-24T18:43:44+00:00,bytedance:7667951639589423365,2026-08-24T21:20:16+00:00,2026-07-29T14:10:08+00:00,产品,字节跳动招聘,实习,行业产品实习生 - 广告业务,https://jobs.bytedance.com/campus/position/7667951639589423365/detail,北京
产品,字节跳动,2026-08-24T18:43:44+00:00,bytedance:7667950653440084277,2026-08-24T21:20:16+00:00,2026-07-29T14:08:25+00:00,产品,字节跳动招聘,实习,AI漫剧产品实习生 - 广告业务,https://jobs.bytedance.com/campus/position/7667950653440084277/detail,北京
增长,字节跳动,2026-08-24T18:43:44+00:00,bytedance:7667946789032970501,2026-08-24T21:20:16+00:00,2026-07-29T13:56:17+00:00,运营,字节跳动招聘,校招,用户增长产品运营 - 抖音生活服务,https://jobs.bytedance.com/campus/position/7667946789032970501/detail,上海 | 北京
运营,字节跳动,2026-08-24T18:43:44+00:00,bytedance:7667946642422843701,2026-08-24T21:20:16+00:00,2026-07-29T13:50:05+00:00,运营,字节跳动招聘,校招,用户运营经理 - 抖音UGC,https://jobs.bytedance.com/campus/position/7667946642422843701/detail,北京 | 上海
运营,字节跳动,2026-08-24T18:43:44+00:00,bytedance:7667943452647442741,2026-08-24T21:20:16+00:00,2026-07-29T13:38:37+00:00,运营,字节跳动招聘,校招,机构运营经理 - 抖音直播,https://jobs.bytedance.com/campus/position/7667943452647442741/detail,北京 | 广州 | 杭州
运营,字节跳动,2026-08-24T18:43:44+00:00,bytedance:7667942789165877557,2026-08-24T21:20:16+00:00,2026-07-29T13:34:32+00:00,运营,字节跳动招聘,校招,主播运营经理 - 抖音直播,https://jobs.bytedance.com/campus/position/7667942789165877557/detail,深圳
运营,字节跳动,2026-08-24T18:43:44+00:00,bytedance:7667941735649724725,2026-08-24T21:20:16+00:00,2026-07-29T13:31:00+00:00,运营,字节跳动招聘,校招,主播运营经理 - 抖音直播,https://jobs.bytedance.com/campus/position/7667941735649724725/detail,深圳 | 北京
运营,字节跳动,2026-08-24T18:43:44+00:00,bytedance:7667940735240735029,2026-08-24T21:20:16+00:00,2026-07-29T13:26:56+00:00,运营,字节跳动招聘,校招,用户运营经理 - 抖音直播,https://jobs.bytedance.com/campus/position/7667940735240735029/detail,深圳
运营,字节跳动,2026-08-24T18:43:44+00:00,bytedance:7667939702112766213,2026-08-24T21:20:16+00:00,2026-07-29T13:23:01+00:00,运营,字节跳动招聘,校招,营收用户产品运营 - 抖音直播,https://jobs.bytedance.com/campus/position/7667939702112766213/detail,深圳 | 北京
运营,字节跳动,2026-08-24T18:43:44+00:00,bytedance:7667938305854671157,2026-08-24T21:20:16+00:00,2026-07-29T13:17:16+00:00,运营,字节跳动招聘,校招,营收活动运营 - 抖音直播,https://jobs.bytedance.com/campus/position/7667938305854671157/detail,深圳 | 北京
产品,字节跳动,2026-08-24T18:43:44+00:00,bytedance:7667935738067962165,2026-08-24T21:20:16+00:00,2026-07-29T13:11:19+00:00,产品经理,字节跳动招聘,校招,配送履约产品经理 - 抖音电商,https://jobs.bytedance.com/campus/position/7667935738067962165/detail,北京 | 上海
运营,字节跳动,2026-08-24T18:43:44+00:00,bytedance:7667935737146607877,2026-08-24T21:20:16+00:00,2026-07-29T13:09:51+00:00,运营,字节跳动招聘,校招,内容策略运营 - 抖音电商,https://jobs.bytedance.com/campus/position/7667935737146607877/detail,北京 | 上海
产品,字节跳动,2026-08-24T18:43:44+00:00,bytedance:7667935178136848693,2026-08-24T21:20:16+00:00,2026-07-29T13:09:13+00:00,产品,字节跳动招聘,校招,AI产品经理（达人方向） - 抖音电商,https://jobs.bytedance.com/campus/position/7667935178136848693/detail,北京 | 上海
产品,字节跳动,2026-08-24T18:43:44+00:00,bytedance:7667935739301185845,2026-08-24T21:20:16+00:00,2026-07-29T13:08:54+00:00,产品,字节跳动招聘,校招,AI产品经理（达人&内容方向） - 抖音电商,https://jobs.bytedance.com/campus/position/7667935739301185845/detail,北京 | 上海
运营,字节跳动,2026-08-24T18:43:44+00:00,bytedance:7667935738855639349,2026-08-24T21:20:16+00:00,2026-07-29T13:08:34+00:00,运营,字节跳动招聘,校招,作者运营 - 抖音电商,https://jobs.bytedance.com/campus/position/7667935738855639349/detail,北京 | 上海
运营,字节跳动,2026-08-24T18:43:44+00:00,bytedance:7667935633642080565,2026-08-24T21:20:16+00:00,2026-07-29T13:08:17+00:00,运营,字节跳动招聘,校招,内容运营 - 抖音电商,https://jobs.bytedance.com/campus/position/7667935633642080565/detail,北京 | 上海
运营,字节跳动,2026-08-24T18:43:44+00:00,bytedance:7667934860749654325,2026-08-24T21:20:16+00:00,2026-07-29T13:07:27+00:00,运营,字节跳动招聘,校招,治理策略 - 抖音电商,https://jobs.bytedance.com/campus/position/7667934860749654325/detail,北京 | 上海
增长,字节跳动,2026-08-24T18:43:44+00:00,bytedance:7667935633641441589,2026-08-24T21:20:16+00:00,2026-07-29T13:07:12+00:00,运营,字节跳动招聘,校招,创新增长营销经理 - 抖音,https://jobs.bytedance.com/campus/position/7667935633641441589/detail,北京 | 深圳
运营,字节跳动,2026-08-24T18:43:44+00:00,bytedance:7667934630994446645,2026-08-24T21:20:16+00:00,2026-07-29T13:02:41+00:00,用户运营,字节跳动招聘,校招,服务策略运营 - 抖音电商,https://jobs.bytedance.com/campus/position/7667934630994446645/detail,北京 | 上海
市场,字节跳动,2026-08-24T18:43:44+00:00,bytedance:7667934239069063429,2026-08-24T21:20:16+00:00,2026-07-29T13:02:07+00:00,运营,字节跳动招聘,校招,内容营销经理 - 抖音,https://jobs.bytedance.com/campus/position/7667934239069063429/detail,北京 | 深圳 | 上海
商业分析,字节跳动,2026-08-24T19:23:31+00:00,bytedance:7667929586126162229,2026-08-24T21:20:16+00:00,2026-07-29T12:45:49+00:00,数据分析,字节跳动招聘,校招,数据分析师 - 抖音效果与创作,https://jobs.bytedance.com/campus/position/7667929586126162229/detail,北京
市场,字节跳动,2026-08-24T18:43:44+00:00,bytedance:7667923692567300357,2026-08-24T21:20:16+00:00,2026-07-29T12:21:06+00:00,设计,字节跳动招聘,校招,品牌创意视觉设计师 - 抖音效果与创作,https://jobs.bytedance.com/campus/position/7667923692567300357/detail,上海
产品,字节跳动,2026-08-24T18:43:44+00:00,bytedance:7667922092830673157,2026-08-24T21:20:16+00:00,2026-07-29T12:14:11+00:00,产品,字节跳动招聘,校招,物流体验策略产品 - TikTok Shop,https://jobs.bytedance.com/campus/position/7667922092830673157/detail,杭州
设计,字节跳动,2026-08-24T18:43:44+00:00,bytedance:7667916199541278981,2026-08-24T21:20:16+00:00,2026-07-29T11:51:34+00:00,设计,字节跳动招聘,校招,AIGC模型效果 - 抖音效果与创作,https://jobs.bytedance.com/campus/position/7667916199541278981/detail,北京 | 上海
设计,字节跳动,2026-08-24T18:43:44+00:00,bytedance:7667915168223004981,2026-08-24T21:20:16+00:00,2026-07-29T11:47:37+00:00,设计,字节跳动招聘,校招,AI产品设计师 - 抖音效果与创作,https://jobs.bytedance.com/campus/position/7667915168223004981/detail,北京
设计,字节跳动,2026-08-24T18:43:44+00:00,bytedance:7667913330348345605,2026-08-24T21:20:16+00:00,2026-07-29T11:42:03+00:00,设计,字节跳动招聘,校招,AI产品体验设计师（短视频与直播方向） - TikTok Shop,https://jobs.bytedance.com/campus/position/7667913330348345605/detail,上海
设计,字节跳动,2026-08-24T18:43:44+00:00,bytedance:7667912716720326965,2026-08-24T21:20:16+00:00,2026-07-29T11:39:36+00:00,设计,字节跳动招聘,校招,AI产品设计师 - 抖音基础体验,https://jobs.bytedance.com/campus/position/7667912716720326965/detail,北京
设计,字节跳动,2026-08-24T18:43:44+00:00,bytedance:7667910422729558325,2026-08-24T21:20:16+00:00,2026-07-29T11:28:50+00:00,设计,字节跳动招聘,校招,AI产品体验设计师（新开国方向） - TikTok Shop,https://jobs.bytedance.com/campus/position/7667910422729558325/detail,珠海 | 上海
运营,字节跳动,2026-08-24T18:43:44+00:00,bytedance:7667909760730499381,2026-08-24T21:20:16+00:00,2026-07-29T11:27:43+00:00,运营,字节跳动招聘,校招,AI产品运营（AI分身方向） - 抖音社交与互动,https://jobs.bytedance.com/campus/position/7667909760730499381/detail,深圳
设计,字节跳动,2026-08-24T18:43:44+00:00,bytedance:7667907656316946693,2026-08-24T21:20:16+00:00,2026-07-29T11:18:07+00:00,设计,字节跳动招聘,校招,AI产品设计师 - TikTok Shop,https://jobs.bytedance.com/campus/position/7667907656316946693/detail,上海
运营,字节跳动,2026-08-24T18:43:44+00:00,bytedance:7667905030280415493,2026-08-24T21:20:16+00:00,2026-07-29T11:08:11+00:00,运营,字节跳动招聘,校招,抖音大模型应用策略 - 抖音社区治理,https://jobs.bytedance.com/campus/position/7667905030280415493/detail,北京 | 上海
设计,字节跳动,2026-08-24T18:43:44+00:00,bytedance:7667903369620949253,2026-08-24T21:20:16+00:00,2026-07-29T11:01:29+00:00,设计,字节跳动招聘,校招,AI创意视觉设计师 - TikTok Shop,https://jobs.bytedance.com/campus/position/7667903369620949253/detail,上海
设计,字节跳动,2026-08-24T18:43:44+00:00,bytedance:7667901772677368117,2026-08-24T21:20:16+00:00,2026-07-29T10:55:14+00:00,设计,字节跳动招聘,校招,AI产品设计师（商家方向） - TikTok Shop,https://jobs.bytedance.com/campus/position/7667901772677368117/detail,上海
产品,字节跳动,2026-08-24T18:43:44+00:00,bytedance:7667894678415788341,2026-08-24T21:20:16+00:00,2026-07-29T10:27:37+00:00,产品经理,字节跳动招聘,校招,国际消费金融产品经理 - 国际支付,https://jobs.bytedance.com/campus/position/7667894678415788341/detail,上海
商务,字节跳动,2026-08-24T18:43:44+00:00,bytedance:7667893314209384757,2026-08-24T21:20:16+00:00,2026-07-29T10:24:15+00:00,产品经理,字节跳动招聘,校招,Agent解决方案架构师 - AI算力基础设施,https://jobs.bytedance.com/campus/position/7667893314209384757/detail,北京 | 杭州
商务,字节跳动,2026-08-24T18:43:44+00:00,bytedance:7667892775577733429,2026-08-24T21:20:16+00:00,2026-07-29T10:22:23+00:00,产品运营,字节跳动招聘,校招,商业化产品运营 - Coze,https://jobs.bytedance.com/campus/position/7667892775577733429/detail,北京
产品,字节跳动,2026-08-24T18:43:44+00:00,bytedance:7667892185452710149,2026-08-24T21:20:16+00:00,2026-07-29T10:18:05+00:00,产品经理,字节跳动招聘,校招,AI产品经理（财务方向） - 集团信息系统,https://jobs.bytedance.com/campus/position/7667892185452710149/detail,上海
职能,字节跳动,2026-08-24T18:43:44+00:00,bytedance:7667891493058939189,2026-08-24T21:20:16+00:00,2026-07-29T10:17:19+00:00,职能 / 支持,字节跳动招聘,校招,信贷风控策略 - 国际支付,https://jobs.bytedance.com/campus/position/7667891493058939189/detail,上海
产品,字节跳动,2026-08-24T18:43:44+00:00,bytedance:7667890686731405573,2026-08-24T21:20:16+00:00,2026-07-29T10:14:55+00:00,产品经理,字节跳动招聘,校招,Agent产品经理 - AI算力基础设施,https://jobs.bytedance.com/campus/position/7667890686731405573/detail,北京 | 杭州 | 上海 | 深圳
产品,字节跳动,2026-08-24T18:43:44+00:00,bytedance:7667890409590884661,2026-08-24T21:20:16+00:00,2026-07-29T10:12:47+00:00,产品经理,字节跳动招聘,校招,产品经理（合规方向） - 集团信息系统,https://jobs.bytedance.com/campus/position/7667890409590884661/detail,北京
产品,字节跳动,2026-08-24T18:43:44+00:00,bytedance:7667889676603427077,2026-08-24T21:20:16+00:00,2026-07-29T10:09:01+00:00,产品经理,字节跳动招聘,校招,财务收入产品经理 - 集团信息系统,https://jobs.bytedance.com/campus/position/7667889676603427077/detail,北京
职能,字节跳动,2026-08-24T18:43:44+00:00,bytedance:7667889676602149125,2026-08-24T21:20:16+00:00,2026-07-29T10:08:09+00:00,职能 / 支持,字节跳动招聘,校招,合规运营 - 国际支付,https://jobs.bytedance.com/campus/position/7667889676602149125/detail,上海
产品,字节跳动,2026-08-24T18:43:44+00:00,bytedance:7667889560824154373,2026-08-24T21:20:16+00:00,2026-07-29T10:08:04+00:00,产品经理,字节跳动招聘,校招,评测产品经理 - AI Platform,https://jobs.bytedance.com/campus/position/7667889560824154373/detail,上海 | 深圳
产品,字节跳动,2026-08-24T18:43:44+00:00,bytedance:7667887767667624197,2026-08-24T21:20:16+00:00,2026-07-29T10:01:52+00:00,产品经理,字节跳动招聘,校招,大模型产品经理 - 火山引擎,https://jobs.bytedance.com/campus/position/7667887767667624197/detail,北京 | 上海 | 深圳 | 杭州
设计,字节跳动,2026-08-24T18:43:44+00:00,bytedance:7667887770652674357,2026-08-24T21:20:16+00:00,2026-07-29T10:01:17+00:00,设计,字节跳动招聘,校招,C端产品设计师 - TikTok Shop,https://jobs.bytedance.com/campus/position/7667887770652674357/detail,上海
职能,字节跳动,2026-08-24T18:43:44+00:00,bytedance:7667887768395073797,2026-08-24T21:20:16+00:00,2026-07-29T10:00:58+00:00,职能 / 支持,字节跳动招聘,校招,合规策略 - 国际支付,https://jobs.bytedance.com/campus/position/7667887768395073797/detail,北京
产品,字节跳动,2026-08-24T18:43:44+00:00,bytedance:7667887015312345397,2026-08-24T21:20:16+00:00,2026-07-29T10:00:55+00:00,产品,字节跳动招聘,校招,AI产品经理 - 抖音电商,https://jobs.bytedance.com/campus/position/7667887015312345397/detail,上海 | 北京
产品,字节跳动,2026-08-24T18:43:44+00:00,bytedance:7667886398892050741,2026-08-24T21:20:16+00:00,2026-07-29T09:56:24+00:00,产品经理,字节跳动招聘,校招,管会分析产品经理 - 集团信息系统,https://jobs.bytedance.com/campus/position/7667886398892050741/detail,上海
产品,字节跳动,2026-08-24T18:43:44+00:00,bytedance:7667884670696868149,2026-08-24T21:20:16+00:00,2026-07-29T09:51:10+00:00,产品经理,字节跳动招聘,校招,业财受理与成本产品经理 - 集团信息系统,https://jobs.bytedance.com/campus/position/7667884670696868149/detail,杭州
产品,字节跳动,2026-08-24T18:43:44+00:00,bytedance:7667884869409802501,2026-08-24T21:20:16+00:00,2026-07-29T09:49:53+00:00,产品,字节跳动招聘,实习,用户产品（交易导购）实习生 - 抖音电商,https://jobs.bytedance.com/campus/position/7667884869409802501/detail,上海
运营,字节跳动,2026-08-24T18:43:44+00:00,bytedance:7667883778569095429,2026-08-24T21:20:16+00:00,2026-07-29T09:46:21+00:00,运营,字节跳动招聘,实习,治理体验运营实习生 - TikTok Shop,https://jobs.bytedance.com/campus/position/7667883778569095429/detail,上海
增长,字节跳动,2026-08-24T18:43:44+00:00,bytedance:7667882973031958789,2026-08-24T21:20:16+00:00,2026-07-29T09:43:06+00:00,产品,字节跳动招聘,校招,用户增长产品经理 - 抖音生活服务,https://jobs.bytedance.com/campus/position/7667882973031958789/detail,上海 | 北京
产品,字节跳动,2026-08-24T18:43:44+00:00,bytedance:7667880992837945653,2026-08-24T21:20:16+00:00,2026-07-29T09:35:19+00:00,产品经理,字节跳动招聘,校招,AI产品经理 - 集团信息系统,https://jobs.bytedance.com/campus/position/7667880992837945653/detail,深圳 | 上海
产品,字节跳动,2026-08-24T18:43:44+00:00,bytedance:7667879940926720309,2026-08-24T21:20:16+00:00,2026-07-29T09:31:05+00:00,产品经理,字节跳动招聘,校招,官网平台产品经理 - 火山引擎,https://jobs.bytedance.com/campus/position/7667879940926720309/detail,深圳
产品,字节跳动,2026-08-24T18:43:44+00:00,bytedance:7667879477990951173,2026-08-24T21:20:16+00:00,2026-07-29T09:29:22+00:00,产品经理,字节跳动招聘,校招,AI产品经理 - 集团信息系统,https://jobs.bytedance.com/campus/position/7667879477990951173/detail,北京 | 杭州 | 上海 | 深圳
产品,字节跳动,2026-08-24T18:43:44+00:00,bytedance:7667879481506253061,2026-08-24T21:20:16+00:00,2026-07-29T09:28:54+00:00,产品经理,字节跳动招聘,校招,官网平台产品经理 - 火山引擎,https://jobs.bytedance.com/campus/position/7667879481506253061/detail,上海
产品,字节跳动,2026-08-24T18:43:44+00:00,bytedance:7667878962669537541,2026-08-24T21:20:16+00:00,2026-07-29T09:27:20+00:00,产品经理,字节跳动招聘,校招,官网平台产品经理 - 火山引擎,https://jobs.bytedance.com/campus/position/7667878962669537541/detail,北京
商业分析,字节跳动,2026-08-24T19:23:31+00:00,bytedance:7667875531430136069,2026-08-24T21:20:16+00:00,2026-07-29T09:13:37+00:00,数据分析,字节跳动招聘,实习,数据分析实习生-TikTok,https://jobs.bytedance.com/campus/position/7667875531430136069/detail,北京
产品,字节跳动,2026-08-24T18:43:44+00:00,bytedance:7667874143609588021,2026-08-24T21:20:16+00:00,2026-07-29T09:08:18+00:00,产品经理,字节跳动招聘,校招,AI产品经理 - 开发者服务,https://jobs.bytedance.com/campus/position/7667874143609588021/detail,杭州 | 北京 | 上海
运营,字节跳动,2026-08-24T18:43:44+00:00,bytedance:7667872985835637045,2026-08-24T21:20:16+00:00,2026-07-29T09:05:56+00:00,运营,字节跳动招聘,实习,音乐内容运营实习生 - 抖音音乐,https://jobs.bytedance.com/campus/position/7667872985835637045/detail,北京
产品,字节跳动,2026-08-24T18:43:44+00:00,bytedance:7667871935859034421,2026-08-24T21:20:16+00:00,2026-07-29T08:59:55+00:00,产品经理,字节跳动招聘,校招,AI产品经理（研发平台方向） - 开发者服务,https://jobs.bytedance.com/campus/position/7667871935859034421/detail,北京 | 杭州 | 上海
产品,字节跳动,2026-08-24T18:43:44+00:00,bytedance:7667870355249580293,2026-08-24T21:20:16+00:00,2026-07-29T08:56:00+00:00,产品经理,字节跳动招聘,校招,AI产品经理（策略方向） - 开发者服务,https://jobs.bytedance.com/campus/position/7667870355249580293/detail,杭州 | 上海 | 北京
运营,字节跳动,2026-08-24T18:43:44+00:00,bytedance:7667863278595361029,2026-08-24T21:20:16+00:00,2026-07-29T08:27:14+00:00,运营,字节跳动招聘,校招,AIGC策略运营（抖音AI产品人才校招） - 抖音,https://jobs.bytedance.com/campus/position/7667863278595361029/detail,上海
产品,字节跳动,2026-08-24T18:43:44+00:00,bytedance:7667862948278503733,2026-08-24T21:20:16+00:00,2026-07-29T08:24:27+00:00,产品,字节跳动招聘,校招,抖音资讯策略产品经理（抖音AI产品人才校招） - 抖音内容运营,https://jobs.bytedance.com/campus/position/7667862948278503733/detail,北京
市场,字节跳动,2026-08-24T18:43:44+00:00,bytedance:7667861259279714613,2026-08-24T21:20:16+00:00,2026-07-29T08:21:17+00:00,运营,字节跳动招聘,实习,营销大促实习生 - 抖音电商运营,https://jobs.bytedance.com/campus/position/7667861259279714613/detail,上海
增长,字节跳动,2026-08-24T18:43:44+00:00,bytedance:7667860951371352373,2026-08-24T21:20:16+00:00,2026-07-29T08:19:48+00:00,运营,字节跳动招聘,校招,策略分析（抖音AI产品人才校招） - 抖音增长,https://jobs.bytedance.com/campus/position/7667860951371352373/detail,北京
运营,字节跳动,2026-08-24T18:43:44+00:00,bytedance:7667858736064874757,2026-08-24T21:20:16+00:00,2026-07-29T08:09:06+00:00,运营,字节跳动招聘,校招,抖音热点策略运营经理（抖音AI产品人才校招） - 抖音内容运营,https://jobs.bytedance.com/campus/position/7667858736064874757/detail,北京
市场,字节跳动,2026-08-24T18:43:44+00:00,bytedance:7667856152113711413,2026-08-24T21:20:16+00:00,2026-07-29T07:59:21+00:00,运营,字节跳动招聘,校招,广告投放运营经理（抖音AI产品人才校招） - 抖音,https://jobs.bytedance.com/campus/position/7667856152113711413/detail,北京 | 深圳
产品,字节跳动,2026-08-24T18:43:44+00:00,bytedance:7667855299516320005,2026-08-24T21:20:16+00:00,2026-07-29T07:54:54+00:00,产品经理,字节跳动招聘,校招,大模型策略产品经理（抖音AI产品人才校招） - 抖音UGC,https://jobs.bytedance.com/campus/position/7667855299516320005/detail,北京
运营,字节跳动,2026-08-24T18:43:44+00:00,bytedance:7667855124563511557,2026-08-24T21:20:16+00:00,2026-07-29T07:54:38+00:00,产品,字节跳动招聘,校招,AI平台产品运营（User Education） - TikTok,https://jobs.bytedance.com/campus/position/7667855124563511557/detail,北京
产品,字节跳动,2026-08-24T18:43:44+00:00,bytedance:7667854518877604149,2026-08-24T21:20:16+00:00,2026-07-29T07:54:23+00:00,产品经理,字节跳动招聘,校招,AI策略产品经理（抖音AI产品人才校招） - 抖音UGC,https://jobs.bytedance.com/campus/position/7667854518877604149/detail,北京
产品,字节跳动,2026-08-24T18:43:44+00:00,bytedance:7667854712818174261,2026-08-24T21:20:16+00:00,2026-07-29T07:53:33+00:00,产品经理,字节跳动招聘,校招,AI轻应用产品经理（抖音AI产品人才校招） - 抖音直播,https://jobs.bytedance.com/campus/position/7667854712818174261/detail,深圳
产品,字节跳动,2026-08-24T18:43:44+00:00,bytedance:7667854716023195909,2026-08-24T21:20:16+00:00,2026-07-29T07:52:51+00:00,产品,字节跳动招聘,校招,AI经纪人产品经理（抖音AI产品人才校招） - 抖音直播,https://jobs.bytedance.com/campus/position/7667854716023195909/detail,北京 | 深圳
产品,字节跳动,2026-08-24T18:43:44+00:00,bytedance:7667854722217232693,2026-08-24T21:20:16+00:00,2026-07-29T07:52:49+00:00,产品,字节跳动招聘,校招,AI产品经理（感知Agent平台方向） - TikTok,https://jobs.bytedance.com/campus/position/7667854722217232693/detail,上海
产品,字节跳动,2026-08-24T18:43:44+00:00,bytedance:7667854488603855109,2026-08-24T21:20:16+00:00,2026-07-29T07:52:26+00:00,产品经理,字节跳动招聘,校招,营收礼物玩法AI产品经理（抖音AI产品人才校招） - 抖音直播,https://jobs.bytedance.com/campus/position/7667854488603855109/detail,深圳 | 北京
运营,字节跳动,2026-08-24T18:43:44+00:00,bytedance:7667854451550177589,2026-08-24T21:20:16+00:00,2026-07-29T07:52:03+00:00,运营,字节跳动招聘,校招,AI策略运营经理（抖音AI产品人才校招） - 抖音直播,https://jobs.bytedance.com/campus/position/7667854451550177589/detail,北京
产品,字节跳动,2026-08-24T18:43:44+00:00,bytedance:7667854450103486773,2026-08-24T21:20:16+00:00,2026-07-29T07:51:29+00:00,产品经理,字节跳动招聘,校招,营收用户产品经理（抖音AI产品人才校招） - 抖音直播,https://jobs.bytedance.com/campus/position/7667854450103486773/detail,深圳 | 北京
产品,字节跳动,2026-08-24T18:43:44+00:00,bytedance:7667854281463023925,2026-08-24T21:20:16+00:00,2026-07-29T07:50:57+00:00,产品,字节跳动招聘,校招,AI产品经理（人审Agent平台方向） - TikTok,https://jobs.bytedance.com/campus/position/7667854281463023925/detail,北京
产品,字节跳动,2026-08-24T18:43:44+00:00,bytedance:7667853186406926597,2026-08-24T21:20:16+00:00,2026-07-29T07:47:49+00:00,产品,字节跳动招聘,校招,AI产品经理（AIGC治理方向） - TikTok,https://jobs.bytedance.com/campus/position/7667853186406926597/detail,上海
产品,字节跳动,2026-08-24T18:43:44+00:00,bytedance:7667851657409677621,2026-08-24T21:20:16+00:00,2026-07-29T07:40:51+00:00,产品,字节跳动招聘,校招,AI产品经理（内容安全方向） - TikTok,https://jobs.bytedance.com/campus/position/7667851657409677621/detail,上海
产品,字节跳动,2026-08-24T18:43:44+00:00,bytedance:7667850470927108357,2026-08-24T21:20:16+00:00,2026-07-29T07:37:24+00:00,产品,字节跳动招聘,校招,AI产品经理（账号安全方向） - TikTok,https://jobs.bytedance.com/campus/position/7667850470927108357/detail,北京
市场,字节跳动,2026-08-24T18:43:44+00:00,bytedance:7667850499396651269,2026-08-24T21:20:16+00:00,2026-07-29T07:37:20+00:00,产品,字节跳动招聘,校招,抖音星图产品经理（抖音AI产品人才校招） - 抖音品牌营销与星图达人,https://jobs.bytedance.com/campus/position/7667850499396651269/detail,北京
产品,字节跳动,2026-08-24T18:43:44+00:00,bytedance:7667850212660955445,2026-08-24T21:20:16+00:00,2026-07-29T07:35:24+00:00,产品,字节跳动招聘,校招,AIGC产品经理（抖音AI产品人才校招） - 抖音效果与创作,https://jobs.bytedance.com/campus/position/7667850212660955445/detail,深圳
产品,字节跳动,2026-08-24T18:43:44+00:00,bytedance:7667848512445335813,2026-08-24T21:20:16+00:00,2026-07-29T07:32:13+00:00,产品,字节跳动招聘,校招,AI产品经理（GenAI安全方向） - TikTok,https://jobs.bytedance.com/campus/position/7667848512445335813/detail,北京
商务,字节跳动,2026-08-24T18:43:44+00:00,bytedance:7667845384858618117,2026-08-24T21:20:16+00:00,2026-07-29T07:18:30+00:00,商业运营,字节跳动招聘,校招,国际商业化产品运营 - Pangle,https://jobs.bytedance.com/campus/position/7667845384858618117/detail,上海 | 北京 | 深圳
运营,字节跳动,2026-08-24T18:43:44+00:00,bytedance:7667844807890553093,2026-08-24T21:20:16+00:00,2026-07-29T07:16:58+00:00,运营,字节跳动招聘,实习,内睡行业运营实习生 - TikTok Shop,https://jobs.bytedance.com/campus/position/7667844807890553093/detail,广州 | 上海
市场,字节跳动,2026-08-24T18:43:44+00:00,bytedance:7667843386288245045,2026-08-24T21:20:16+00:00,2026-07-29T07:10:05+00:00,运营,字节跳动招聘,校招,广告投放运营经理（抖音AI产品人才校招） - 抖音,https://jobs.bytedance.com/campus/position/7667843386288245045/detail,北京 | 上海 | 深圳
产品,字节跳动,2026-08-24T18:43:44+00:00,bytedance:7667842428233763077,2026-08-24T21:20:16+00:00,2026-07-29T07:06:39+00:00,产品经理,字节跳动招聘,校招,广告产品经理 - Pangle,https://jobs.bytedance.com/campus/position/7667842428233763077/detail,北京 | 上海
商务,字节跳动,2026-08-24T18:43:44+00:00,bytedance:7667842060167170357,2026-08-24T21:20:16+00:00,2026-07-29T07:05:35+00:00,运营,字节跳动招聘,实习,电商内容机构商务运营实习生 - TikTok Shop,https://jobs.bytedance.com/campus/position/7667842060167170357/detail,深圳
运营,字节跳动,2026-08-24T18:43:44+00:00,bytedance:7667840882890590469,2026-08-24T21:20:16+00:00,2026-07-29T06:59:00+00:00,运营,字节跳动招聘,校招,GEO策略运营（抖音AI产品人才校招） - 抖音,https://jobs.bytedance.com/campus/position/7667840882890590469/detail,北京
市场,字节跳动,2026-08-24T18:43:44+00:00,bytedance:7667840474459392309,2026-08-24T21:20:16+00:00,2026-07-29T06:57:11+00:00,运营,字节跳动招聘,校招,广告投放运营经理（抖音AI产品人才校招） - 抖音,https://jobs.bytedance.com/campus/position/7667840474459392309/detail,北京 | 上海 | 深圳
产品,字节跳动,2026-08-24T18:43:44+00:00,bytedance:7667839080812595461,2026-08-24T21:20:16+00:00,2026-07-29T06:52:58+00:00,产品,字节跳动招聘,校招,平台游戏AI产品工程师（抖音AI产品人才校招） - 抖音社交与互动,https://jobs.bytedance.com/campus/position/7667839080812595461/detail,深圳 | 北京
商业分析,字节跳动,2026-08-24T18:43:44+00:00,bytedance:7667839078835079477,2026-08-24T21:20:16+00:00,2026-07-29T06:52:43+00:00,商业运营,字节跳动招聘,校招,商业分析-「星璨全球」培养计划 - 国际化广告创意与品牌,https://jobs.bytedance.com/campus/position/7667839078835079477/detail,北京 | 上海
市场,字节跳动,2026-08-24T18:43:44+00:00,bytedance:7667837272777541893,2026-08-24T21:20:16+00:00,2026-07-29T06:46:29+00:00,商业运营,字节跳动招聘,校招,创意产品运营-「星璨全球」培养计划 - 国际化广告创意与品牌,https://jobs.bytedance.com/campus/position/7667837272777541893/detail,北京 | 上海 | 深圳
产品,字节跳动,2026-08-24T18:43:44+00:00,bytedance:7667836478151641349,2026-08-24T21:20:16+00:00,2026-07-29T06:42:12+00:00,产品经理,字节跳动招聘,校招,内容策略产品经理 - 火山引擎,https://jobs.bytedance.com/campus/position/7667836478151641349/detail,北京
市场,字节跳动,2026-08-24T18:43:44+00:00,bytedance:7667836114694539525,2026-08-24T21:20:16+00:00,2026-07-29T06:41:18+00:00,产品,字节跳动招聘,校招,星图品牌广告产品经理（抖音AI产品人才校招） - 抖音品牌营销与星图达人,https://jobs.bytedance.com/campus/position/7667836114694539525/detail,北京
产品,字节跳动,2026-08-24T18:43:44+00:00,bytedance:7667835620395387189,2026-08-24T21:20:16+00:00,2026-07-29T06:39:59+00:00,产品经理,字节跳动招聘,校招,AI产品经理（内容方向） - 火山引擎,https://jobs.bytedance.com/campus/position/7667835620395387189/detail,北京
商务,字节跳动,2026-08-24T18:43:44+00:00,bytedance:7667835349045840181,2026-08-24T21:20:16+00:00,2026-07-29T06:38:02+00:00,产品经理,字节跳动招聘,校招,云与AI解决方案架构师 - 火山引擎,https://jobs.bytedance.com/campus/position/7667835349045840181/detail,北京
产品,字节跳动,2026-08-24T18:43:44+00:00,bytedance:7667834505785133317,2026-08-24T21:20:16+00:00,2026-07-29T06:37:55+00:00,产品,字节跳动招聘,校招,AI产品经理（抖音AI产品人才校招） - 抖音基础体验,https://jobs.bytedance.com/campus/position/7667834505785133317/detail,北京
市场,字节跳动,2026-08-24T18:43:44+00:00,bytedance:7667835102218684725,2026-08-24T21:20:16+00:00,2026-07-29T06:36:58+00:00,产品经理,字节跳动招聘,校招,创意产品经理-「星璨全球」培养计划 - 国际化广告创意与品牌,https://jobs.bytedance.com/campus/position/7667835102218684725/detail,深圳 | 北京 | 上海
市场,字节跳动,2026-08-24T18:43:44+00:00,bytedance:7667831564625135925,2026-08-24T21:20:16+00:00,2026-07-29T06:25:20+00:00,产品经理,字节跳动招聘,校招,品牌广告产品经理-「星璨全球」培养计划 - 国际化广告创意与品牌,https://jobs.bytedance.com/campus/position/7667831564625135925/detail,北京 | 上海
运营,字节跳动,2026-08-24T18:43:44+00:00,bytedance:7667829055564024069,2026-08-24T21:20:16+00:00,2026-07-29T06:14:15+00:00,运营,字节跳动招聘,实习,数据（翻译/中文方向）实习生 - AI数据与安全,https://jobs.bytedance.com/campus/position/7667829055564024069/detail,北京
运营,字节跳动,2026-08-24T18:43:44+00:00,bytedance:7667826902803122485,2026-08-24T21:20:16+00:00,2026-07-29T06:05:07+00:00,运营,字节跳动招聘,校招,社交策略运营（抖音AI产品人才校招） - 抖音社交与互动,https://jobs.bytedance.com/campus/position/7667826902803122485/detail,深圳 | 北京
产品,字节跳动,2026-08-24T18:43:44+00:00,bytedance:7667824983506553141,2026-08-24T21:20:16+00:00,2026-07-29T05:58:55+00:00,产品,字节跳动招聘,校招,产品经理（供应链平台） - AI算力基础设施,https://jobs.bytedance.com/campus/position/7667824983506553141/detail,北京
运营,字节跳动,2026-08-24T18:43:44+00:00,bytedance:7667819764890749237,2026-08-24T21:20:16+00:00,2026-07-29T05:37:41+00:00,运营,字节跳动招聘,实习,越南电商运营部实习生 - TikTok Shop,https://jobs.bytedance.com/campus/position/7667819764890749237/detail,深圳
运营,字节跳动,2026-08-24T18:43:44+00:00,bytedance:7667816093512534277,2026-08-24T21:20:16+00:00,2026-07-29T05:25:33+00:00,运营,字节跳动招聘,实习,美国电商达人联盟运营实习生 - TikTok Shop,https://jobs.bytedance.com/campus/position/7667816093512534277/detail,上海
产品,字节跳动,2026-08-24T18:43:44+00:00,bytedance:7667814862396082437,2026-08-24T21:20:16+00:00,2026-07-29T05:22:23+00:00,产品,字节跳动招聘,校招,双列内容AI策略产品经理（抖音AI产品人才校招） - 抖音生态,https://jobs.bytedance.com/campus/position/7667814862396082437/detail,北京
职能,字节跳动,2026-08-24T18:43:44+00:00,bytedance:7667809990523390213,2026-08-24T21:20:16+00:00,2026-07-29T05:03:26+00:00,法务,字节跳动招聘,实习,法务运营（诉讼数字化方向）实习生 - 中国法务,https://jobs.bytedance.com/campus/position/7667809990523390213/detail,北京
产品,字节跳动,2026-08-24T18:43:44+00:00,bytedance:7667806455349807413,2026-08-24T21:20:16+00:00,2026-07-29T04:52:39+00:00,产品经理,字节跳动招聘,校招,内容治理AI产品经理（抖音AI产品人才校招） - 抖音社区治理,https://jobs.bytedance.com/campus/position/7667806455349807413/detail,北京
产品,字节跳动,2026-08-24T18:43:44+00:00,bytedance:7667802679746742533,2026-08-24T21:20:16+00:00,2026-07-29T04:37:12+00:00,产品,字节跳动招聘,校招,精选内容AI策略产品经理（抖音AI产品人才校招） - 抖音生态,https://jobs.bytedance.com/campus/position/7667802679746742533/detail,北京
市场,字节跳动,2026-08-24T18:43:44+00:00,bytedance:7667802679964469557,2026-08-24T21:20:16+00:00,2026-07-29T04:32:48+00:00,产品经理,字节跳动招聘,校招,AI产品经理-「星璨全球」培养计划 - 国际化广告创意与品牌,https://jobs.bytedance.com/campus/position/7667802679964469557/detail,上海 | 北京
产品,字节跳动,2026-08-24T18:43:44+00:00,bytedance:7667800958913054981,2026-08-24T21:20:16+00:00,2026-07-29T04:28:48+00:00,产品经理,字节跳动招聘,校招,AI产品经理（核心人事方向） - 集团信息系统,https://jobs.bytedance.com/campus/position/7667800958913054981/detail,北京 | 上海
增长,字节跳动,2026-08-24T18:43:44+00:00,bytedance:7667799990534965557,2026-08-24T21:20:16+00:00,2026-07-29T04:26:59+00:00,产品,字节跳动招聘,校招,用户产品（抖音AI产品人才校招） - 抖音增长,https://jobs.bytedance.com/campus/position/7667799990534965557/detail,北京
增长,字节跳动,2026-08-24T18:43:44+00:00,bytedance:7667800960324618501,2026-08-24T21:20:16+00:00,2026-07-29T04:25:55+00:00,产品,字节跳动招聘,校招,增长策略产品（抖音AI产品人才校招） - 抖音增长,https://jobs.bytedance.com/campus/position/7667800960324618501/detail,北京 | 上海
产品,字节跳动,2026-08-24T18:43:44+00:00,bytedance:7667800162559641909,2026-08-24T21:20:16+00:00,2026-07-29T04:21:57+00:00,产品,字节跳动招聘,校招,投放策略产品经理（抖音AI产品人才校招） - 抖音,https://jobs.bytedance.com/campus/position/7667800162559641909/detail,北京 | 深圳
运营,字节跳动,2026-08-24T18:43:44+00:00,bytedance:7667797029995022597,2026-08-24T21:20:16+00:00,2026-07-29T04:13:30+00:00,运营,字节跳动招聘,校招,经验决策AI策略运营（抖音AI产品人才校招） - 抖音生态,https://jobs.bytedance.com/campus/position/7667797029995022597/detail,北京
产品,字节跳动,2026-08-24T18:43:44+00:00,bytedance:7667796578648082741,2026-08-24T21:20:16+00:00,2026-07-29T04:10:21+00:00,产品,字节跳动招聘,校招,AI策略产品经理（抖音AI产品人才校招） - 抖音,https://jobs.bytedance.com/campus/position/7667796578648082741/detail,北京
产品,字节跳动,2026-08-24T18:43:44+00:00,bytedance:7667795863509518597,2026-08-24T21:20:16+00:00,2026-07-29T04:05:46+00:00,产品,字节跳动招聘,校招,经验决策AI策略产品经理（抖音AI产品人才校招） - 抖音生态,https://jobs.bytedance.com/campus/position/7667795863509518597/detail,北京
产品,字节跳动,2026-08-24T18:43:44+00:00,bytedance:7667795864832936245,2026-08-24T21:20:16+00:00,2026-07-29T04:04:30+00:00,产品,字节跳动招聘,校招,AI社交产品工程师（抖音AI产品人才校招） - 抖音社交与互动,https://jobs.bytedance.com/campus/position/7667795864832936245/detail,北京 | 深圳
产品,字节跳动,2026-08-24T18:43:44+00:00,bytedance:7667792982096480565,2026-08-24T21:20:16+00:00,2026-07-29T03:53:28+00:00,产品经理,字节跳动招聘,校招,C端账号AI产品经理（抖音AI产品人才校招） - 抖音社区治理,https://jobs.bytedance.com/campus/position/7667792982096480565/detail,北京
运营,字节跳动,2026-08-24T18:43:44+00:00,bytedance:7667787950392854789,2026-08-24T21:20:16+00:00,2026-07-29T03:33:44+00:00,运营,字节跳动招聘,校招,社交投稿AI策略运营（抖音AI产品人才校招） - 抖音生态,https://jobs.bytedance.com/campus/position/7667787950392854789/detail,北京
设计,字节跳动,2026-08-24T18:43:44+00:00,bytedance:7667785976785307909,2026-08-24T21:20:16+00:00,2026-07-29T03:26:35+00:00,设计,字节跳动招聘,校招,抖音产品设计师 - 抖音平台,https://jobs.bytedance.com/campus/position/7667785976785307909/detail,北京
运营,字节跳动,2026-08-24T18:43:44+00:00,bytedance:7667781764526606645,2026-08-24T21:20:16+00:00,2026-07-29T03:14:27+00:00,运营,字节跳动招聘,校招,作者变现运营经理 - 抖音运营,https://jobs.bytedance.com/campus/position/7667781764526606645/detail,北京
商务,字节跳动,2026-08-24T18:43:44+00:00,bytedance:7667772793693473029,2026-08-24T21:20:16+00:00,2026-07-29T02:35:47+00:00,产品,字节跳动招聘,校招,云与AI解决方案架构师 - 火山引擎,https://jobs.bytedance.com/campus/position/7667772793693473029/detail,上海 | 成都
运营,字节跳动,2026-08-24T18:43:44+00:00,bytedance:7667770296124229941,2026-08-24T21:20:16+00:00,2026-07-29T02:27:02+00:00,运营,字节跳动招聘,实习,策略运营（剪映生态）实习生 - 内容质量与数据服务平台,https://jobs.bytedance.com/campus/position/7667770296124229941/detail,成都
产品,字节跳动,2026-08-24T18:43:44+00:00,bytedance:7667770208559909125,2026-08-24T21:20:16+00:00,2026-07-29T02:24:35+00:00,产品经理,字节跳动招聘,校招,IP创新业务AI产品经理（抖音AI产品人才校招） - 抖音运营,https://jobs.bytedance.com/campus/position/7667770208559909125/detail,北京 | 上海
产品,字节跳动,2026-08-24T18:43:44+00:00,bytedance:7667769076330334469,2026-08-24T21:20:16+00:00,2026-07-29T02:22:14+00:00,产品经理,字节跳动招聘,校招,推荐策略产品经理（抖音AI产品人才校招） - 抖音运营,https://jobs.bytedance.com/campus/position/7667769076330334469/detail,北京 | 深圳
运营,字节跳动,2026-08-24T18:43:44+00:00,bytedance:7667769372522875141,2026-08-24T21:20:16+00:00,2026-07-29T02:22:13+00:00,运营,字节跳动招聘,实习,内容生态策略运营（大模型方向）实习生 - 抖音生态,https://jobs.bytedance.com/campus/position/7667769372522875141/detail,北京
运营,字节跳动,2026-08-24T18:43:44+00:00,bytedance:7667769076329482501,2026-08-24T21:20:16+00:00,2026-07-29T02:21:54+00:00,运营,字节跳动招聘,校招,策略运营（AI创作方向）（抖音AI产品人才校招） - 抖音运营,https://jobs.bytedance.com/campus/position/7667769076329482501/detail,北京 | 上海
商务,字节跳动,2026-08-24T18:43:44+00:00,bytedance:7667767484251670789,2026-08-24T21:20:16+00:00,2026-07-29T02:17:20+00:00,产品经理,字节跳动招聘,校招,商业化产品经理（抖音AI产品人才校招） - 抖音音乐,https://jobs.bytedance.com/campus/position/7667767484251670789/detail,北京 | 上海
产品,字节跳动,2026-08-24T18:43:44+00:00,bytedance:7667767817475901749,2026-08-24T21:20:16+00:00,2026-07-29T02:15:43+00:00,产品经理,字节跳动招聘,校招,AI音乐产品经理（抖音AI产品人才校招） - 抖音音乐,https://jobs.bytedance.com/campus/position/7667767817475901749/detail,北京 | 上海
产品,字节跳动,2026-08-24T18:43:44+00:00,bytedance:7667766805872740661,2026-08-24T21:20:16+00:00,2026-07-29T02:11:56+00:00,产品,字节跳动招聘,校招,AI策略产品经理（抖音AI产品人才校招） - 抖音搜索,https://jobs.bytedance.com/campus/position/7667766805872740661/detail,北京
运营,字节跳动,2026-08-24T18:43:44+00:00,bytedance:7667764424112933125,2026-08-24T21:20:16+00:00,2026-07-29T02:07:04+00:00,产品运营,字节跳动招聘,校招,AI搜索策略运营经理（抖音AI产品人才校招） - 抖音搜索,https://jobs.bytedance.com/campus/position/7667764424112933125/detail,北京
运营,字节跳动,2026-08-24T18:43:44+00:00,bytedance:7667764306088315189,2026-08-24T21:20:16+00:00,2026-07-29T02:06:01+00:00,运营,字节跳动招聘,实习,AI应用后端开发实习生 - AI 工具运营,https://jobs.bytedance.com/campus/position/7667764306088315189/detail,北京
用户研究,字节跳动,2026-08-24T18:43:44+00:00,bytedance:7667609460127516933,2026-08-24T21:20:16+00:00,2026-07-28T16:01:41+00:00,用户研究,字节跳动招聘,校招,用户研究分析师 - 经营办公室（用户研究）,https://jobs.bytedance.com/campus/position/7667609460127516933/detail,上海 | 北京
产品,字节跳动,2026-08-24T18:43:44+00:00,bytedance:7667590063169341701,2026-08-24T21:20:16+00:00,2026-07-28T14:45:45+00:00,产品,字节跳动招聘,校招,AI产品经理 - 抖音电商,https://jobs.bytedance.com/campus/position/7667590063169341701/detail,上海 | 北京
销售,字节跳动,2026-08-24T18:43:44+00:00,bytedance:7667586279020677381,2026-08-24T21:20:16+00:00,2026-07-28T14:31:50+00:00,销售,字节跳动招聘,校招,产品业务架构师 - 数据平台,https://jobs.bytedance.com/campus/position/7667586279020677381/detail,北京
商务,字节跳动,2026-08-24T18:43:44+00:00,bytedance:7667582551188457781,2026-08-24T21:20:16+00:00,2026-07-28T14:24:50+00:00,产品,字节跳动招聘,校招,产品解决方案架构师 - 数据平台,https://jobs.bytedance.com/campus/position/7667582551188457781/detail,北京
商务,字节跳动,2026-08-24T18:43:44+00:00,bytedance:7667579728820259125,2026-08-24T21:20:16+00:00,2026-07-28T14:07:43+00:00,产品,字节跳动招聘,校招,豆包AI大模型产品解决方案 - 火山方舟,https://jobs.bytedance.com/campus/position/7667579728820259125/detail,北京 | 上海 | 杭州 | 深圳
产品,字节跳动,2026-08-24T18:43:44+00:00,bytedance:7667576106895689989,2026-08-24T21:20:16+00:00,2026-07-28T13:53:10+00:00,产品经理,字节跳动招聘,校招,AI产品经理（豆包大模型方向） - 火山方舟,https://jobs.bytedance.com/campus/position/7667576106895689989/detail,北京 | 上海 | 杭州
运营,字节跳动,2026-08-24T18:43:44+00:00,bytedance:7667565600264882485,2026-08-24T21:20:16+00:00,2026-07-28T13:11:39+00:00,用户运营,字节跳动招聘,实习,AI产品用户运营实习生 - TRAE,https://jobs.bytedance.com/campus/position/7667565600264882485/detail,深圳 | 广州
产品,字节跳动,2026-08-24T18:43:44+00:00,bytedance:7667564159460378885,2026-08-24T21:20:16+00:00,2026-07-28T13:10:23+00:00,产品经理,字节跳动招聘,校招,AI产品经理（采购Agent方向） - 集团信息系统,https://jobs.bytedance.com/campus/position/7667564159460378885/detail,北京 | 深圳
增长,字节跳动,2026-08-24T18:43:44+00:00,bytedance:7667561625356323125,2026-08-24T21:20:16+00:00,2026-07-28T12:55:47+00:00,产品,字节跳动招聘,校招,用户增长产品经理（多端） - 抖音电商,https://jobs.bytedance.com/campus/position/7667561625356323125/detail,上海
运营,字节跳动,2026-08-24T18:43:44+00:00,bytedance:7667552991372658949,2026-08-24T21:20:16+00:00,2026-07-28T12:21:46+00:00,运营,字节跳动招聘,校招,童装童鞋行业运营 - 抖音电商,https://jobs.bytedance.com/campus/position/7667552991372658949/detail,上海
产品,字节跳动,2026-08-24T18:43:44+00:00,bytedance:7667552110397114629,2026-08-24T21:20:16+00:00,2026-07-28T12:19:06+00:00,产品经理,字节跳动招聘,校招,AI产品经理（垂直场景方向） - 集团信息系统,https://jobs.bytedance.com/campus/position/7667552110397114629/detail,北京 | 深圳
运营,字节跳动,2026-08-24T18:43:44+00:00,bytedance:7667552009150990597,2026-08-24T21:20:16+00:00,2026-07-28T12:18:10+00:00,运营,字节跳动招聘,校招,玩具文创行业运营 - 抖音电商,https://jobs.bytedance.com/campus/position/7667552009150990597/detail,上海
运营,字节跳动,2026-08-24T18:43:44+00:00,bytedance:7667551288914282757,2026-08-24T21:20:16+00:00,2026-07-28T12:16:43+00:00,运营,字节跳动招聘,校招,独立端产品运营 - 抖音社交与互动,https://jobs.bytedance.com/campus/position/7667551288914282757/detail,深圳
运营,字节跳动,2026-08-24T18:43:44+00:00,bytedance:7667550930741135669,2026-08-24T21:20:16+00:00,2026-07-28T12:13:37+00:00,运营,字节跳动招聘,校招,电脑数码行业运营 - 抖音电商,https://jobs.bytedance.com/campus/position/7667550930741135669/detail,上海
战略,字节跳动,2026-08-24T18:43:44+00:00,bytedance:7667548798541531445,2026-08-24T21:20:16+00:00,2026-07-28T12:09:30+00:00,商业运营,字节跳动招聘,校招,战略分析师 - 火山引擎,https://jobs.bytedance.com/campus/position/7667548798541531445/detail,北京
产品,字节跳动,2026-08-24T18:43:44+00:00,bytedance:7667548693747075333,2026-08-24T21:20:16+00:00,2026-07-28T12:05:33+00:00,产品,字节跳动招聘,校招,内容产品经理 - TikTok生活服务,https://jobs.bytedance.com/campus/position/7667548693747075333/detail,上海 | 北京
战略,字节跳动,2026-08-24T18:43:44+00:00,bytedance:7667547520377407797,2026-08-24T21:20:16+00:00,2026-07-28T12:02:45+00:00,运营,字节跳动招聘,校招,战略经营分析师 - TikTok生活服务,https://jobs.bytedance.com/campus/position/7667547520377407797/detail,上海
运营,字节跳动,2026-08-24T18:43:44+00:00,bytedance:7667546153173141813,2026-08-24T21:20:16+00:00,2026-07-28T11:58:16+00:00,运营,字节跳动招聘,校招,行业策略运营 - TikTok生活服务,https://jobs.bytedance.com/campus/position/7667546153173141813/detail,上海
销售,字节跳动,2026-08-24T18:43:44+00:00,bytedance:7667544823326509365,2026-08-24T21:20:16+00:00,2026-07-28T11:50:24+00:00,销售,字节跳动招聘,校招,云与AI咨询销售 - 火山引擎,https://jobs.bytedance.com/campus/position/7667544823326509365/detail,深圳
产品,字节跳动,2026-08-24T18:43:44+00:00,bytedance:7667544132783409413,2026-08-24T21:20:16+00:00,2026-07-28T11:50:02+00:00,产品,字节跳动招聘,校招,AI产品经理（会员权益方向） - 剪映CapCut,https://jobs.bytedance.com/campus/position/7667544132783409413/detail,北京
运营,字节跳动,2026-08-24T18:43:44+00:00,bytedance:7667543390654368005,2026-08-24T21:20:16+00:00,2026-07-28T11:47:19+00:00,运营,字节跳动招聘,校招,电商运营管培生（全托管） - TikTok Shop,https://jobs.bytedance.com/campus/position/7667543390654368005/detail,上海
运营,字节跳动,2026-08-24T18:43:44+00:00,bytedance:7667542779799652661,2026-08-24T21:20:16+00:00,2026-07-28T11:47:03+00:00,运营,字节跳动招聘,校招,电商运营管培生（POP） - TikTok Shop,https://jobs.bytedance.com/campus/position/7667542779799652661/detail,上海
运营,字节跳动,2026-08-24T18:43:44+00:00,bytedance:7667542779799275829,2026-08-24T21:20:16+00:00,2026-07-28T11:46:46+00:00,运营,字节跳动招聘,校招,行业运营管培生（POP） - TikTok Shop,https://jobs.bytedance.com/campus/position/7667542779799275829/detail,上海 | 深圳
运营,字节跳动,2026-08-24T18:43:44+00:00,bytedance:7667542125177948469,2026-08-24T21:20:16+00:00,2026-07-28T11:45:29+00:00,运营,字节跳动招聘,校招,行业运营管培生（全托管） - TikTok Shop,https://jobs.bytedance.com/campus/position/7667542125177948469/detail,深圳 | 广州 | 上海
运营,字节跳动,2026-08-24T18:43:44+00:00,bytedance:7667542221588826373,2026-08-24T21:20:16+00:00,2026-07-28T11:44:52+00:00,运营,字节跳动招聘,校招,策略运营管培生（全托管） - TikTok Shop,https://jobs.bytedance.com/campus/position/7667542221588826373/detail,广州 | 上海
产品,字节跳动,2026-08-24T18:43:44+00:00,bytedance:7667541378700642565,2026-08-24T21:20:16+00:00,2026-07-28T11:39:01+00:00,产品经理,字节跳动招聘,校招,富文本编辑器AI产品经理（抖音AI产品人才校招） - 抖音运营,https://jobs.bytedance.com/campus/position/7667541378700642565/detail,北京 | 上海
产品,字节跳动,2026-08-24T18:43:44+00:00,bytedance:7667541143857416501,2026-08-24T21:20:16+00:00,2026-07-28T11:36:45+00:00,产品,字节跳动招聘,校招,交易产品经理 - TikTok生活服务,https://jobs.bytedance.com/campus/position/7667541143857416501/detail,上海 | 北京
商务,字节跳动,2026-08-24T18:43:44+00:00,bytedance:7667537338419611957,2026-08-24T21:20:16+00:00,2026-07-28T11:24:29+00:00,产品经理,字节跳动招聘,校招,云与AI解决方案架构师 - 火山引擎,https://jobs.bytedance.com/campus/position/7667537338419611957/detail,深圳
运营,字节跳动,2026-08-24T18:43:44+00:00,bytedance:7667536882108598581,2026-08-24T21:20:16+00:00,2026-07-28T11:22:48+00:00,用户运营,字节跳动招聘,校招,AI产品运营 - 数据平台,https://jobs.bytedance.com/campus/position/7667536882108598581/detail,杭州
运营,字节跳动,2026-08-24T18:43:44+00:00,bytedance:7667535743867128117,2026-08-24T21:20:16+00:00,2026-07-28T11:16:38+00:00,运营,字节跳动招聘,校招,AI产品运营（Agent方向） - 剪映CapCut,https://jobs.bytedance.com/campus/position/7667535743867128117/detail,北京
运营,字节跳动,2026-08-24T18:43:44+00:00,bytedance:7667535190839789829,2026-08-24T21:20:16+00:00,2026-07-28T11:15:02+00:00,产品运营,字节跳动招聘,实习,AI产品运营实习生 - TRAE,https://jobs.bytedance.com/campus/position/7667535190839789829/detail,杭州
设计,字节跳动,2026-08-24T18:43:44+00:00,bytedance:7667534248074840325,2026-08-24T21:20:16+00:00,2026-07-28T11:10:21+00:00,运营,字节跳动招聘,校招,特效与算法策略 - 剪映CapCut,https://jobs.bytedance.com/campus/position/7667534248074840325/detail,北京
产品,字节跳动,2026-08-24T18:43:44+00:00,bytedance:7667532105950054661,2026-08-24T21:20:16+00:00,2026-07-28T11:03:54+00:00,产品,字节跳动招聘,校招,AI产品经理 - 剪映CapCut,https://jobs.bytedance.com/campus/position/7667532105950054661/detail,北京 | 深圳 | 上海
设计,字节跳动,2026-08-24T18:43:44+00:00,bytedance:7667531477907425589,2026-08-24T21:20:16+00:00,2026-07-28T11:01:12+00:00,运营,字节跳动招聘,校招,特效与算法策略 - 剪映CapCut,https://jobs.bytedance.com/campus/position/7667531477907425589/detail,北京
产品,字节跳动,2026-08-24T18:43:44+00:00,bytedance:7667531318020442373,2026-08-24T21:20:16+00:00,2026-07-28T10:58:32+00:00,产品,字节跳动招聘,校招,AI产品经理（平台方向） - 剪映CapCut,https://jobs.bytedance.com/campus/position/7667531318020442373/detail,北京
产品,字节跳动,2026-08-24T18:43:44+00:00,bytedance:7667530498277329157,2026-08-24T21:20:16+00:00,2026-07-28T10:58:02+00:00,产品,字节跳动招聘,校招,AI产品经理（内容安全方向） - 剪映CapCut,https://jobs.bytedance.com/campus/position/7667530498277329157/detail,北京
产品,字节跳动,2026-08-24T18:43:44+00:00,bytedance:7667530498543110405,2026-08-24T21:20:16+00:00,2026-07-28T10:57:37+00:00,产品,字节跳动招聘,实习,推荐策略产品实习生-国际化内容社区,https://jobs.bytedance.com/campus/position/7667530498543110405/detail,上海
产品,字节跳动,2026-08-24T18:43:44+00:00,bytedance:7667529028438264117,2026-08-24T21:20:16+00:00,2026-07-28T10:53:32+00:00,产品,字节跳动招聘,校招,内容推荐AI策略产品经理（抖音AI产品人才校招） - 抖音生态,https://jobs.bytedance.com/campus/position/7667529028438264117/detail,北京
产品,字节跳动,2026-08-24T18:43:44+00:00,bytedance:7667524798360488245,2026-08-24T21:20:16+00:00,2026-07-28T10:37:26+00:00,产品,字节跳动招聘,校招,评论内容AI策略产品经理（抖音AI产品人才校招） - 抖音生态,https://jobs.bytedance.com/campus/position/7667524798360488245/detail,北京
产品,字节跳动,2026-08-24T18:43:44+00:00,bytedance:7667523818756655413,2026-08-24T21:20:16+00:00,2026-07-28T10:33:27+00:00,产品经理,字节跳动招聘,校招,AI产品经理（CRM方向） - 抖音电商,https://jobs.bytedance.com/campus/position/7667523818756655413/detail,北京 | 上海
增长,字节跳动,2026-08-24T18:43:44+00:00,bytedance:7667523818755492149,2026-08-24T21:20:16+00:00,2026-07-28T10:31:16+00:00,产品经理,字节跳动招聘,校招,AI产品经理（供给增长方向） - 抖音电商,https://jobs.bytedance.com/campus/position/7667523818755492149/detail,北京 | 上海
产品,字节跳动,2026-08-24T18:43:44+00:00,bytedance:7667523819112237317,2026-08-24T21:20:16+00:00,2026-07-28T10:28:47+00:00,产品经理,字节跳动招聘,校招,AI产品经理（商家方向） - 抖音电商,https://jobs.bytedance.com/campus/position/7667523819112237317/detail,北京 | 上海
产品,字节跳动,2026-08-24T18:43:44+00:00,bytedance:7667519697788684549,2026-08-24T21:20:16+00:00,2026-07-28T10:14:04+00:00,产品,字节跳动招聘,校招,社交投稿AI策略产品经理（抖音AI产品人才校招） - 抖音生态,https://jobs.bytedance.com/campus/position/7667519697788684549/detail,北京
产品,字节跳动,2026-08-24T18:43:44+00:00,bytedance:7667519570013915445,2026-08-24T21:20:16+00:00,2026-07-28T10:12:25+00:00,产品,字节跳动招聘,校招,AI产品经理 - 抖音电商,https://jobs.bytedance.com/campus/position/7667519570013915445/detail,上海 | 北京
运营,字节跳动,2026-08-24T18:43:44+00:00,bytedance:7667515677683124533,2026-08-24T21:20:16+00:00,2026-07-28T09:58:59+00:00,运营,字节跳动招聘,实习,全球电商商家运营实习生（菲律宾方向） - TikTok Shop,https://jobs.bytedance.com/campus/position/7667515677683124533/detail,上海
职能,字节跳动,2026-08-24T18:43:44+00:00,bytedance:7667511619631843637,2026-08-24T21:20:16+00:00,2026-07-28T09:42:30+00:00,职能 / 支持,字节跳动招聘,校招,组织与人才策略 - 人力与管理部,https://jobs.bytedance.com/campus/position/7667511619631843637/detail,北京 | 上海
战略,字节跳动,2026-08-24T18:43:44+00:00,bytedance:7667510780866070789,2026-08-24T21:20:16+00:00,2026-07-28T09:38:06+00:00,职能 / 支持,字节跳动招聘,校招,技术战略 - 人力与管理部,https://jobs.bytedance.com/campus/position/7667510780866070789/detail,北京
产品,字节跳动,2026-08-24T18:43:44+00:00,bytedance:7667507513423677749,2026-08-24T21:20:16+00:00,2026-07-28T09:26:11+00:00,产品经理,字节跳动招聘,校招,数据产品经理 - 数据平台,https://jobs.bytedance.com/campus/position/7667507513423677749/detail,北京 | 上海 | 杭州
增长,字节跳动,2026-08-24T18:43:44+00:00,bytedance:7667505098385901877,2026-08-24T21:20:16+00:00,2026-07-28T09:18:20+00:00,运营,字节跳动招聘,实习,增长营销（活动方向）实习生 - TikTok生活服务,https://jobs.bytedance.com/campus/position/7667505098385901877/detail,北京
运营,字节跳动,2026-08-24T18:43:44+00:00,bytedance:7667504073999026437,2026-08-24T21:20:16+00:00,2026-07-28T09:12:43+00:00,运营,字节跳动招聘,校招,内容运营经理（宣发方向） - 抖音音乐,https://jobs.bytedance.com/campus/position/7667504073999026437/detail,北京
设计,字节跳动,2026-08-24T18:43:44+00:00,bytedance:7667503311625783605,2026-08-24T21:20:16+00:00,2026-07-28T09:09:33+00:00,运营,字节跳动招聘,实习,视觉理解大模型数据实习生 - AI数据与安全,https://jobs.bytedance.com/campus/position/7667503311625783605/detail,北京
运营,字节跳动,2026-08-24T18:43:44+00:00,bytedance:7667502118929434933,2026-08-24T21:20:16+00:00,2026-07-28T09:05:10+00:00,运营,字节跳动招聘,实习,数据运营（技术探索方向）实习生 - AI数据与安全,https://jobs.bytedance.com/campus/position/7667502118929434933/detail,北京
职能,字节跳动,2026-08-24T18:43:44+00:00,bytedance:7667501193568782597,2026-08-24T21:20:16+00:00,2026-07-28T09:01:53+00:00,职能 / 支持,字节跳动招聘,校招,人才管理 - 人力与管理部,https://jobs.bytedance.com/campus/position/7667501193568782597/detail,北京
商务,字节跳动,2026-08-24T18:43:44+00:00,bytedance:7667500448840042805,2026-08-24T21:20:16+00:00,2026-07-28T08:58:03+00:00,产品经理,字节跳动招聘,校招,行业解决方案架构师（金融行业） - 火山引擎,https://jobs.bytedance.com/campus/position/7667500448840042805/detail,北京 | 上海 | 深圳
设计,字节跳动,2026-08-24T18:43:44+00:00,bytedance:7667499307406608693,2026-08-24T21:20:16+00:00,2026-07-28T08:55:07+00:00,设计,字节跳动招聘,校招,内容设计师 - TikTok设计,https://jobs.bytedance.com/campus/position/7667499307406608693/detail,上海 | 北京
运营,字节跳动,2026-08-24T18:43:44+00:00,bytedance:7667498178971207989,2026-08-24T21:20:16+00:00,2026-07-28T08:51:35+00:00,运营,字节跳动招聘,校招,游戏视频作者运营经理 - 抖音运营,https://jobs.bytedance.com/campus/position/7667498178971207989/detail,深圳
增长,字节跳动,2026-08-24T18:43:44+00:00,bytedance:7667495664046131509,2026-08-24T21:20:16+00:00,2026-07-28T08:40:14+00:00,产品经理,字节跳动招聘,实习,增长策略产品实习生 - 国际支付,https://jobs.bytedance.com/campus/position/7667495664046131509/detail,上海
设计,字节跳动,2026-08-24T18:43:44+00:00,bytedance:7667495664276801797,2026-08-24T21:20:16+00:00,2026-07-28T08:39:40+00:00,交互设计,字节跳动招聘,校招,产品设计师 - 火山引擎,https://jobs.bytedance.com/campus/position/7667495664276801797/detail,北京 | 上海 | 杭州
设计,字节跳动,2026-08-24T18:43:44+00:00,bytedance:7667494868261046581,2026-08-24T21:20:16+00:00,2026-07-28T08:37:12+00:00,运营,字节跳动招聘,校招,本地化 - TikTok设计,https://jobs.bytedance.com/campus/position/7667494868261046581/detail,上海 | 北京
设计,字节跳动,2026-08-24T18:43:44+00:00,bytedance:7667493338343737653,2026-08-24T21:20:16+00:00,2026-07-28T08:30:16+00:00,设计,字节跳动招聘,校招,创意设计师 - TikTok设计,https://jobs.bytedance.com/campus/position/7667493338343737653/detail,上海 | 北京
设计,字节跳动,2026-08-24T18:43:44+00:00,bytedance:7667491816040778037,2026-08-24T21:20:16+00:00,2026-07-28T08:25:40+00:00,设计,字节跳动招聘,校招,AI产品设计师（AI workflow方向） - TikTok设计,https://jobs.bytedance.com/campus/position/7667491816040778037/detail,上海 | 北京
设计,字节跳动,2026-08-24T18:43:44+00:00,bytedance:7667488256230557957,2026-08-24T21:20:16+00:00,2026-07-28T08:14:11+00:00,设计,字节跳动招聘,校招,AI产品设计师 - TikTok设计,https://jobs.bytedance.com/campus/position/7667488256230557957/detail,上海 | 北京
设计,字节跳动,2026-08-24T18:43:44+00:00,bytedance:7667487162455214341,2026-08-24T21:20:16+00:00,2026-07-28T08:07:55+00:00,设计,字节跳动招聘,校招,产品设计师 - TikTok设计,https://jobs.bytedance.com/campus/position/7667487162455214341/detail,上海 | 北京
产品,字节跳动,2026-08-24T18:43:44+00:00,bytedance:7667482967157131573,2026-08-24T21:20:16+00:00,2026-07-28T07:50:38+00:00,产品,字节跳动招聘,校招,AI产品经理（内容安全方向） - 剪映CapCut,https://jobs.bytedance.com/campus/position/7667482967157131573/detail,北京
商业分析,字节跳动,2026-08-24T18:43:44+00:00,bytedance:7667481788043593989,2026-08-24T21:20:16+00:00,2026-07-28T07:45:49+00:00,运营,字节跳动招聘,校招,经营分析 - 剪映CapCut,https://jobs.bytedance.com/campus/position/7667481788043593989/detail,北京
运营,字节跳动,2026-08-24T18:43:44+00:00,bytedance:7667476049860823301,2026-08-24T21:20:16+00:00,2026-07-28T07:23:32+00:00,运营,字节跳动招聘,实习,AIGC数据运营实习生 - AI数据与安全,https://jobs.bytedance.com/campus/position/7667476049860823301/detail,北京
产品,字节跳动,2026-08-24T18:43:44+00:00,bytedance:7667469321133017349,2026-08-24T21:20:16+00:00,2026-07-28T06:59:17+00:00,商业产品（广告）,字节跳动招聘,校招,广告产品经理 - 国际化广告业务,https://jobs.bytedance.com/campus/position/7667469321133017349/detail,北京 | 上海
商务,字节跳动,2026-08-24T18:43:44+00:00,bytedance:7667464074172958981,2026-08-24T21:20:16+00:00,2026-07-28T06:38:18+00:00,销售,字节跳动招聘,校招,代理合作伙伴 - Global Business Solutions,https://jobs.bytedance.com/campus/position/7667464074172958981/detail,上海 | 广州
运营,字节跳动,2026-08-24T18:43:44+00:00,bytedance:7667461132043766069,2026-08-24T21:20:16+00:00,2026-07-28T06:27:09+00:00,商业运营,字节跳动招聘,校招,客户运营（CST） - Global Business Solutions,https://jobs.bytedance.com/campus/position/7667461132043766069/detail,北京 | 广州 | 上海
销售,字节跳动,2026-08-24T18:43:44+00:00,bytedance:7667458421112932613,2026-08-24T21:20:16+00:00,2026-07-28T06:16:03+00:00,销售,字节跳动招聘,校招,出海大客户/渠道销售 - Global Business Solutions,https://jobs.bytedance.com/campus/position/7667458421112932613/detail,广州
运营,字节跳动,2026-08-24T18:43:44+00:00,bytedance:7667457230138263813,2026-08-24T21:20:16+00:00,2026-07-28T06:12:48+00:00,运营,字节跳动招聘,实习,电商内容运营实习生 - TikTok Shop,https://jobs.bytedance.com/campus/position/7667457230138263813/detail,上海 | 广州
销售,字节跳动,2026-08-24T18:43:44+00:00,bytedance:7667456940328765701,2026-08-24T21:20:16+00:00,2026-07-28T06:10:19+00:00,销售,字节跳动招聘,校招,出海大客户/渠道销售 - Global Business Solutions,https://jobs.bytedance.com/campus/position/7667456940328765701/detail,广州
销售,字节跳动,2026-08-24T18:43:44+00:00,bytedance:7667453237851523381,2026-08-24T21:20:16+00:00,2026-07-28T05:55:13+00:00,销售,字节跳动招聘,校招,出海大客户/渠道销售 - Global Business Solutions,https://jobs.bytedance.com/campus/position/7667453237851523381/detail,上海 | 广州
运营,字节跳动,2026-08-24T18:43:44+00:00,bytedance:7667451268918675765,2026-08-24T21:20:16+00:00,2026-07-28T05:49:01+00:00,运营,字节跳动招聘,校招,产品运营 - 业务中台,https://jobs.bytedance.com/campus/position/7667451268918675765/detail,北京 | 上海
销售,字节跳动,2026-08-24T18:43:44+00:00,bytedance:7667450141609822469,2026-08-24T21:20:16+00:00,2026-07-28T05:44:35+00:00,销售,字节跳动招聘,校招,出海大客户/渠道销售 - Global Business Solutions,https://jobs.bytedance.com/campus/position/7667450141609822469/detail,北京
产品,字节跳动,2026-08-24T18:43:44+00:00,bytedance:7667449963626072373,2026-08-24T21:20:16+00:00,2026-07-28T05:43:13+00:00,产品经理,字节跳动招聘,校招,AI多模态产品经理 - 音视频技术,https://jobs.bytedance.com/campus/position/7667449963626072373/detail,北京 | 上海 | 杭州
销售,字节跳动,2026-08-24T18:43:44+00:00,bytedance:7667447397739596085,2026-08-24T21:20:16+00:00,2026-07-28T05:32:59+00:00,销售,字节跳动招聘,校招,出海大客户/渠道销售 - Global Business Solutions,https://jobs.bytedance.com/campus/position/7667447397739596085/detail,深圳
运营,字节跳动,2026-08-24T18:43:44+00:00,bytedance:7667444664762009861,2026-08-24T21:20:16+00:00,2026-07-28T05:28:05+00:00,运营,字节跳动招聘,校招,广告策略运营 - 抖音生活服务,https://jobs.bytedance.com/campus/position/7667444664762009861/detail,北京 | 上海
销售,字节跳动,2026-08-24T18:43:44+00:00,bytedance:7667445216558811445,2026-08-24T21:20:16+00:00,2026-07-28T05:26:35+00:00,销售,字节跳动招聘,校招,出海大客户/渠道销售 - Global Business Solutions,https://jobs.bytedance.com/campus/position/7667445216558811445/detail,上海
运营,字节跳动,2026-08-24T18:43:44+00:00,bytedance:7667443865918130485,2026-08-24T21:20:16+00:00,2026-07-28T05:20:49+00:00,运营,字节跳动招聘,校招,内容作者运营（UK） - 剪映CapCut,https://jobs.bytedance.com/campus/position/7667443865918130485/detail,上海
产品,字节跳动,2026-08-24T18:43:44+00:00,bytedance:7667442236142848261,2026-08-24T21:20:16+00:00,2026-07-28T05:14:52+00:00,产品,字节跳动招聘,校招,AI产品经理（工具图像方向） - 剪映CapCut,https://jobs.bytedance.com/campus/position/7667442236142848261/detail,深圳
产品,字节跳动,2026-08-24T18:43:44+00:00,bytedance:7667440763903232261,2026-08-24T21:20:16+00:00,2026-07-28T05:08:00+00:00,产品,字节跳动招聘,校招,AI产品经理（Agent方向） - 剪映CapCut,https://jobs.bytedance.com/campus/position/7667440763903232261/detail,北京 | 深圳
运营,字节跳动,2026-08-24T18:43:44+00:00,bytedance:7667439350594046261,2026-08-24T21:20:16+00:00,2026-07-28T05:02:44+00:00,运营,字节跳动招聘,校招,内容策划 - 剪映CapCut,https://jobs.bytedance.com/campus/position/7667439350594046261/detail,北京 | 深圳
销售,字节跳动,2026-08-24T18:43:44+00:00,bytedance:7667436872096155957,2026-08-24T21:20:16+00:00,2026-07-28T04:51:32+00:00,销售,字节跳动招聘,校招,出海大客户/渠道销售 - Global Business Solutions,https://jobs.bytedance.com/campus/position/7667436872096155957/detail,广州
职能,字节跳动,2026-08-24T18:43:44+00:00,bytedance:7667426953645672757,2026-08-24T21:20:16+00:00,2026-07-28T04:17:38+00:00,人力,字节跳动招聘,实习,招聘实习生 - Seed,https://jobs.bytedance.com/campus/position/7667426953645672757/detail,北京
产品,字节跳动,2026-08-24T18:43:44+00:00,bytedance:7667422715296581941,2026-08-24T21:20:16+00:00,2026-07-28T03:56:53+00:00,产品,字节跳动招聘,校招,AI产品经理（AI Agent方向） - 剪映CapCut,https://jobs.bytedance.com/campus/position/7667422715296581941/detail,北京
产品,字节跳动,2026-08-24T18:43:44+00:00,bytedance:7667421333009156405,2026-08-24T21:20:16+00:00,2026-07-28T03:51:07+00:00,产品,字节跳动招聘,校招,导购产品经理 - 抖音电商,https://jobs.bytedance.com/campus/position/7667421333009156405/detail,上海 | 北京
运营,字节跳动,2026-08-24T18:43:44+00:00,bytedance:7667419801941592373,2026-08-24T21:20:16+00:00,2026-07-28T03:45:27+00:00,运营,字节跳动招聘,校招,业务分析 - 抖音电商,https://jobs.bytedance.com/campus/position/7667419801941592373/detail,上海 | 北京
运营,字节跳动,2026-08-24T18:43:44+00:00,bytedance:7667418960191277365,2026-08-24T21:20:16+00:00,2026-07-28T03:43:08+00:00,运营,字节跳动招聘,校招,用户体验判责策略运营 - 抖音电商,https://jobs.bytedance.com/campus/position/7667418960191277365/detail,上海 | 北京
运营,字节跳动,2026-08-24T18:43:44+00:00,bytedance:7667417551997389061,2026-08-24T21:20:16+00:00,2026-07-28T03:37:06+00:00,运营,字节跳动招聘,实习,美国FBT商家运营实习生 - TikTok Shop,https://jobs.bytedance.com/campus/position/7667417551997389061/detail,杭州
职能,字节跳动,2026-08-24T18:43:44+00:00,bytedance:7667395350599125253,2026-08-24T21:20:16+00:00,2026-07-28T02:10:29+00:00,职能 / 支持,字节跳动招聘,校招,全球人力运营培训生 - 人力与管理部,https://jobs.bytedance.com/campus/position/7667395350599125253/detail,北京
产品,字节跳动,2026-08-24T18:43:44+00:00,bytedance:7667393356424726789,2026-08-24T21:20:16+00:00,2026-07-28T02:07:26+00:00,职能 / 支持,字节跳动招聘,校招,AI产品经理（招聘方向） - 人力与管理部,https://jobs.bytedance.com/campus/position/7667393356424726789/detail,北京 | 上海
职能,字节跳动,2026-08-24T18:43:44+00:00,bytedance:7667393096102971701,2026-08-24T21:20:16+00:00,2026-07-28T02:03:51+00:00,职能 / 支持,字节跳动招聘,校招,集团内控业务伙伴 - 内控,https://jobs.bytedance.com/campus/position/7667393096102971701/detail,北京 | 上海 | 深圳
职能,字节跳动,2026-08-24T18:43:44+00:00,bytedance:7667391284950436101,2026-08-24T21:20:16+00:00,2026-07-28T02:00:46+00:00,职能 / 支持,字节跳动招聘,校招,HRBP - 人力与管理部,https://jobs.bytedance.com/campus/position/7667391284950436101/detail,北京 | 广州 | 上海 | 成都
设计,字节跳动,2026-08-24T18:43:44+00:00,bytedance:7667391119591901493,2026-08-24T21:20:16+00:00,2026-07-28T01:58:19+00:00,职能 / 支持,字节跳动招聘,校招,产品/运营/分析/设计类组织招聘 - 人力与管理部,https://jobs.bytedance.com/campus/position/7667391119591901493/detail,北京 | 上海 | 深圳 | 杭州
市场,字节跳动,2026-08-24T18:43:44+00:00,bytedance:7667389415075055877,2026-08-24T21:20:16+00:00,2026-07-28T01:52:15+00:00,职能 / 支持,字节跳动招聘,校招,市场/销售类组织招聘 - 人力与管理部,https://jobs.bytedance.com/campus/position/7667389415075055877/detail,北京 | 上海 | 深圳 | 杭州
职能,字节跳动,2026-08-24T18:43:44+00:00,bytedance:7667388757523876149,2026-08-24T21:20:16+00:00,2026-07-28T01:47:08+00:00,职能 / 支持,字节跳动招聘,校招,研发技术类组织招聘 - 人力与管理部,https://jobs.bytedance.com/campus/position/7667388757523876149/detail,北京 | 上海 | 深圳
职能,字节跳动,2026-08-24T18:43:44+00:00,bytedance:7667385537558628613,2026-08-24T21:20:16+00:00,2026-07-28T01:44:04+00:00,职能 / 支持,字节跳动招聘,校招,集团职能招聘 - 人力与管理部,https://jobs.bytedance.com/campus/position/7667385537558628613/detail,北京 | 上海
职能,字节跳动,2026-08-24T18:43:44+00:00,bytedance:7667382356454525237,2026-08-24T21:20:16+00:00,2026-07-28T01:37:17+00:00,职能 / 支持,字节跳动招聘,校招,招聘中心招聘 - 人力与管理部,https://jobs.bytedance.com/campus/position/7667382356454525237/detail,北京 | 上海 | 成都 | 武汉 | 南京 | 西安
产品,字节跳动,2026-08-24T18:43:44+00:00,bytedance:7667380186237716741,2026-08-24T21:20:16+00:00,2026-07-28T01:13:13+00:00,产品经理,字节跳动招聘,校招,产品经理 - 业务中台,https://jobs.bytedance.com/campus/position/7667380186237716741/detail,北京 | 上海 | 深圳
设计,字节跳动,2026-08-24T18:43:44+00:00,bytedance:7667210548121143557,2026-08-24T21:20:16+00:00,2026-07-27T14:13:01+00:00,交互设计,字节跳动招聘,校招,产品设计师 - Coze,https://jobs.bytedance.com/campus/position/7667210548121143557/detail,北京 | 深圳
产品,字节跳动,2026-08-24T18:43:44+00:00,bytedance:7667206293951711493,2026-08-24T21:20:16+00:00,2026-07-27T14:02:23+00:00,产品经理,字节跳动招聘,校招,国际化推荐策略产品经理 - TikTok,https://jobs.bytedance.com/campus/position/7667206293951711493/detail,北京 | 上海
运营,字节跳动,2026-08-24T18:43:44+00:00,bytedance:7667204204412111109,2026-08-24T21:20:16+00:00,2026-07-27T13:53:42+00:00,运营,字节跳动招聘,校招,国际化内容生态政策运营 - TikTok,https://jobs.bytedance.com/campus/position/7667204204412111109/detail,北京
产品,字节跳动,2026-08-24T18:43:44+00:00,bytedance:7667199624767113525,2026-08-24T21:20:16+00:00,2026-07-27T13:31:34+00:00,运营,字节跳动招聘,校招,AI产品经理（内容识别方向） - TikTok,https://jobs.bytedance.com/campus/position/7667199624767113525/detail,北京 | 上海
运营,字节跳动,2026-08-24T18:43:44+00:00,bytedance:7667199233130449157,2026-08-24T21:20:16+00:00,2026-07-27T13:30:25+00:00,运营,字节跳动招聘,实习,全托管UK商品运营实习生 - TikTok Shop,https://jobs.bytedance.com/campus/position/7667199233130449157/detail,上海
产品,字节跳动,2026-08-24T18:43:44+00:00,bytedance:7667195971337341189,2026-08-24T21:20:16+00:00,2026-07-27T13:19:52+00:00,产品经理,字节跳动招聘,校招,AI产品经理（内容识别方向） - TikTok,https://jobs.bytedance.com/campus/position/7667195971337341189/detail,北京 | 上海
设计,字节跳动,2026-08-24T18:43:44+00:00,bytedance:7667186781842344197,2026-08-24T21:20:16+00:00,2026-07-27T12:41:03+00:00,设计,字节跳动招聘,校招,AI产品设计师 - 广告业务,https://jobs.bytedance.com/campus/position/7667186781842344197/detail,上海 | 北京
产品,字节跳动,2026-08-24T18:43:44+00:00,bytedance:7667183689793341749,2026-08-24T21:20:16+00:00,2026-07-27T12:30:20+00:00,产品,字节跳动招聘,校招,AI产品经理（创作与效果方向） - 剪映CapCut,https://jobs.bytedance.com/campus/position/7667183689793341749/detail,上海
产品,字节跳动,2026-08-24T18:43:44+00:00,bytedance:7667181554880760117,2026-08-24T21:20:16+00:00,2026-07-27T12:23:13+00:00,产品,字节跳动招聘,校招,AI产品经理（广告策略方向） - 抖音生活服务,https://jobs.bytedance.com/campus/position/7667181554880760117/detail,上海 | 北京
产品,字节跳动,2026-08-24T18:43:44+00:00,bytedance:7667181638182684933,2026-08-24T21:20:16+00:00,2026-07-27T12:22:51+00:00,产品,字节跳动招聘,校招,AI产品经理（AIGC社区互动产品方向） - 剪映CapCut,https://jobs.bytedance.com/campus/position/7667181638182684933/detail,上海
增长,字节跳动,2026-08-24T18:43:44+00:00,bytedance:7667172332508006709,2026-08-24T21:20:16+00:00,2026-07-27T11:49:19+00:00,产品,字节跳动招聘,校招,AI产品经理（即梦用户增长方向） - 剪映CapCut,https://jobs.bytedance.com/campus/position/7667172332508006709/detail,北京
增长,字节跳动,2026-08-24T18:43:44+00:00,bytedance:7667170821950064949,2026-08-24T21:20:16+00:00,2026-07-27T11:40:44+00:00,产品,字节跳动招聘,校招,AI产品经理（剪映用户增长方向） - 剪映CapCut,https://jobs.bytedance.com/campus/position/7667170821950064949/detail,深圳
产品,字节跳动,2026-08-24T18:43:44+00:00,bytedance:7667168031294966069,2026-08-24T21:20:16+00:00,2026-07-27T11:32:15+00:00,产品,字节跳动招聘,校招,AI产品经理（Agent方向） - 剪映CapCut,https://jobs.bytedance.com/campus/position/7667168031294966069/detail,北京
产品,字节跳动,2026-08-24T18:43:44+00:00,bytedance:7667166191815674165,2026-08-24T21:20:16+00:00,2026-07-27T11:26:03+00:00,产品,字节跳动招聘,校招,AI产品经理（模板方向） - 剪映CapCut,https://jobs.bytedance.com/campus/position/7667166191815674165/detail,北京
运营,字节跳动,2026-08-24T18:43:44+00:00,bytedance:7667165600451725573,2026-08-24T21:20:16+00:00,2026-07-27T11:19:00+00:00,运营,字节跳动招聘,校招,内容作者运营（DE） - 剪映CapCut,https://jobs.bytedance.com/campus/position/7667165600451725573/detail,上海
市场,字节跳动,2026-08-24T18:43:44+00:00,bytedance:7667165034336340229,2026-08-24T21:20:16+00:00,2026-07-27T11:17:30+00:00,产品,字节跳动招聘,校招,营销Agent产品 - 剪映CapCut,https://jobs.bytedance.com/campus/position/7667165034336340229/detail,北京
产品,字节跳动,2026-08-24T18:43:44+00:00,bytedance:7667165091678980357,2026-08-24T21:20:16+00:00,2026-07-27T11:16:47+00:00,产品经理,字节跳动招聘,校招,AI产品经理 - Coze,https://jobs.bytedance.com/campus/position/7667165091678980357/detail,北京 | 深圳
运营,字节跳动,2026-08-24T18:43:44+00:00,bytedance:7667162136992778549,2026-08-24T21:20:16+00:00,2026-07-27T11:05:54+00:00,运营,字节跳动招聘,校招,内容作者运营（FR） - 剪映CapCut,https://jobs.bytedance.com/campus/position/7667162136992778549/detail,上海
设计,字节跳动,2026-08-24T18:43:44+00:00,bytedance:7667161020214053173,2026-08-24T21:20:16+00:00,2026-07-27T11:04:45+00:00,设计,字节跳动招聘,校招,AI产品设计师 - 剪映CapCut,https://jobs.bytedance.com/campus/position/7667161020214053173/detail,北京 | 深圳
设计,字节跳动,2026-08-24T18:43:44+00:00,bytedance:7667158400338528565,2026-08-24T21:20:16+00:00,2026-07-27T10:56:13+00:00,设计,字节跳动招聘,校招,AI效果设计师 - 剪映CapCut,https://jobs.bytedance.com/campus/position/7667158400338528565/detail,北京 | 深圳
产品,字节跳动,2026-08-24T18:43:44+00:00,bytedance:7667159554523154741,2026-08-24T21:20:16+00:00,2026-07-27T10:56:07+00:00,产品,字节跳动招聘,校招,AI产品经理（创作Agent方向） - 剪映CapCut,https://jobs.bytedance.com/campus/position/7667159554523154741/detail,北京
销售,字节跳动,2026-08-24T18:43:44+00:00,bytedance:7667154812605499653,2026-08-24T21:20:16+00:00,2026-07-27T10:40:50+00:00,销售,字节跳动招聘,校招,云与AI咨询销售 - 火山引擎,https://jobs.bytedance.com/campus/position/7667154812605499653/detail,上海 | 杭州
销售,字节跳动,2026-08-24T18:43:44+00:00,bytedance:7667154545639246085,2026-08-24T21:20:16+00:00,2026-07-27T10:40:05+00:00,销售,字节跳动招聘,校招,云与AI咨询销售 - 火山引擎,https://jobs.bytedance.com/campus/position/7667154545639246085/detail,北京 | 上海 | 成都 | 武汉 | 深圳 | 杭州
运营,字节跳动,2026-08-24T18:43:44+00:00,bytedance:7667143636844333317,2026-08-24T21:20:16+00:00,2026-07-27T09:53:39+00:00,运营,字节跳动招聘,实习,劳动力管理（WFM）运营实习生 - TikTok Shop,https://jobs.bytedance.com/campus/position/7667143636844333317/detail,上海
运营,字节跳动,2026-08-24T18:43:44+00:00,bytedance:7667141304455465221,2026-08-24T21:20:16+00:00,2026-07-27T09:45:11+00:00,运营,字节跳动招聘,校招,作者运营经理 - 剪映CapCut,https://jobs.bytedance.com/campus/position/7667141304455465221/detail,北京
产品,字节跳动,2026-08-24T18:43:44+00:00,bytedance:7667141071970715909,2026-08-24T21:20:16+00:00,2026-07-27T09:43:57+00:00,产品经理,字节跳动招聘,校招,AI产品经理 - TikTok Shop,https://jobs.bytedance.com/campus/position/7667141071970715909/detail,北京
产品,字节跳动,2026-08-24T18:43:44+00:00,bytedance:7667140480584763653,2026-08-24T21:20:16+00:00,2026-07-27T09:42:58+00:00,产品经理,字节跳动招聘,校招,AI产品经理 - TikTok Shop,https://jobs.bytedance.com/campus/position/7667140480584763653/detail,上海
产品,字节跳动,2026-08-24T18:43:44+00:00,bytedance:7667140274571364613,2026-08-24T21:20:16+00:00,2026-07-27T09:42:02+00:00,产品经理,字节跳动招聘,校招,AI产品经理 - TikTok Shop,https://jobs.bytedance.com/campus/position/7667140274571364613/detail,杭州
增长,字节跳动,2026-08-24T18:43:44+00:00,bytedance:7667140275466144053,2026-08-24T21:20:16+00:00,2026-07-27T09:40:17+00:00,运营,字节跳动招聘,实习,增长营销实习生 - 抖音UGC,https://jobs.bytedance.com/campus/position/7667140275466144053/detail,上海
产品,字节跳动,2026-08-24T18:43:44+00:00,bytedance:7667137415750191365,2026-08-24T21:20:16+00:00,2026-07-27T09:31:29+00:00,产品,字节跳动招聘,实习,数据策略产品实习生 - Seed,https://jobs.bytedance.com/campus/position/7667137415750191365/detail,北京
产品,字节跳动,2026-08-24T18:43:44+00:00,bytedance:7667136973082429749,2026-08-24T21:20:16+00:00,2026-07-27T09:28:24+00:00,产品经理,字节跳动招聘,校招,AI产品经理（内容理解平台方向） - TikTok,https://jobs.bytedance.com/campus/position/7667136973082429749/detail,北京
市场,字节跳动,2026-08-24T18:43:44+00:00,bytedance:7667133130802268421,2026-08-24T21:20:16+00:00,2026-07-27T09:13:55+00:00,内容运营,字节跳动招聘,校招,品牌传播（信息安全意识与技术方向） - 安全与风控,https://jobs.bytedance.com/campus/position/7667133130802268421/detail,北京
运营,字节跳动,2026-08-24T18:43:44+00:00,bytedance:7667129902848411957,2026-08-24T21:20:16+00:00,2026-07-27T09:00:52+00:00,运营,字节跳动招聘,校招,AI内容运营经理 - 剪映CapCut,https://jobs.bytedance.com/campus/position/7667129902848411957/detail,北京
运营,字节跳动,2026-08-24T18:43:44+00:00,bytedance:7667125843387156789,2026-08-24T21:20:16+00:00,2026-07-27T08:46:58+00:00,运营,字节跳动招聘,校招,云基础资源运营 - 火山引擎,https://jobs.bytedance.com/campus/position/7667125843387156789/detail,北京 | 上海
市场,字节跳动,2026-08-24T18:43:44+00:00,bytedance:7667126327812049157,2026-08-24T21:20:16+00:00,2026-07-27T08:46:46+00:00,运营,字节跳动招聘,校招,业务洞察与市场分析 - 火山引擎,https://jobs.bytedance.com/campus/position/7667126327812049157/detail,北京
产品,字节跳动,2026-08-24T18:43:44+00:00,bytedance:7667123503989442869,2026-08-24T21:20:16+00:00,2026-07-27T08:35:21+00:00,产品经理,字节跳动招聘,校招,大客户技术服务经理（云与AI） - 火山引擎,https://jobs.bytedance.com/campus/position/7667123503989442869/detail,深圳
产品,字节跳动,2026-08-24T18:43:44+00:00,bytedance:7667122882355464453,2026-08-24T21:20:16+00:00,2026-07-27T08:33:49+00:00,产品经理,字节跳动招聘,校招,大客户技术服务经理（云与AI） - 火山引擎,https://jobs.bytedance.com/campus/position/7667122882355464453/detail,上海
产品,字节跳动,2026-08-24T18:43:44+00:00,bytedance:7667122217155365125,2026-08-24T21:20:16+00:00,2026-07-27T08:32:17+00:00,产品经理,字节跳动招聘,校招,大客户技术服务经理（云与AI） - 火山引擎,https://jobs.bytedance.com/campus/position/7667122217155365125/detail,北京
增长,字节跳动,2026-08-24T18:43:44+00:00,bytedance:7667121135016446261,2026-08-24T21:20:16+00:00,2026-07-27T08:25:53+00:00,运营,字节跳动招聘,实习,用户增长运营实习生 - 抖音生活服务,https://jobs.bytedance.com/campus/position/7667121135016446261/detail,北京 | 上海 | 成都
运营,字节跳动,2026-08-24T18:43:44+00:00,bytedance:7667118756782426421,2026-08-24T21:20:16+00:00,2026-07-27T08:17:16+00:00,运营,字节跳动招聘,实习,拉美商家运营实习生 - TikTok Shop,https://jobs.bytedance.com/campus/position/7667118756782426421/detail,深圳
产品,字节跳动,2026-08-24T18:43:44+00:00,bytedance:7667115940052470021,2026-08-24T21:20:16+00:00,2026-07-27T08:06:29+00:00,产品经理,字节跳动招聘,校招,产品经理 - 抖音体验,https://jobs.bytedance.com/campus/position/7667115940052470021/detail,北京
商业分析,字节跳动,2026-08-24T18:43:44+00:00,bytedance:7667113882496141573,2026-08-24T21:20:16+00:00,2026-07-27T07:58:40+00:00,运营,字节跳动招聘,实习,AI自动化实习生（数据分析方向）-TikTok,https://jobs.bytedance.com/campus/position/7667113882496141573/detail,上海
项目管理,字节跳动,2026-08-24T18:43:44+00:00,bytedance:7667103575299213621,2026-08-24T21:20:16+00:00,2026-07-27T07:18:10+00:00,运营,字节跳动招聘,实习,AI项目管理实习生（安全模型运营方向）-TikTok,https://jobs.bytedance.com/campus/position/7667103575299213621/detail,北京
运营,字节跳动,2026-08-24T18:43:44+00:00,bytedance:7667101646808172853,2026-08-24T21:20:16+00:00,2026-07-27T07:13:08+00:00,运营,字节跳动招聘,实习,平台策略运营实习生 - TikTok Shop,https://jobs.bytedance.com/campus/position/7667101646808172853/detail,上海
运营,字节跳动,2026-08-24T18:43:44+00:00,bytedance:7667098876804925749,2026-08-24T21:20:16+00:00,2026-07-27T07:00:05+00:00,运营,字节跳动招聘,校招,行业运营（餐饮项目运营） - 抖音生活服务,https://jobs.bytedance.com/campus/position/7667098876804925749/detail,杭州
运营,字节跳动,2026-08-24T18:43:44+00:00,bytedance:7667097307380467973,2026-08-24T21:20:16+00:00,2026-07-27T06:54:30+00:00,运营,字节跳动招聘,校招,行业运营（餐饮） - 抖音生活服务,https://jobs.bytedance.com/campus/position/7667097307380467973/detail,上海 | 北京 | 杭州
运营,字节跳动,2026-08-24T18:43:44+00:00,bytedance:7667093883163461941,2026-08-24T21:20:16+00:00,2026-07-27T06:40:04+00:00,运营,字节跳动招聘,校招,游玩运营（旅行社及交通） - 抖音生活服务,https://jobs.bytedance.com/campus/position/7667093883163461941/detail,北京
产品,字节跳动,2026-08-24T18:43:44+00:00,bytedance:7667083864120002869,2026-08-24T21:20:16+00:00,2026-07-27T06:01:15+00:00,产品经理,字节跳动招聘,校招,AI产品经理 - 数据平台,https://jobs.bytedance.com/campus/position/7667083864120002869/detail,北京 | 上海 | 深圳 | 杭州
运营,字节跳动,2026-08-24T18:43:44+00:00,bytedance:7667079832247322885,2026-08-24T21:20:16+00:00,2026-07-27T05:47:16+00:00,运营,字节跳动招聘,实习,越南平台策略直播专项实习生 - TikTok Shop,https://jobs.bytedance.com/campus/position/7667079832247322885/detail,上海
商业分析,字节跳动,2026-08-24T18:43:44+00:00,bytedance:7667079276529944885,2026-08-24T21:20:16+00:00,2026-07-27T05:44:08+00:00,数据分析,字节跳动招聘,实习,经营分析实习生 - 小荷健康,https://jobs.bytedance.com/campus/position/7667079276529944885/detail,北京
项目管理,字节跳动,2026-08-24T18:43:44+00:00,bytedance:7667070647206201653,2026-08-24T21:20:16+00:00,2026-07-27T05:13:14+00:00,项目管理,字节跳动招聘,校招,推荐架构技术项目管理 - Data-抖音/直播/电商/剪映,https://jobs.bytedance.com/campus/position/7667070647206201653/detail,上海 | 北京
产品,字节跳动,2026-08-24T18:43:44+00:00,bytedance:7667041805084903685,2026-08-24T21:20:16+00:00,2026-07-27T03:19:25+00:00,产品经理,字节跳动招聘,实习,大模型评测平台产品实习生 - 模型数据工程,https://jobs.bytedance.com/campus/position/7667041805084903685/detail,北京
运营,字节跳动,2026-08-24T18:43:44+00:00,bytedance:7667041806852393269,2026-08-24T21:20:16+00:00,2026-07-27T03:19:05+00:00,运营,字节跳动招聘,校招,开发者运营（AI方向） - 飞书 AI Friendly,https://jobs.bytedance.com/campus/position/7667041806852393269/detail,北京 | 杭州
销售,字节跳动,2026-08-24T18:43:44+00:00,bytedance:7667037562906970373,2026-08-24T21:20:16+00:00,2026-07-27T03:02:42+00:00,销售,字节跳动招聘,校招,大客户销售（餐饮行业） - 抖音生活服务,https://jobs.bytedance.com/campus/position/7667037562906970373/detail,北京 | 上海 | 广州 | 成都 | 杭州 | 郑州 | 济南 | 深圳 | 南京 | 武汉 | 青岛 | 福州 | 重庆
产品,字节跳动,2026-08-24T18:43:44+00:00,bytedance:7667037173443938613,2026-08-24T21:20:16+00:00,2026-07-27T03:01:03+00:00,产品,字节跳动招聘,实习,AI数据平台产品实习生 - 模型数据工程,https://jobs.bytedance.com/campus/position/7667037173443938613/detail,北京
运营,字节跳动,2026-08-24T18:43:44+00:00,bytedance:7667031222274590981,2026-08-24T21:20:16+00:00,2026-07-27T02:38:37+00:00,运营,字节跳动招聘,校招,大模型产品运营 - TikTok,https://jobs.bytedance.com/campus/position/7667031222274590981/detail,北京
运营,字节跳动,2026-08-24T18:43:44+00:00,bytedance:7667030302024845621,2026-08-24T21:20:16+00:00,2026-07-27T02:35:18+00:00,运营,字节跳动招聘,实习,机构运营实习生 - TikTok Shop,https://jobs.bytedance.com/campus/position/7667030302024845621/detail,上海
运营,字节跳动,2026-08-24T18:43:44+00:00,bytedance:7666776166602852661,2026-08-24T21:20:16+00:00,2026-07-26T10:10:00+00:00,运营,字节跳动招聘,校招,行业运营（商业综合体） - 抖音生活服务,https://jobs.bytedance.com/campus/position/7666776166602852661/detail,杭州
运营,字节跳动,2026-08-24T18:43:44+00:00,bytedance:7666776123814447365,2026-08-24T21:20:16+00:00,2026-07-26T10:07:10+00:00,运营,字节跳动招聘,校招,行业运营（交通工具与汽车服务） - 抖音生活服务,https://jobs.bytedance.com/campus/position/7666776123814447365/detail,北京
运营,字节跳动,2026-08-24T18:43:44+00:00,bytedance:7666774319871822085,2026-08-24T21:20:16+00:00,2026-07-26T10:05:21+00:00,运营,字节跳动招聘,校招,行业运营（休闲娱乐） - 抖音生活服务,https://jobs.bytedance.com/campus/position/7666774319871822085/detail,上海 | 北京
运营,字节跳动,2026-08-24T18:43:44+00:00,bytedance:7666771248780937525,2026-08-24T21:20:16+00:00,2026-07-26T10:00:08+00:00,运营,字节跳动招聘,校招,行业运营（丽人与本地服务） - 抖音生活服务,https://jobs.bytedance.com/campus/position/7666771248780937525/detail,上海 | 北京
销售,字节跳动,2026-08-24T18:43:44+00:00,bytedance:7666763144032930053,2026-08-24T21:20:16+00:00,2026-07-26T09:47:34+00:00,销售,字节跳动招聘,校招,大客户销售（本地服务与亲子教培） - 抖音生活服务,https://jobs.bytedance.com/campus/position/7666763144032930053/detail,上海 | 广州 | 杭州 | 北京 | 成都 | 深圳
销售,字节跳动,2026-08-24T18:43:44+00:00,bytedance:7666766713043749173,2026-08-24T21:20:16+00:00,2026-07-26T09:36:20+00:00,销售,字节跳动招聘,校招,大客户销售（日用商超） - 抖音生活服务,https://jobs.bytedance.com/campus/position/7666766713043749173/detail,上海 | 广州 | 杭州 | 北京 | 成都 | 深圳
销售,字节跳动,2026-08-24T18:43:44+00:00,bytedance:7666763735805561141,2026-08-24T21:20:16+00:00,2026-07-26T09:33:38+00:00,销售,字节跳动招聘,校招,大客户销售（商业综合体） - 抖音生活服务,https://jobs.bytedance.com/campus/position/7666763735805561141/detail,上海 | 广州 | 杭州 | 北京 | 成都
市场,字节跳动,2026-08-24T18:43:44+00:00,bytedance:7666765403700250933,2026-08-24T21:20:16+00:00,2026-07-26T09:30:38+00:00,销售,字节跳动招聘,校招,大客户销售（品牌零售） - 抖音生活服务,https://jobs.bytedance.com/campus/position/7666765403700250933/detail,上海 | 广州 | 杭州 | 深圳
销售,字节跳动,2026-08-24T18:43:44+00:00,bytedance:7666765797079157045,2026-08-24T21:20:16+00:00,2026-07-26T09:27:10+00:00,销售,字节跳动招聘,校招,大客户销售（丽人） - 抖音生活服务,https://jobs.bytedance.com/campus/position/7666765797079157045/detail,北京 | 上海 | 广州 | 成都 | 杭州
销售,字节跳动,2026-08-24T18:43:44+00:00,bytedance:7666759922750900533,2026-08-24T21:20:16+00:00,2026-07-26T09:19:05+00:00,销售,字节跳动招聘,校招,大客户销售（交通工具与汽车服务） - 抖音生活服务,https://jobs.bytedance.com/campus/position/7666759922750900533/detail,北京 | 上海 | 广州 | 成都 | 杭州 | 深圳
销售,字节跳动,2026-08-24T18:43:44+00:00,bytedance:7666755120239757621,2026-08-24T21:20:16+00:00,2026-07-26T09:04:42+00:00,销售,字节跳动招聘,校招,大客户销售（休闲娱乐） - 抖音生活服务,https://jobs.bytedance.com/campus/position/7666755120239757621/detail,北京 | 上海 | 广州 | 成都 | 杭州
产品,字节跳动,2026-08-24T18:43:44+00:00,bytedance:7666738811180583173,2026-08-24T21:20:16+00:00,2026-07-26T08:05:45+00:00,产品经理,字节跳动招聘,校招,技术产品经理（智能经营Agent方向） - 中国交易与广告,https://jobs.bytedance.com/campus/position/7666738811180583173/detail,北京 | 上海 | 成都
商业分析,字节跳动,2026-08-24T19:23:31+00:00,bytedance:7666710425673976117,2026-08-24T21:20:16+00:00,2026-07-26T06:27:32+00:00,数据分析,字节跳动招聘,实习,用户产品数据分析实习生 - TikTok Shop,https://jobs.bytedance.com/campus/position/7666710425673976117/detail,珠海
商业分析,字节跳动,2026-08-24T19:23:31+00:00,bytedance:7666697841264511237,2026-08-24T21:20:16+00:00,2026-07-26T06:09:02+00:00,数据分析,字节跳动招聘,实习,国际电商数据分析实习生 - TikTok Shop,https://jobs.bytedance.com/campus/position/7666697841264511237/detail,上海
商务,字节跳动,2026-08-24T18:43:44+00:00,bytedance:7666349184211962165,2026-08-24T21:20:16+00:00,2026-07-25T06:59:22+00:00,运营,字节跳动招聘,校招,行业运营（服饰与健康母婴） - 商业化,https://jobs.bytedance.com/campus/position/7666349184211962165/detail,上海
商务,字节跳动,2026-08-24T18:43:44+00:00,bytedance:7666350237758064901,2026-08-24T21:20:16+00:00,2026-07-25T06:58:59+00:00,运营,字节跳动招聘,校招,行业运营（金融与互动应用） - 商业化,https://jobs.bytedance.com/campus/position/7666350237758064901/detail,上海
商务,字节跳动,2026-08-24T18:43:44+00:00,bytedance:7666349152151128325,2026-08-24T21:20:16+00:00,2026-07-25T06:58:34+00:00,运营,字节跳动招聘,校招,行业运营（互动影视） - 商业化,https://jobs.bytedance.com/campus/position/7666349152151128325/detail,杭州
商务,字节跳动,2026-08-24T18:43:44+00:00,bytedance:7666349170153277749,2026-08-24T21:20:16+00:00,2026-07-25T06:58:05+00:00,运营,字节跳动招聘,校招,行业运营（教育及平台服务） - 商业化,https://jobs.bytedance.com/campus/position/7666349170153277749/detail,北京 | 广州
销售,字节跳动,2026-08-24T18:43:44+00:00,bytedance:7666353809203530037,2026-08-24T21:20:16+00:00,2026-07-25T06:57:30+00:00,销售,字节跳动招聘,校招,大客户销售（创意经营） - 商业化,https://jobs.bytedance.com/campus/position/7666353809203530037/detail,北京 | 杭州 | 广州
项目管理,字节跳动,2026-08-24T18:43:44+00:00,bytedance:7666064710523455749,2026-08-24T21:20:16+00:00,2026-07-24T12:15:39+00:00,项目管理,字节跳动招聘,校招,PMO技术项目经理 - 抖音研发,https://jobs.bytedance.com/campus/position/7666064710523455749/detail,北京
产品,字节跳动,2026-08-24T18:43:44+00:00,bytedance:7666042481619847477,2026-08-24T21:20:16+00:00,2026-07-24T10:41:30+00:00,产品,字节跳动招聘,实习,国际行业分析实习生-TikTok,https://jobs.bytedance.com/campus/position/7666042481619847477/detail,北京
运营,字节跳动,2026-08-24T18:43:44+00:00,bytedance:7666010278812698885,2026-08-24T21:20:16+00:00,2026-07-24T08:40:27+00:00,运营,字节跳动招聘,实习,小语种语言学（法语）实习生 - Data语音,https://jobs.bytedance.com/campus/position/7666010278812698885/detail,上海
销售,字节跳动,2026-08-24T18:43:44+00:00,bytedance:7666003045449025797,2026-08-24T21:20:16+00:00,2026-07-24T08:09:00+00:00,销售,字节跳动招聘,校招,大客户销售（金融与互动应用） - 商业化,https://jobs.bytedance.com/campus/position/7666003045449025797/detail,北京 | 上海 | 广州 | 杭州 | 深圳
运营,字节跳动,2026-08-24T18:43:44+00:00,bytedance:7665994961758947637,2026-08-24T21:20:16+00:00,2026-07-24T07:39:23+00:00,运营,字节跳动招聘,实习,泰国电商BI实习生 - TikTok Shop,https://jobs.bytedance.com/campus/position/7665994961758947637/detail,北京
产品,字节跳动,2026-08-24T18:43:44+00:00,bytedance:7665984513700399413,2026-08-24T21:20:16+00:00,2026-07-24T06:55:47+00:00,产品经理,字节跳动招聘,校招,技术产品经理（AI数据应用方向） - 中国交易与广告,https://jobs.bytedance.com/campus/position/7665984513700399413/detail,北京 | 上海
运营,字节跳动,2026-08-24T18:43:44+00:00,bytedance:7665972153414715701,2026-08-24T21:20:16+00:00,2026-07-24T06:08:07+00:00,运营,字节跳动招聘,实习,热点内容策划运营实习生 - 抖音生活服务,https://jobs.bytedance.com/campus/position/7665972153414715701/detail,上海
运营,字节跳动,2026-08-24T18:43:44+00:00,bytedance:7665938446779123973,2026-08-24T21:20:16+00:00,2026-07-24T03:57:27+00:00,产品运营,字节跳动招聘,实习,产品运营实习生 - 国际化内容与服务广告,https://jobs.bytedance.com/campus/position/7665938446779123973/detail,北京
运营,字节跳动,2026-08-24T18:43:44+00:00,bytedance:7665928898505853237,2026-08-24T21:20:16+00:00,2026-07-24T03:20:53+00:00,产品运营,字节跳动招聘,校招,行业产品运营 - 抖音生活服务,https://jobs.bytedance.com/campus/position/7665928898505853237/detail,北京 | 上海
产品,字节跳动,2026-08-24T18:43:44+00:00,bytedance:7665925299130190085,2026-08-24T21:20:16+00:00,2026-07-24T03:08:16+00:00,产品经理,字节跳动招聘,校招,交易应用产品经理 - 抖音生活服务,https://jobs.bytedance.com/campus/position/7665925299130190085/detail,北京 | 上海
项目管理,字节跳动,2026-08-24T18:43:44+00:00,bytedance:7665925105164863749,2026-08-24T21:20:16+00:00,2026-07-24T03:07:28+00:00,运营,字节跳动招聘,实习,国际电商财务项目管理实习生 - TikTok Shop,https://jobs.bytedance.com/campus/position/7665925105164863749/detail,上海
产品,字节跳动,2026-08-24T18:43:44+00:00,bytedance:7665921870118603061,2026-08-24T21:20:16+00:00,2026-07-24T02:55:05+00:00,产品经理,字节跳动招聘,校招,流量策略产品经理 - 抖音生活服务,https://jobs.bytedance.com/campus/position/7665921870118603061/detail,北京 | 上海
运营,字节跳动,2026-08-24T18:43:44+00:00,bytedance:7665918674301454645,2026-08-24T21:20:16+00:00,2026-07-24T02:40:44+00:00,产品运营,字节跳动招聘,实习,产品运营实习生 - 集团信息系统,https://jobs.bytedance.com/campus/position/7665918674301454645/detail,北京 | 杭州
运营,字节跳动,2026-08-24T18:43:44+00:00,bytedance:7665720847373764869,2026-08-24T21:20:16+00:00,2026-07-23T13:58:48+00:00,职能 / 支持,字节跳动招聘,校招,服务供应链运营 - AI算力基础设施,https://jobs.bytedance.com/campus/position/7665720847373764869/detail,北京
商务,字节跳动,2026-08-24T18:43:44+00:00,bytedance:7665720443129006341,2026-08-24T21:20:16+00:00,2026-07-23T13:51:16+00:00,采购,字节跳动招聘,校招,数据中心机房商务专员 - AI算力基础设施,https://jobs.bytedance.com/campus/position/7665720443129006341/detail,北京
设计,字节跳动,2026-08-24T18:43:44+00:00,bytedance:7665688715490003205,2026-08-24T21:20:16+00:00,2026-07-23T11:48:52+00:00,交互设计,字节跳动招聘,校招,产品设计师 - 抖音生活服务,https://jobs.bytedance.com/campus/position/7665688715490003205/detail,北京 | 上海
设计,字节跳动,2026-08-24T18:43:44+00:00,bytedance:7665685397213595909,2026-08-24T21:20:16+00:00,2026-07-23T11:38:30+00:00,视觉设计,字节跳动招聘,校招,创意设计师 - 抖音生活服务,https://jobs.bytedance.com/campus/position/7665685397213595909/detail,北京 | 上海
运营,字节跳动,2026-08-24T18:43:44+00:00,bytedance:7665641098127984901,2026-08-24T21:20:16+00:00,2026-07-23T08:44:56+00:00,运营,字节跳动招聘,实习,消费电子行业商家运营实习生 - TikTok Shop,https://jobs.bytedance.com/campus/position/7665641098127984901/detail,上海
运营,字节跳动,2026-08-24T18:43:44+00:00,bytedance:7665638776667982085,2026-08-24T21:20:16+00:00,2026-07-23T08:34:14+00:00,运营,字节跳动招聘,实习,美区跨境服务商运营实习生 - TikTok Shop,https://jobs.bytedance.com/campus/position/7665638776667982085/detail,上海
运营,字节跳动,2026-08-24T18:43:44+00:00,bytedance:7665634615425583365,2026-08-24T21:20:16+00:00,2026-07-23T08:18:25+00:00,运营,字节跳动招聘,实习,EL策略运营实习生 - TikTok Shop,https://jobs.bytedance.com/campus/position/7665634615425583365/detail,上海
运营,字节跳动,2026-08-24T18:43:44+00:00,bytedance:7665628872309901621,2026-08-24T21:20:16+00:00,2026-07-23T07:56:17+00:00,商业运营,字节跳动招聘,校招,策略分析师 - 安全与风控,https://jobs.bytedance.com/campus/position/7665628872309901621/detail,北京
运营,字节跳动,2026-08-24T18:43:44+00:00,bytedance:7665628534349777157,2026-08-24T21:20:16+00:00,2026-07-23T07:54:31+00:00,运营,字节跳动招聘,实习,活动策略运营实习生 - TikTok Shop,https://jobs.bytedance.com/campus/position/7665628534349777157/detail,上海
运营,字节跳动,2026-08-24T18:43:44+00:00,bytedance:7665619699312445749,2026-08-24T21:20:16+00:00,2026-07-23T07:20:23+00:00,运营,字节跳动招聘,校招,医疗大模型数据运营 - 小荷健康,https://jobs.bytedance.com/campus/position/7665619699312445749/detail,北京
产品,字节跳动,2026-08-24T18:43:44+00:00,bytedance:7665617894991071541,2026-08-24T21:20:16+00:00,2026-07-23T07:14:38+00:00,产品,字节跳动招聘,实习,创作产品实习生 - TikTok产品,https://jobs.bytedance.com/campus/position/7665617894991071541/detail,北京
产品,字节跳动,2026-08-24T18:43:44+00:00,bytedance:7665616268529879301,2026-08-24T21:20:16+00:00,2026-07-23T07:08:22+00:00,产品经理,字节跳动招聘,校招,大模型评测产品经理 - 抖音AI,https://jobs.bytedance.com/campus/position/7665616268529879301/detail,北京
市场,字节跳动,2026-08-24T18:43:44+00:00,bytedance:7665614193257367813,2026-08-24T21:20:16+00:00,2026-07-23T06:59:09+00:00,设计,字节跳动招聘,校招,品牌创意设计 - 国际支付,https://jobs.bytedance.com/campus/position/7665614193257367813/detail,上海
销售,字节跳动,2026-08-24T18:43:44+00:00,bytedance:7665603476447561989,2026-08-24T21:20:16+00:00,2026-07-23T06:18:14+00:00,产品经理,字节跳动招聘,校招,渠道支付产品经理 - 国际支付,https://jobs.bytedance.com/campus/position/7665603476447561989/detail,上海
市场,字节跳动,2026-08-24T18:43:44+00:00,bytedance:7665602091298228533,2026-08-24T21:20:16+00:00,2026-07-23T06:13:31+00:00,产品,字节跳动招聘,实习,AI产品实习生（平台数据方向） - 抖音品牌营销与星图达人,https://jobs.bytedance.com/campus/position/7665602091298228533/detail,北京
运营,字节跳动,2026-08-24T18:43:44+00:00,bytedance:7665594404154214709,2026-08-24T21:20:16+00:00,2026-07-23T05:42:19+00:00,运营,字节跳动招聘,校招,风控治理运营 - 广告业务,https://jobs.bytedance.com/campus/position/7665594404154214709/detail,杭州 | 上海 | 北京
商业分析,字节跳动,2026-08-24T18:43:44+00:00,bytedance:7665592617611692293,2026-08-24T21:20:16+00:00,2026-07-23T05:34:37+00:00,运营,字节跳动招聘,校招,商业分析师 - 广告业务,https://jobs.bytedance.com/campus/position/7665592617611692293/detail,北京 | 上海
产品,字节跳动,2026-08-24T18:43:44+00:00,bytedance:7665592619574397237,2026-08-24T21:20:16+00:00,2026-07-23T05:34:21+00:00,产品,字节跳动招聘,实习,AIGC创作平台产品（AIGC创作平台+Agent工具方向）实习生 - 智能创作,https://jobs.bytedance.com/campus/position/7665592619574397237/detail,北京 | 上海 | 深圳 | 广州
产品,字节跳动,2026-08-24T18:43:44+00:00,bytedance:7665590568794278197,2026-08-24T21:20:16+00:00,2026-07-23T05:30:02+00:00,产品,字节跳动招聘,校招,广告平台产品经理 - 广告业务,https://jobs.bytedance.com/campus/position/7665590568794278197/detail,上海 | 北京
运营,字节跳动,2026-08-24T18:43:44+00:00,bytedance:7665590199121365301,2026-08-24T21:20:16+00:00,2026-07-23T05:29:38+00:00,运营,字节跳动招聘,校招,产品运营 - 广告业务,https://jobs.bytedance.com/campus/position/7665590199121365301/detail,上海 | 北京 | 广州
产品,字节跳动,2026-08-24T18:43:44+00:00,bytedance:7665590441061697797,2026-08-24T21:20:16+00:00,2026-07-23T05:28:54+00:00,产品,字节跳动招聘,校招,AI产品经理 - 广告业务,https://jobs.bytedance.com/campus/position/7665590441061697797/detail,上海 | 北京 | 杭州 | 深圳
产品,字节跳动,2026-08-24T18:43:44+00:00,bytedance:7665590441060419845,2026-08-24T21:20:16+00:00,2026-07-23T05:28:14+00:00,产品,字节跳动招聘,校招,广告策略产品经理 - 广告业务,https://jobs.bytedance.com/campus/position/7665590441060419845/detail,上海 | 北京 | 深圳
运营,字节跳动,2026-08-24T18:43:44+00:00,bytedance:7665589440953289013,2026-08-24T21:20:16+00:00,2026-07-23T05:24:58+00:00,运营,字节跳动招聘,实习,横向策略（商品商城方向）实习生 - TikTok Shop,https://jobs.bytedance.com/campus/position/7665589440953289013/detail,上海
销售,字节跳动,2026-08-24T18:43:44+00:00,bytedance:7665587773994780981,2026-08-24T21:20:16+00:00,2026-07-23T05:18:47+00:00,产品经理,字节跳动招聘,校招,渠道产品经理 - 国际支付,https://jobs.bytedance.com/campus/position/7665587773994780981/detail,上海 | 深圳
产品,字节跳动,2026-08-24T18:43:44+00:00,bytedance:7665585566877436213,2026-08-24T21:20:16+00:00,2026-07-23T05:17:38+00:00,产品经理,字节跳动招聘,校招,用户账户产品经理 - 国际支付,https://jobs.bytedance.com/campus/position/7665585566877436213/detail,上海 | 深圳
产品,字节跳动,2026-08-24T18:43:44+00:00,bytedance:7665587359479499061,2026-08-24T21:20:16+00:00,2026-07-23T05:17:21+00:00,产品经理,字节跳动招聘,校招,收银产品经理 - 国际支付,https://jobs.bytedance.com/campus/position/7665587359479499061/detail,上海 | 深圳
产品,字节跳动,2026-08-24T18:43:44+00:00,bytedance:7665584035664054533,2026-08-24T21:20:16+00:00,2026-07-23T05:15:27+00:00,产品经理,字节跳动招聘,校招,清算产品经理 - 国际支付,https://jobs.bytedance.com/campus/position/7665584035664054533/detail,北京 | 上海
产品,字节跳动,2026-08-24T18:43:44+00:00,bytedance:7665584035663661317,2026-08-24T21:20:16+00:00,2026-07-23T05:15:11+00:00,产品经理,字节跳动招聘,校招,交易产品 - 国际支付,https://jobs.bytedance.com/campus/position/7665584035663661317/detail,上海 | 深圳
产品,字节跳动,2026-08-24T18:43:44+00:00,bytedance:7665585091687860533,2026-08-24T21:20:16+00:00,2026-07-23T05:14:54+00:00,产品经理,字节跳动招聘,校招,商户钱包 - 国际支付,https://jobs.bytedance.com/campus/position/7665585091687860533/detail,上海 | 深圳
产品,字节跳动,2026-08-24T18:43:44+00:00,bytedance:7665585547041802549,2026-08-24T21:20:16+00:00,2026-07-23T05:13:43+00:00,产品经理,字节跳动招聘,校招,用户钱包 - 国际支付,https://jobs.bytedance.com/campus/position/7665585547041802549/detail,上海 | 深圳
产品,字节跳动,2026-08-24T18:43:44+00:00,bytedance:7665585850893715717,2026-08-24T21:20:16+00:00,2026-07-23T05:13:21+00:00,产品经理,字节跳动招聘,校招,产品经理（商户服务方向） - 国际支付,https://jobs.bytedance.com/campus/position/7665585850893715717/detail,深圳
增长,字节跳动,2026-08-24T18:43:44+00:00,bytedance:7665585620055689525,2026-08-24T21:20:16+00:00,2026-07-23T05:11:57+00:00,产品经理,字节跳动招聘,校招,增长策略产品 - 国际支付,https://jobs.bytedance.com/campus/position/7665585620055689525/detail,上海 | 北京
运营,字节跳动,2026-08-24T18:43:44+00:00,bytedance:7665568965705746693,2026-08-24T21:20:16+00:00,2026-07-23T04:04:51+00:00,运营,字节跳动招聘,实习,巴西电商货品运营实习生 - TikTok Shop,https://jobs.bytedance.com/campus/position/7665568965705746693/detail,深圳
运营,字节跳动,2026-08-24T18:43:44+00:00,bytedance:7665565694024747317,2026-08-24T21:20:16+00:00,2026-07-23T03:50:43+00:00,运营,字节跳动招聘,实习,产品运营实习生 - 抖音生活服务,https://jobs.bytedance.com/campus/position/7665565694024747317/detail,北京
运营,字节跳动,2026-08-24T18:43:44+00:00,bytedance:7665375078184716597,2026-08-24T21:20:16+00:00,2026-07-22T15:33:45+00:00,运营,字节跳动招聘,实习,商家治理运营（美洲）实习生 - TikTok Shop,https://jobs.bytedance.com/campus/position/7665375078184716597/detail,上海
商业分析,字节跳动,2026-08-24T19:23:31+00:00,bytedance:7665368414857726261,2026-08-24T21:20:16+00:00,2026-07-22T15:17:45+00:00,数据分析,字节跳动招聘,实习,风险策略数据分析实习生 - TikTok Shop,https://jobs.bytedance.com/campus/position/7665368414857726261/detail,上海
产品,字节跳动,2026-08-24T18:43:44+00:00,bytedance:7665338691738863877,2026-08-24T21:20:16+00:00,2026-07-22T13:20:42+00:00,产品,字节跳动招聘,校招,AI产品经理 - 飞书多维表格,https://jobs.bytedance.com/campus/position/7665338691738863877/detail,北京 | 深圳
运营,字节跳动,2026-08-24T18:43:44+00:00,bytedance:7665334742888745269,2026-08-24T21:20:16+00:00,2026-07-22T12:54:42+00:00,运营,字节跳动招聘,实习,US商品运营实习生 - TikTok Shop,https://jobs.bytedance.com/campus/position/7665334742888745269/detail,上海
运营,字节跳动,2026-08-24T18:43:44+00:00,bytedance:7665330506424699141,2026-08-24T21:20:16+00:00,2026-07-22T12:45:48+00:00,运营,字节跳动招聘,实习,东南亚跨境策略运营实习生 - TikTok Shop,https://jobs.bytedance.com/campus/position/7665330506424699141/detail,上海
增长,字节跳动,2026-08-24T18:43:44+00:00,bytedance:7665328965864098101,2026-08-24T21:20:16+00:00,2026-07-22T12:36:32+00:00,运营,字节跳动招聘,实习,越南货架增长运营实习生 - TikTok Shop,https://jobs.bytedance.com/campus/position/7665328965864098101/detail,北京
运营,字节跳动,2026-08-24T18:43:44+00:00,bytedance:7665322079796988213,2026-08-24T21:20:16+00:00,2026-07-22T12:07:48+00:00,运营,字节跳动招聘,实习,VN创作策略运营实习生 - TikTok Shop,https://jobs.bytedance.com/campus/position/7665322079796988213/detail,北京
市场,字节跳动,2026-08-24T18:43:44+00:00,bytedance:7665318354685233413,2026-08-24T21:20:16+00:00,2026-07-22T11:53:35+00:00,商业运营,字节跳动招聘,实习,产品营销实习生 - 飞书项目,https://jobs.bytedance.com/campus/position/7665318354685233413/detail,北京
运营,字节跳动,2026-08-24T18:43:44+00:00,bytedance:7665312480584829189,2026-08-24T21:20:16+00:00,2026-07-22T11:29:42+00:00,运营,字节跳动招聘,实习,服务运营（东南亚平台治理）实习生 - TikTok Shop,https://jobs.bytedance.com/campus/position/7665312480584829189/detail,北京
运营,字节跳动,2026-08-24T18:43:44+00:00,bytedance:7665302602313894197,2026-08-24T21:20:16+00:00,2026-07-22T10:54:42+00:00,运营,字节跳动招聘,实习,模型运营（广告方向）实习生 - 商业生态与安全,https://jobs.bytedance.com/campus/position/7665302602313894197/detail,成都
运营,字节跳动,2026-08-24T18:43:44+00:00,bytedance:7665299017106196789,2026-08-24T21:20:16+00:00,2026-07-22T10:41:14+00:00,运营,字节跳动招聘,实习,公会运营策略实习生-TikTok直播,https://jobs.bytedance.com/campus/position/7665299017106196789/detail,北京
产品,字节跳动,2026-08-24T18:43:44+00:00,bytedance:7665294755723069701,2026-08-24T21:20:16+00:00,2026-07-22T10:20:05+00:00,产品,字节跳动招聘,实习,策略产品实习生 - 抖音电商,https://jobs.bytedance.com/campus/position/7665294755723069701/detail,北京
商务,字节跳动,2026-08-24T18:43:44+00:00,bytedance:7665294084835526965,2026-08-24T21:20:16+00:00,2026-07-22T10:18:10+00:00,运营,字节跳动招聘,实习,大模型应用实习生（商业化基模&Agent方向） - 模型运维,https://jobs.bytedance.com/campus/position/7665294084835526965/detail,北京
商务,字节跳动,2026-08-24T18:43:44+00:00,bytedance:7665294247420446981,2026-08-24T21:20:16+00:00,2026-07-22T10:17:56+00:00,运营,字节跳动招聘,实习,大模型应用（商业化方向）实习生 - 模型运维,https://jobs.bytedance.com/campus/position/7665294247420446981/detail,北京
运营,字节跳动,2026-08-24T18:43:44+00:00,bytedance:7665291531588258053,2026-08-24T21:20:16+00:00,2026-07-22T10:10:56+00:00,运营,字节跳动招聘,校招,模型运营（广告方向） - 内容质量与数据服务平台,https://jobs.bytedance.com/campus/position/7665291531588258053/detail,成都
项目管理,字节跳动,2026-08-24T18:43:44+00:00,bytedance:7665284604992194821,2026-08-24T21:20:16+00:00,2026-07-22T09:39:59+00:00,项目管理,字节跳动招聘,校招,数据中心项目交付专员 - AI算力基础设施,https://jobs.bytedance.com/campus/position/7665284604992194821/detail,北京
职能,字节跳动,2026-08-24T18:43:44+00:00,bytedance:7665282333692774709,2026-08-24T21:20:16+00:00,2026-07-22T09:32:33+00:00,职能 / 支持,字节跳动招聘,校招,数据中心资源规划管理 - AI算力基础设施,https://jobs.bytedance.com/campus/position/7665282333692774709/detail,北京
商务,字节跳动,2026-08-24T18:43:44+00:00,bytedance:7665275066474170629,2026-08-24T21:20:16+00:00,2026-07-22T09:03:04+00:00,产品经理,字节跳动招聘,实习,行业AI产品实习生 - 飞书商业化,https://jobs.bytedance.com/campus/position/7665275066474170629/detail,杭州
运营,字节跳动,2026-08-24T18:43:44+00:00,bytedance:7665262305533266229,2026-08-24T21:20:16+00:00,2026-07-22T08:13:35+00:00,运营,字节跳动招聘,实习,策略运营实习生 - TikTok Shop,https://jobs.bytedance.com/campus/position/7665262305533266229/detail,上海
运营,字节跳动,2026-08-24T18:43:44+00:00,bytedance:7665262187632331013,2026-08-24T21:20:16+00:00,2026-07-22T08:12:13+00:00,运营,字节跳动招聘,实习,东南亚跨境横向策略实习生 - TikTok Shop,https://jobs.bytedance.com/campus/position/7665262187632331013/detail,上海
商务,字节跳动,2026-08-24T18:43:44+00:00,bytedance:7665261666399717637,2026-08-24T21:20:16+00:00,2026-07-22T08:10:31+00:00,财务,字节跳动招聘,校招,IDC商务结算 - AI算力基础设施,https://jobs.bytedance.com/campus/position/7665261666399717637/detail,北京
市场,字节跳动,2026-08-24T18:43:44+00:00,bytedance:7665261199956691253,2026-08-24T21:20:16+00:00,2026-07-22T08:09:05+00:00,运营,字节跳动招聘,实习,平台营销活动实习生 - TikTok Shop,https://jobs.bytedance.com/campus/position/7665261199956691253/detail,上海
职能,字节跳动,2026-08-24T18:43:44+00:00,bytedance:7665257427956713733,2026-08-24T21:20:16+00:00,2026-07-22T07:55:13+00:00,人力,字节跳动招聘,实习,HR实习生（招聘方向） - 招聘中心,https://jobs.bytedance.com/campus/position/7665257427956713733/detail,武汉
职能,字节跳动,2026-08-24T18:43:44+00:00,bytedance:7665256158279534853,2026-08-24T21:20:16+00:00,2026-07-22T07:51:17+00:00,人力,字节跳动招聘,实习,HR实习生 - 招聘中心,https://jobs.bytedance.com/campus/position/7665256158279534853/detail,西安
职能,字节跳动,2026-08-24T18:43:44+00:00,bytedance:7665255855754987781,2026-08-24T21:20:16+00:00,2026-07-22T07:49:24+00:00,人力,字节跳动招聘,实习,HR实习生 - 招聘中心,https://jobs.bytedance.com/campus/position/7665255855754987781/detail,成都
职能,字节跳动,2026-08-24T18:43:44+00:00,bytedance:7665255868460615989,2026-08-24T21:20:16+00:00,2026-07-22T07:48:50+00:00,人力,字节跳动招聘,实习,HR实习生 - 招聘中心,https://jobs.bytedance.com/campus/position/7665255868460615989/detail,西安
职能,字节跳动,2026-08-24T18:43:44+00:00,bytedance:7665255273414789429,2026-08-24T21:20:16+00:00,2026-07-22T07:47:55+00:00,人力,字节跳动招聘,实习,HR实习生 - 招聘中心,https://jobs.bytedance.com/campus/position/7665255273414789429/detail,武汉
职能,字节跳动,2026-08-24T18:43:44+00:00,bytedance:7665255273414019381,2026-08-24T21:20:16+00:00,2026-07-22T07:47:12+00:00,人力,字节跳动招聘,实习,HR实习生 - 招聘中心,https://jobs.bytedance.com/campus/position/7665255273414019381/detail,成都
运营,字节跳动,2026-08-24T18:43:44+00:00,bytedance:7665248914409621765,2026-08-24T21:20:16+00:00,2026-07-22T07:22:56+00:00,运营,字节跳动招聘,校招,电商机审大模型运营 - 内容质量与数据服务平台,https://jobs.bytedance.com/campus/position/7665248914409621765/detail,成都 | 北京 | 西安
运营,字节跳动,2026-08-24T18:43:44+00:00,bytedance:7665248900597156101,2026-08-24T21:20:16+00:00,2026-07-22T07:20:46+00:00,运营,字节跳动招聘,实习,大模型应用实习生（视频方向） - 模型运维,https://jobs.bytedance.com/campus/position/7665248900597156101/detail,北京
增长,字节跳动,2026-08-24T18:43:44+00:00,bytedance:7665247888733194549,2026-08-24T21:20:16+00:00,2026-07-22T07:17:00+00:00,产品,字节跳动招聘,实习,用户增长策略产品实习生-TikTok,https://jobs.bytedance.com/campus/position/7665247888733194549/detail,上海
商业分析,字节跳动,2026-08-24T19:23:31+00:00,bytedance:7665241994055272757,2026-08-24T21:20:16+00:00,2026-07-22T06:54:17+00:00,数据分析,字节跳动招聘,实习,数据分析实习生 - Data AML,https://jobs.bytedance.com/campus/position/7665241994055272757/detail,北京
运营,字节跳动,2026-08-24T18:43:44+00:00,bytedance:7665220878238894389,2026-08-24T21:20:16+00:00,2026-07-22T05:38:10+00:00,运营,字节跳动招聘,实习,VN活动策略实习生 - TikTok Shop,https://jobs.bytedance.com/campus/position/7665220878238894389/detail,北京 | 上海
运营,字节跳动,2026-08-24T18:43:44+00:00,bytedance:7665194700712184069,2026-08-24T21:20:16+00:00,2026-07-22T03:51:26+00:00,运营,字节跳动招聘,实习,数据运营（医疗AI方向）实习生 - 小荷健康,https://jobs.bytedance.com/campus/position/7665194700712184069/detail,北京
运营,字节跳动,2026-08-24T18:43:44+00:00,bytedance:7665190289535846709,2026-08-24T21:20:16+00:00,2026-07-22T03:34:05+00:00,运营,字节跳动招聘,实习,行业运营（珠宝文玩方向）实习生 - 抖音电商运营,https://jobs.bytedance.com/campus/position/7665190289535846709/detail,上海
产品,字节跳动,2026-08-24T18:43:44+00:00,bytedance:7665190343303825669,2026-08-24T21:20:16+00:00,2026-07-22T03:33:29+00:00,商业产品（广告）,字节跳动招聘,实习,广告产品实习生 - 国际化商业安全,https://jobs.bytedance.com/campus/position/7665190343303825669/detail,上海
商务,字节跳动,2026-08-24T18:43:44+00:00,bytedance:7665187256336173365,2026-08-24T21:20:16+00:00,2026-07-22T03:22:51+00:00,产品,字节跳动招聘,实习,AI Solution产品实习生 - 飞书商业化,https://jobs.bytedance.com/campus/position/7665187256336173365/detail,上海
商务,字节跳动,2026-08-24T18:43:44+00:00,bytedance:7665186345443559733,2026-08-24T21:20:16+00:00,2026-07-22T03:18:51+00:00,产品,字节跳动招聘,实习,版权解决方案产品实习生-TikTok,https://jobs.bytedance.com/campus/position/7665186345443559733/detail,上海
运营,字节跳动,2026-08-24T18:43:44+00:00,bytedance:7665185238285633845,2026-08-24T21:20:16+00:00,2026-07-22T03:14:47+00:00,运营,字节跳动招聘,实习,东南亚跨境行业运营实习生 - TikTok Shop,https://jobs.bytedance.com/campus/position/7665185238285633845/detail,上海
运营,字节跳动,2026-08-24T18:43:44+00:00,bytedance:7665184035576301877,2026-08-24T21:20:16+00:00,2026-07-22T03:10:42+00:00,运营,字节跳动招聘,实习,东南亚跨境行业运营实习生 - TikTok Shop,https://jobs.bytedance.com/campus/position/7665184035576301877/detail,上海
商务,字节跳动,2026-08-24T18:43:44+00:00,bytedance:7665183529056356661,2026-08-24T21:20:16+00:00,2026-07-22T03:08:39+00:00,产品,字节跳动招聘,实习,商业化电商AIGC产品实习生 - 国际化电商广告,https://jobs.bytedance.com/campus/position/7665183529056356661/detail,北京
运营,字节跳动,2026-08-24T18:43:44+00:00,bytedance:7665180852771096885,2026-08-24T21:20:16+00:00,2026-07-22T02:58:09+00:00,运营,字节跳动招聘,实习,项目运营实习生 - 国际化广告业务,https://jobs.bytedance.com/campus/position/7665180852771096885/detail,北京
运营,字节跳动,2026-08-24T18:43:44+00:00,bytedance:7664962275121236277,2026-08-24T21:20:16+00:00,2026-07-21T12:49:25+00:00,运营,字节跳动招聘,实习,巴西达人运营实习生 - TikTok Shop,https://jobs.bytedance.com/campus/position/7664962275121236277/detail,深圳
职能,字节跳动,2026-08-24T18:43:44+00:00,bytedance:7664953207277308213,2026-08-24T21:20:16+00:00,2026-07-21T12:16:36+00:00,财务,字节跳动招聘,实习,财务实习生,https://jobs.bytedance.com/campus/position/7664953207277308213/detail,上海
运营,字节跳动,2026-08-24T18:43:44+00:00,bytedance:7664936898974943493,2026-08-24T21:20:16+00:00,2026-07-21T11:17:35+00:00,运营,字节跳动招聘,实习,AI产品运营实习生（安全模型运营方向）-TikTok安全产品,https://jobs.bytedance.com/campus/position/7664936898974943493/detail,上海
设计,字节跳动,2026-08-24T18:43:44+00:00,bytedance:7664911144599030021,2026-08-24T21:20:16+00:00,2026-07-21T09:30:34+00:00,人力,字节跳动招聘,实习,设计实习生 - 招聘中心,https://jobs.bytedance.com/campus/position/7664911144599030021/detail,上海
运营,字节跳动,2026-08-24T18:43:44+00:00,bytedance:7664910001602775301,2026-08-24T21:20:16+00:00,2026-07-21T09:26:35+00:00,运营,字节跳动招聘,实习,内容策略运营（GEO Agent方向）实习生 - 抖音,https://jobs.bytedance.com/campus/position/7664910001602775301/detail,北京
运营,字节跳动,2026-08-24T18:43:44+00:00,bytedance:7664905146535790901,2026-08-24T21:20:16+00:00,2026-07-21T09:09:38+00:00,产品运营,字节跳动招聘,校招,产品运营（字节云） - AI算力基础设施,https://jobs.bytedance.com/campus/position/7664905146535790901/detail,北京 | 深圳 | 杭州
运营,字节跳动,2026-08-24T18:43:44+00:00,bytedance:7664904386246658309,2026-08-24T21:20:16+00:00,2026-07-21T09:04:10+00:00,运营,字节跳动招聘,实习,商品治理实习生 - TikTok Shop,https://jobs.bytedance.com/campus/position/7664904386246658309/detail,上海
运营,字节跳动,2026-08-24T18:43:44+00:00,bytedance:7664898513770055941,2026-08-24T21:20:16+00:00,2026-07-21T08:42:03+00:00,运营,字节跳动招聘,实习,内容运营实习生 - TikTok Shop,https://jobs.bytedance.com/campus/position/7664898513770055941/detail,深圳
产品,字节跳动,2026-08-24T18:43:44+00:00,bytedance:7664887854501398837,2026-08-24T21:20:16+00:00,2026-07-21T08:00:46+00:00,产品,字节跳动招聘,校招,云存储产品经理 - AI算力基础设施,https://jobs.bytedance.com/campus/position/7664887854501398837/detail,北京 | 杭州
运营,字节跳动,2026-08-24T18:43:44+00:00,bytedance:7664876925957015813,2026-08-24T21:20:16+00:00,2026-07-21T07:17:27+00:00,运营,字节跳动招聘,实习,跨境行业运营实习生 - TikTok Shop - TikTok Shop,https://jobs.bytedance.com/campus/position/7664876925957015813/detail,深圳
商业分析,字节跳动,2026-08-24T18:43:44+00:00,bytedance:7664874563794618629,2026-08-24T21:20:16+00:00,2026-07-21T07:10:50+00:00,运营,字节跳动招聘,实习,数据分析人群运营实习生 - TRAE,https://jobs.bytedance.com/campus/position/7664874563794618629/detail,北京
运营,字节跳动,2026-08-24T18:43:44+00:00,bytedance:7664868416964774149,2026-08-24T21:20:16+00:00,2026-07-21T06:45:49+00:00,运营,字节跳动招聘,实习,策略运营实习生 - 国际化商业安全,https://jobs.bytedance.com/campus/position/7664868416964774149/detail,上海
产品,字节跳动,2026-08-24T18:43:44+00:00,bytedance:7664860065057360181,2026-08-24T21:20:16+00:00,2026-07-21T06:13:07+00:00,产品经理,字节跳动招聘,校招,AI产品经理 - TRAE,https://jobs.bytedance.com/campus/position/7664860065057360181/detail,北京 | 上海
商务,字节跳动,2026-08-24T18:43:44+00:00,bytedance:7664823353368807685,2026-08-24T21:20:16+00:00,2026-07-21T03:49:44+00:00,产品经理,字节跳动招聘,实习,AI产品实习生 - 飞书商业化,https://jobs.bytedance.com/campus/position/7664823353368807685/detail,上海
运营,字节跳动,2026-08-24T18:43:44+00:00,bytedance:7664802883670034741,2026-08-24T21:20:16+00:00,2026-07-21T02:29:59+00:00,运营,字节跳动招聘,实习,榜单运营实习生-TikTok生活服务,https://jobs.bytedance.com/campus/position/7664802883670034741/detail,上海
运营,字节跳动,2026-08-24T18:43:44+00:00,bytedance:7664801102539213061,2026-08-24T21:20:16+00:00,2026-07-21T02:23:58+00:00,运营,字节跳动招聘,实习,电商内容策略运营实习生 - TikTok Shop,https://jobs.bytedance.com/campus/position/7664801102539213061/detail,上海
运营,字节跳动,2026-08-24T18:43:44+00:00,bytedance:7664630247365216517,2026-08-24T21:20:16+00:00,2026-07-20T15:28:12+00:00,商业运营,字节跳动招聘,校招,视频与CDN产品运营 - 音视频技术,https://jobs.bytedance.com/campus/position/7664630247365216517/detail,北京 | 深圳
运营,字节跳动,2026-08-24T18:43:44+00:00,bytedance:7664614342978357557,2026-08-24T21:20:16+00:00,2026-07-20T14:21:42+00:00,运营,字节跳动招聘,实习,电商达人运营实习生 - TikTok Shop - TikTok Shop,https://jobs.bytedance.com/campus/position/7664614342978357557/detail,上海
产品,字节跳动,2026-08-24T18:43:44+00:00,bytedance:7664535650662123829,2026-08-24T21:20:16+00:00,2026-07-20T09:13:20+00:00,产品,字节跳动招聘,实习,用户产品实习生 - 西瓜视频,https://jobs.bytedance.com/campus/position/7664535650662123829/detail,北京
运营,字节跳动,2026-08-24T18:43:44+00:00,bytedance:7664530094295927093,2026-08-24T21:20:16+00:00,2026-07-20T08:52:36+00:00,运营,字节跳动招聘,实习,产品运营实习生 - AI创新业务,https://jobs.bytedance.com/campus/position/7664530094295927093/detail,上海
运营,字节跳动,2026-08-24T18:43:44+00:00,bytedance:7664515703379298565,2026-08-24T21:20:16+00:00,2026-07-20T07:56:32+00:00,运营,字节跳动招聘,实习,AI自动化实习生-TikTok安全产品,https://jobs.bytedance.com/campus/position/7664515703379298565/detail,上海
商业分析,字节跳动,2026-08-24T18:43:44+00:00,bytedance:7664514994848434437,2026-08-24T21:20:16+00:00,2026-07-20T07:54:34+00:00,运营,字节跳动招聘,实习,供应商管理策略运营与数据分析实习生-TikTok,https://jobs.bytedance.com/campus/position/7664514994848434437/detail,上海
运营,字节跳动,2026-08-24T18:43:44+00:00,bytedance:7664495383426877749,2026-08-24T21:20:16+00:00,2026-07-20T06:36:44+00:00,运营,字节跳动招聘,实习,产品运营实习生（活动&供给方向） - 抖音生活服务,https://jobs.bytedance.com/campus/position/7664495383426877749/detail,上海
市场,字节跳动,2026-08-24T18:43:44+00:00,bytedance:7663521424423209221,2026-08-24T21:20:16+00:00,2026-07-17T15:37:25+00:00,产品,字节跳动招聘,实习,营销产品实习生-TikTok生活服务,https://jobs.bytedance.com/campus/position/7663521424423209221/detail,上海
市场,字节跳动,2026-08-24T18:43:44+00:00,bytedance:7663511972190144821,2026-08-24T21:20:16+00:00,2026-07-17T15:22:59+00:00,运营,字节跳动招聘,实习,东南亚电商整合营销实习生 - TikTok Shop,https://jobs.bytedance.com/campus/position/7663511972190144821/detail,上海
运营,字节跳动,2026-08-24T18:43:44+00:00,bytedance:7663463568033433909,2026-08-24T21:20:16+00:00,2026-07-17T11:56:42+00:00,运营,字节跳动招聘,实习,电商运营实习生 - TikTok Shop,https://jobs.bytedance.com/campus/position/7663463568033433909/detail,上海
运营,字节跳动,2026-08-24T18:43:44+00:00,bytedance:7663382094206568757,2026-08-24T21:20:16+00:00,2026-07-17T06:39:26+00:00,内容运营,字节跳动招聘,实习,内容运营（热点治理策略谣言及AIGC方向）实习生 - 抖音内容运营,https://jobs.bytedance.com/campus/position/7663382094206568757/detail,北京
产品,字节跳动,2026-08-24T18:43:44+00:00,bytedance:7663381284849387829,2026-08-24T21:20:16+00:00,2026-07-17T06:36:37+00:00,产品经理,字节跳动招聘,实习,产品实习生 - 业务中台,https://jobs.bytedance.com/campus/position/7663381284849387829/detail,北京
运营,字节跳动,2026-08-24T18:43:44+00:00,bytedance:7663338980441835781,2026-08-24T21:20:16+00:00,2026-07-17T03:51:47+00:00,运营,字节跳动招聘,实习,价格策略运营实习生 - TikTok Shop,https://jobs.bytedance.com/campus/position/7663338980441835781/detail,上海
运营,字节跳动,2026-08-24T18:43:44+00:00,bytedance:7663319711018846517,2026-08-24T21:20:16+00:00,2026-07-17T02:35:49+00:00,产品运营,字节跳动招聘,实习,用户产品团队运营实习生 - TikTok直播,https://jobs.bytedance.com/campus/position/7663319711018846517/detail,北京
运营,字节跳动,2026-08-24T18:43:44+00:00,bytedance:7663134632003094837,2026-08-24T21:20:16+00:00,2026-07-16T14:37:24+00:00,产品运营,字节跳动招聘,实习,AI产品运营实习生（数据方向） - TikTok Shop,https://jobs.bytedance.com/campus/position/7663134632003094837/detail,杭州
运营,字节跳动,2026-08-24T18:43:44+00:00,bytedance:7663082289291790597,2026-08-24T21:20:16+00:00,2026-07-16T11:13:49+00:00,运营,字节跳动招聘,校招,模型运营（生活服务方向） - 内容质量与数据服务平台,https://jobs.bytedance.com/campus/position/7663082289291790597/detail,北京
运营,字节跳动,2026-08-24T18:43:44+00:00,bytedance:7663073081107630341,2026-08-24T21:20:16+00:00,2026-07-16T10:39:18+00:00,运营,字节跳动招聘,实习,内容安全产品运营实习生 - 商业生态与安全,https://jobs.bytedance.com/campus/position/7663073081107630341/detail,西安
运营,字节跳动,2026-08-24T18:43:44+00:00,bytedance:7663064541588228405,2026-08-24T21:20:16+00:00,2026-07-16T10:04:21+00:00,运营,字节跳动招聘,校招,质量策略运营 - 内容质量与数据服务平台,https://jobs.bytedance.com/campus/position/7663064541588228405/detail,成都
运营,字节跳动,2026-08-24T18:43:44+00:00,bytedance:7663061734682052869,2026-08-24T21:20:16+00:00,2026-07-16T09:54:42+00:00,运营,字节跳动招聘,校招,客户体验运营 - 内容质量与数据服务平台,https://jobs.bytedance.com/campus/position/7663061734682052869/detail,北京
运营,字节跳动,2026-08-24T18:43:44+00:00,bytedance:7663053275209861381,2026-08-24T21:20:16+00:00,2026-07-16T09:25:30+00:00,运营,字节跳动招聘,校招,用户体验运营 - 内容质量与数据服务平台,https://jobs.bytedance.com/campus/position/7663053275209861381/detail,成都
运营,字节跳动,2026-08-24T18:43:44+00:00,bytedance:7663051571493177605,2026-08-24T21:20:16+00:00,2026-07-16T09:14:44+00:00,运营,字节跳动招聘,校招,风险治理运营 - 内容质量与数据服务平台,https://jobs.bytedance.com/campus/position/7663051571493177605/detail,成都
运营,字节跳动,2026-08-24T18:43:44+00:00,bytedance:7663048108229986565,2026-08-24T21:20:16+00:00,2026-07-16T09:02:10+00:00,运营,字节跳动招聘,实习,全球化语言产品运营实习生-TikTok,https://jobs.bytedance.com/campus/position/7663048108229986565/detail,北京
项目管理,字节跳动,2026-08-24T18:43:44+00:00,bytedance:7662969229829916981,2026-08-24T21:20:16+00:00,2026-07-16T03:55:41+00:00,项目管理,字节跳动招聘,实习,PMO项目管理实习生 - 抖音研发,https://jobs.bytedance.com/campus/position/7662969229829916981/detail,北京
职能,字节跳动,2026-08-24T18:43:44+00:00,bytedance:7662966442812492085,2026-08-24T21:20:16+00:00,2026-07-16T03:46:49+00:00,人力,字节跳动招聘,实习,HRBP实习生 - 产品研发,https://jobs.bytedance.com/campus/position/7662966442812492085/detail,北京
运营,字节跳动,2026-08-24T18:43:44+00:00,bytedance:7662961277809887493,2026-08-24T21:20:16+00:00,2026-07-16T03:26:16+00:00,运营,字节跳动招聘,实习,AI内容策划运营实习生 - 剪映CapCut,https://jobs.bytedance.com/campus/position/7662961277809887493/detail,深圳
设计,字节跳动,2026-08-24T18:43:44+00:00,bytedance:7662946006097021189,2026-08-24T21:20:16+00:00,2026-07-16T02:27:22+00:00,设计,字节跳动招聘,实习,UI设计实习生 - 抖音电商设计,https://jobs.bytedance.com/campus/position/7662946006097021189/detail,上海
运营,字节跳动,2026-08-24T18:43:44+00:00,bytedance:7662758873947621685,2026-08-24T21:20:16+00:00,2026-07-15T14:30:02+00:00,运营,字节跳动招聘,实习,服饰直播运营实习生 - TikTok Shop,https://jobs.bytedance.com/campus/position/7662758873947621685/detail,广州
销售,字节跳动,2026-08-24T18:43:44+00:00,bytedance:7662690573024659717,2026-08-24T21:20:16+00:00,2026-07-15T09:54:12+00:00,职能 / 支持,字节跳动招聘,实习,客户成功实习生 - 飞书,https://jobs.bytedance.com/campus/position/7662690573024659717/detail,北京
增长,字节跳动,2026-08-24T18:43:44+00:00,bytedance:7662675961205541173,2026-08-24T21:20:16+00:00,2026-07-15T09:00:06+00:00,运营,字节跳动招聘,实习,SEM增长策略运营（AI创意方向）实习生 - 飞书,https://jobs.bytedance.com/campus/position/7662675961205541173/detail,北京
运营,字节跳动,2026-08-24T18:43:44+00:00,bytedance:7662670882905311541,2026-08-24T21:20:16+00:00,2026-07-15T08:36:59+00:00,运营,字节跳动招聘,实习,商家入驻治理运营实习生 - TikTok Shop,https://jobs.bytedance.com/campus/position/7662670882905311541/detail,上海
运营,字节跳动,2026-08-24T18:43:44+00:00,bytedance:7662665870112590085,2026-08-24T21:20:16+00:00,2026-07-15T08:18:23+00:00,运营,字节跳动招聘,实习,数据运营实习生 - Global Business Solutions,https://jobs.bytedance.com/campus/position/7662665870112590085/detail,上海
战略,字节跳动,2026-08-24T18:43:44+00:00,bytedance:7662665409930053941,2026-08-24T21:20:16+00:00,2026-07-15T08:17:05+00:00,人力,字节跳动招聘,实习,AI应用人才战略实习生 - Spring 产品,https://jobs.bytedance.com/campus/position/7662665409930053941/detail,上海 | 深圳
运营,字节跳动,2026-08-24T18:43:44+00:00,bytedance:7662659474440849717,2026-08-24T21:20:16+00:00,2026-07-15T07:54:10+00:00,运营,字节跳动招聘,实习,平台策略运营实习生 - TikTok Shop,https://jobs.bytedance.com/campus/position/7662659474440849717/detail,北京
运营,字节跳动,2026-08-24T18:43:44+00:00,bytedance:7662658294851569925,2026-08-24T21:20:16+00:00,2026-07-15T07:49:57+00:00,产品运营,字节跳动招聘,实习,语言学实习生 - Data语音,https://jobs.bytedance.com/campus/position/7662658294851569925/detail,上海
运营,字节跳动,2026-08-24T18:43:44+00:00,bytedance:7662656044206688517,2026-08-24T21:20:16+00:00,2026-07-15T07:41:34+00:00,产品运营,字节跳动招聘,实习,语言学实习生 - Data语音,https://jobs.bytedance.com/campus/position/7662656044206688517/detail,北京
运营,字节跳动,2026-08-24T18:43:44+00:00,bytedance:7662635364040870149,2026-08-24T21:20:16+00:00,2026-07-15T06:22:47+00:00,运营,字节跳动招聘,实习,系统运营实习生 - 抖音生活服务,https://jobs.bytedance.com/campus/position/7662635364040870149/detail,北京
运营,字节跳动,2026-08-24T18:43:44+00:00,bytedance:7662597240665704709,2026-08-24T21:20:16+00:00,2026-07-15T03:51:31+00:00,运营,字节跳动招聘,实习,欧洲商城策略运营实习生 - TikTok Shop,https://jobs.bytedance.com/campus/position/7662597240665704709/detail,北京
运营,字节跳动,2026-08-24T18:43:44+00:00,bytedance:7662593248401623301,2026-08-24T21:20:16+00:00,2026-07-15T03:36:43+00:00,运营,字节跳动招聘,实习,服饰直播运营实习生 - TikTok Shop,https://jobs.bytedance.com/campus/position/7662593248401623301/detail,广州
运营,字节跳动,2026-08-24T18:43:44+00:00,bytedance:7662590225676093701,2026-08-24T21:20:16+00:00,2026-07-15T03:25:10+00:00,运营,字节跳动招聘,实习,产品运营（基建与AI提效方向）实习生-TikTok,https://jobs.bytedance.com/campus/position/7662590225676093701/detail,北京
商业分析,字节跳动,2026-08-24T18:43:44+00:00,bytedance:7662589728621725957,2026-08-24T21:20:16+00:00,2026-07-15T03:23:50+00:00,数据分析,字节跳动招聘,实习,商业分析实习生-TikTok直播,https://jobs.bytedance.com/campus/position/7662589728621725957/detail,北京
增长,字节跳动,2026-08-24T18:43:44+00:00,bytedance:7662577310767548725,2026-08-24T21:20:16+00:00,2026-07-15T02:36:03+00:00,产品运营,字节跳动招聘,实习,AI工具增长运营实习生 - 集团信息系统,https://jobs.bytedance.com/campus/position/7662577310767548725/detail,上海
运营,字节跳动,2026-08-24T18:43:44+00:00,bytedance:7662573724880734517,2026-08-24T21:20:16+00:00,2026-07-15T02:22:34+00:00,运营,字节跳动招聘,实习,大促平台活动实习生 - 抖音电商,https://jobs.bytedance.com/campus/position/7662573724880734517/detail,上海
运营,字节跳动,2026-08-24T18:43:44+00:00,bytedance:7662414251332241717,2026-08-24T21:20:16+00:00,2026-07-14T16:00:31+00:00,数据分析,字节跳动招聘,实习,数据策略分析实习生 - 飞书商业运营与策略,https://jobs.bytedance.com/campus/position/7662414251332241717/detail,上海
运营,字节跳动,2026-08-24T18:43:44+00:00,bytedance:7662387595309484293,2026-08-24T21:20:16+00:00,2026-07-14T14:19:52+00:00,运营,字节跳动招聘,实习,服饰运动行业运营实习生 - TikTok Shop,https://jobs.bytedance.com/campus/position/7662387595309484293/detail,广州
运营,字节跳动,2026-08-24T18:43:44+00:00,bytedance:7662372394879420725,2026-08-24T21:20:16+00:00,2026-07-14T13:22:21+00:00,运营,字节跳动招聘,实习,行业策略运营实习生 - TikTok Shop,https://jobs.bytedance.com/campus/position/7662372394879420725/detail,上海
运营,字节跳动,2026-08-24T18:43:44+00:00,bytedance:7662359238665226549,2026-08-24T21:20:16+00:00,2026-07-14T12:29:22+00:00,职能 / 支持,字节跳动招聘,实习,供应链结算运营实习生 - AI算力基础设施,https://jobs.bytedance.com/campus/position/7662359238665226549/detail,北京
运营,字节跳动,2026-08-24T18:43:44+00:00,bytedance:7662329148551858485,2026-08-24T21:20:16+00:00,2026-07-14T10:30:55+00:00,运营,字节跳动招聘,实习,策略运营实习生-TikTok Shop,https://jobs.bytedance.com/campus/position/7662329148551858485/detail,上海
运营,字节跳动,2026-08-24T18:43:44+00:00,bytedance:7662320806609406213,2026-08-24T21:20:16+00:00,2026-07-14T09:58:29+00:00,运营,字节跳动招聘,实习,搜索金融实习生-AI数据与安全,https://jobs.bytedance.com/campus/position/7662320806609406213/detail,北京
运营,字节跳动,2026-08-24T18:43:44+00:00,bytedance:7662309048150329653,2026-08-24T21:20:16+00:00,2026-07-14T09:13:29+00:00,运营,字节跳动招聘,实习,AI产品运营实习生-TikTok,https://jobs.bytedance.com/campus/position/7662309048150329653/detail,北京
战略,字节跳动,2026-08-24T18:43:44+00:00,bytedance:7662260868417472773,2026-08-24T21:20:16+00:00,2026-07-14T06:07:46+00:00,战略,字节跳动招聘,实习,战略实习生-番茄小说,https://jobs.bytedance.com/campus/position/7662260868417472773/detail,北京
产品,字节跳动,2026-08-24T18:43:44+00:00,bytedance:7662228531087247669,2026-08-24T21:20:16+00:00,2026-07-14T04:00:46+00:00,产品,字节跳动招聘,实习,剪辑实习生-火山方舟,https://jobs.bytedance.com/campus/position/7662228531087247669/detail,北京
职能,字节跳动,2026-08-24T18:43:44+00:00,bytedance:7662222839538747701,2026-08-24T21:20:16+00:00,2026-07-14T03:37:55+00:00,人力,字节跳动招聘,实习,招聘实习生-电商招聘,https://jobs.bytedance.com/campus/position/7662222839538747701/detail,北京
运营,字节跳动,2026-08-24T18:43:44+00:00,bytedance:7662211069532342581,2026-08-24T21:20:16+00:00,2026-07-14T02:53:36+00:00,产品,字节跳动招聘,实习,商业产品（短剧出海方向）实习生 - 国际化内容与服务广告,https://jobs.bytedance.com/campus/position/7662211069532342581/detail,北京
设计,字节跳动,2026-08-24T18:43:44+00:00,bytedance:7662210611589892357,2026-08-24T21:20:16+00:00,2026-07-14T02:50:54+00:00,设计,字节跳动招聘,实习,AI产品设计实习生-TikTok设计,https://jobs.bytedance.com/campus/position/7662210611589892357/detail,北京
增长,字节跳动,2026-08-24T18:43:44+00:00,bytedance:7662209477169776901,2026-08-24T21:20:16+00:00,2026-07-14T02:47:23+00:00,运营,字节跳动招聘,实习,增长营销实习生-TikTok直播,https://jobs.bytedance.com/campus/position/7662209477169776901/detail,上海
市场,字节跳动,2026-08-24T18:43:44+00:00,bytedance:7661976908746967301,2026-08-24T21:20:16+00:00,2026-07-13T11:49:21+00:00,运营,字节跳动招聘,实习,品牌广告产品策略运营实习生-Global Business Solutions,https://jobs.bytedance.com/campus/position/7661976908746967301/detail,上海
项目管理,字节跳动,2026-08-24T18:43:44+00:00,bytedance:7661972940103731509,2026-08-24T21:20:16+00:00,2026-07-13T11:30:52+00:00,人力,字节跳动招聘,实习,学术项目管理实习生-管理研究院,https://jobs.bytedance.com/campus/position/7661972940103731509/detail,上海
运营,字节跳动,2026-08-24T18:43:44+00:00,bytedance:7661949474258815237,2026-08-24T21:20:16+00:00,2026-07-13T10:00:01+00:00,运营,字节跳动招聘,实习,创作者运营（日语方向）实习生-剪映CapCut,https://jobs.bytedance.com/campus/position/7661949474258815237/detail,北京
商业分析,字节跳动,2026-08-24T19:23:31+00:00,bytedance:7661942395831830789,2026-08-24T21:20:16+00:00,2026-07-13T09:30:07+00:00,数据分析,字节跳动招聘,实习,物流风控数据分析实习生-TikTok Shop,https://jobs.bytedance.com/campus/position/7661942395831830789/detail,上海
运营,字节跳动,2026-08-24T18:43:44+00:00,bytedance:7661847509665106181,2026-08-24T21:20:16+00:00,2026-07-13T03:22:56+00:00,运营,字节跳动招聘,实习,美区策略运营实习生-TikTok Shop,https://jobs.bytedance.com/campus/position/7661847509665106181/detail,上海
增长,字节跳动,2026-08-24T18:43:44+00:00,bytedance:7661840211563546885,2026-08-24T21:20:16+00:00,2026-07-13T02:53:41+00:00,运营,字节跳动招聘,实习,国际化激励增长策略运营实习生-TikTok,https://jobs.bytedance.com/campus/position/7661840211563546885/detail,北京
运营,字节跳动,2026-08-24T18:43:44+00:00,bytedance:7661676433263511813,2026-08-24T21:20:16+00:00,2026-07-12T17:06:00+00:00,运营,字节跳动招聘,实习,越南商家策略运营实习生-TikTok Shop,https://jobs.bytedance.com/campus/position/7661676433263511813/detail,深圳
职能,字节跳动,2026-08-24T18:43:44+00:00,bytedance:7661568636862089477,2026-08-24T21:20:16+00:00,2026-07-12T09:54:14+00:00,运营,字节跳动招聘,实习,安全合规实习生-飞书办公套件,https://jobs.bytedance.com/campus/position/7661568636862089477/detail,北京
职能,字节跳动,2026-08-24T18:43:44+00:00,bytedance:7661573380647356725,2026-08-24T21:20:16+00:00,2026-07-12T09:52:27+00:00,运营,字节跳动招聘,实习,安全合规实习生-飞书办公套件,https://jobs.bytedance.com/campus/position/7661573380647356725/detail,上海
市场,字节跳动,2026-08-24T18:43:44+00:00,bytedance:7660885361287137589,2026-08-24T21:20:16+00:00,2026-07-10T13:17:23+00:00,运营,字节跳动招聘,实习,品牌活动实习生-TikTok Shop,https://jobs.bytedance.com/campus/position/7660885361287137589/detail,上海
职能,字节跳动,2026-08-24T18:43:44+00:00,bytedance:7660870367363729669,2026-08-24T21:20:16+00:00,2026-07-10T12:15:49+00:00,职能 / 支持,字节跳动招聘,实习,招聘实习生-抖音,https://jobs.bytedance.com/campus/position/7660870367363729669/detail,北京
运营,字节跳动,2026-08-24T18:43:44+00:00,bytedance:7660845365868284213,2026-08-24T21:20:16+00:00,2026-07-10T10:32:38+00:00,运营,字节跳动招聘,实习,运营实习生-抖音生态,https://jobs.bytedance.com/campus/position/7660845365868284213/detail,北京
运营,字节跳动,2026-08-24T18:43:44+00:00,bytedance:7660839441212918069,2026-08-24T21:20:16+00:00,2026-07-10T10:13:58+00:00,运营,字节跳动招聘,实习,活动策略实习生 - TikTok直播,https://jobs.bytedance.com/campus/position/7660839441212918069/detail,北京
运营,字节跳动,2026-08-24T18:43:44+00:00,bytedance:7660837456095594757,2026-08-24T21:20:16+00:00,2026-07-10T10:04:03+00:00,运营,字节跳动招聘,实习,策略运营（耐用消费中台）实习生-抖音电商,https://jobs.bytedance.com/campus/position/7660837456095594757/detail,上海
市场,字节跳动,2026-08-24T18:43:44+00:00,bytedance:7660835907715074309,2026-08-24T21:20:16+00:00,2026-07-10T09:59:17+00:00,运营,字节跳动招聘,实习,美国电商营销活动运营实习生-TikTok Shop,https://jobs.bytedance.com/campus/position/7660835907715074309/detail,上海
产品,字节跳动,2026-08-24T18:43:44+00:00,bytedance:7660733021517416757,2026-08-24T21:20:16+00:00,2026-07-10T03:16:44+00:00,产品,字节跳动招聘,实习,豆包AI大模型产品实习生（算法平台）-火山方舟,https://jobs.bytedance.com/campus/position/7660733021517416757/detail,上海
商务,字节跳动,2026-08-24T18:43:44+00:00,bytedance:7660729808079833349,2026-08-24T21:20:16+00:00,2026-07-10T03:08:38+00:00,运营,字节跳动招聘,实习,东南亚国际物流解决方案实习生 - TikTok Shop,https://jobs.bytedance.com/campus/position/7660729808079833349/detail,深圳 | 杭州
设计,字节跳动,2026-08-24T18:43:44+00:00,bytedance:7660518254170933509,2026-08-24T21:20:16+00:00,2026-07-09T13:26:03+00:00,设计,字节跳动招聘,实习,创意设计（视频方向）实习生-飞书设计,https://jobs.bytedance.com/campus/position/7660518254170933509/detail,北京
设计,字节跳动,2026-08-24T18:43:44+00:00,bytedance:7660517637403904261,2026-08-24T21:20:16+00:00,2026-07-09T13:23:15+00:00,设计,字节跳动招聘,实习,视频创意设计实习生-飞书设计,https://jobs.bytedance.com/campus/position/7660517637403904261/detail,杭州
运营,字节跳动,2026-08-24T18:43:44+00:00,bytedance:7660502771624757557,2026-08-24T21:20:16+00:00,2026-07-09T12:29:09+00:00,运营,字节跳动招聘,实习,广告产品运营实习生-广告业务,https://jobs.bytedance.com/campus/position/7660502771624757557/detail,北京
运营,字节跳动,2026-08-24T18:43:44+00:00,bytedance:7660489016080763141,2026-08-24T21:20:16+00:00,2026-07-09T11:30:45+00:00,运营,字节跳动招聘,实习,大模型自动化评测实习生 - AI数据与安全,https://jobs.bytedance.com/campus/position/7660489016080763141/detail,北京
职能,字节跳动,2026-08-24T18:43:44+00:00,bytedance:7660428705721911557,2026-08-24T21:20:16+00:00,2026-07-09T07:36:45+00:00,职能 / 支持,字节跳动招聘,实习,HR招聘实习生-人力与管理部,https://jobs.bytedance.com/campus/position/7660428705721911557/detail,上海
运营,字节跳动,2026-08-24T18:43:44+00:00,bytedance:7660422784069896501,2026-08-24T21:20:16+00:00,2026-07-09T07:14:10+00:00,运营,字节跳动招聘,实习,大模型应用实习生（视频方向） - 模型运维,https://jobs.bytedance.com/campus/position/7660422784069896501/detail,北京
商务,字节跳动,2026-08-24T18:43:44+00:00,bytedance:7660421356204263685,2026-08-24T21:20:16+00:00,2026-07-09T07:10:30+00:00,运营,字节跳动招聘,实习,大模型应用（商业化方向）实习生-内容质量与数据服务平台,https://jobs.bytedance.com/campus/position/7660421356204263685/detail,北京
市场,字节跳动,2026-08-24T18:43:44+00:00,bytedance:7660415777692043525,2026-08-24T21:20:16+00:00,2026-07-09T06:46:10+00:00,运营,字节跳动招聘,实习,行业营销实习生-抖音运营,https://jobs.bytedance.com/campus/position/7660415777692043525/detail,北京
商务,字节跳动,2026-08-24T18:43:44+00:00,bytedance:7660412391620315445,2026-08-24T21:20:16+00:00,2026-07-09T06:32:35+00:00,产品经理,字节跳动招聘,实习,豆包AI大模型产品解决方案实习生-火山方舟,https://jobs.bytedance.com/campus/position/7660412391620315445/detail,北京
市场,字节跳动,2026-08-24T18:43:44+00:00,bytedance:7660370684169881861,2026-08-24T21:20:16+00:00,2026-07-09T03:52:09+00:00,产品,字节跳动招聘,实习,CRM品牌广告实习生-国际化广告业务,https://jobs.bytedance.com/campus/position/7660370684169881861/detail,北京
战略,字节跳动,2026-08-24T18:43:44+00:00,bytedance:7660370233672485125,2026-08-24T21:20:16+00:00,2026-07-09T03:51:12+00:00,产品,字节跳动招聘,实习,商业竞价广告产品运营实习生-国际化广告战略,https://jobs.bytedance.com/campus/position/7660370233672485125/detail,北京
商业分析,字节跳动,2026-08-24T18:43:44+00:00,bytedance:7660369036321261877,2026-08-24T21:20:16+00:00,2026-07-09T03:45:07+00:00,运营,字节跳动招聘,实习,TikTok电商客服商业分析实习生-TikTok Shop,https://jobs.bytedance.com/campus/position/7660369036321261877/detail,上海
运营,字节跳动,2026-08-24T18:43:44+00:00,bytedance:7660366669840566533,2026-08-24T21:20:16+00:00,2026-07-09T03:37:26+00:00,运营,字节跳动招聘,实习,供给策略产品运营实习生-TikTok Shop,https://jobs.bytedance.com/campus/position/7660366669840566533/detail,北京
运营,字节跳动,2026-08-24T18:43:44+00:00,bytedance:7660105303422552373,2026-08-24T21:20:16+00:00,2026-07-08T10:41:46+00:00,产品运营,字节跳动招聘,实习,AI数据服务平台产品运营实习生-TikTok,https://jobs.bytedance.com/campus/position/7660105303422552373/detail,上海
战略,字节跳动,2026-08-24T18:43:44+00:00,bytedance:7660056680793917701,2026-08-24T21:20:16+00:00,2026-07-08T07:34:27+00:00,运营,字节跳动招聘,实习,战略分析实习生 - 抖音生活服务,https://jobs.bytedance.com/campus/position/7660056680793917701/detail,北京
商业分析,字节跳动,2026-08-24T19:23:31+00:00,bytedance:7660033754938132789,2026-08-24T21:20:16+00:00,2026-07-08T06:07:09+00:00,数据分析,字节跳动招聘,实习,数据分析实习生-抖音电商,https://jobs.bytedance.com/campus/position/7660033754938132789/detail,上海
运营,字节跳动,2026-08-24T18:43:44+00:00,bytedance:7660030285454838069,2026-08-24T21:20:16+00:00,2026-07-08T05:50:02+00:00,运营,字节跳动招聘,实习,AI漫剧产品运营实习生-广告业务,https://jobs.bytedance.com/campus/position/7660030285454838069/detail,上海
运营,字节跳动,2026-08-24T18:43:44+00:00,bytedance:7660026919497681205,2026-08-24T21:20:16+00:00,2026-07-08T05:40:56+00:00,运营,字节跳动招聘,实习,电商资源管理实习生-TikTok Shop,https://jobs.bytedance.com/campus/position/7660026919497681205/detail,上海
增长,字节跳动,2026-08-24T18:43:44+00:00,bytedance:7660012825197726005,2026-08-24T21:20:16+00:00,2026-07-08T04:53:09+00:00,市场,字节跳动招聘,实习,投放增长实习生-TikTok,https://jobs.bytedance.com/campus/position/7660012825197726005/detail,北京
运营,字节跳动,2026-08-24T18:43:44+00:00,bytedance:7659981158698076421,2026-08-24T21:20:16+00:00,2026-07-08T02:39:39+00:00,产品运营,字节跳动招聘,实习,Agent策略运营实习生 - TikTok,https://jobs.bytedance.com/campus/position/7659981158698076421/detail,上海
产品,字节跳动,2026-08-24T18:43:44+00:00,bytedance:7659979988299352325,2026-08-24T21:20:16+00:00,2026-07-08T02:36:25+00:00,产品,字节跳动招聘,实习,POI详情页实习生-TikTok,https://jobs.bytedance.com/campus/position/7659979988299352325/detail,上海
运营,字节跳动,2026-08-24T18:43:44+00:00,bytedance:7659672495032682805,2026-08-24T21:20:16+00:00,2026-07-07T06:41:19+00:00,产品运营,字节跳动招聘,实习,语言学实习生-Data语音,https://jobs.bytedance.com/campus/position/7659672495032682805/detail,北京
运营,字节跳动,2026-08-24T18:43:44+00:00,bytedance:7659668378936002821,2026-08-24T21:20:16+00:00,2026-07-07T06:29:29+00:00,运营,字节跳动招聘,实习,欧洲电商运营实习生-TikTok Shop,https://jobs.bytedance.com/campus/position/7659668378936002821/detail,上海
产品,字节跳动,2026-08-24T18:43:44+00:00,bytedance:7659635477821491509,2026-08-24T21:20:16+00:00,2026-07-07T04:21:52+00:00,产品经理,字节跳动招聘,实习,AI产品实习生（AI tob）-广告业务,https://jobs.bytedance.com/campus/position/7659635477821491509/detail,北京
运营,字节跳动,2026-08-24T18:43:44+00:00,bytedance:7659630998117157125,2026-08-24T21:20:16+00:00,2026-07-07T04:02:53+00:00,运营,字节跳动招聘,实习,创作者运营（日语方向）实习生-TikTok,https://jobs.bytedance.com/campus/position/7659630998117157125/detail,北京
运营,字节跳动,2026-08-24T18:43:44+00:00,bytedance:7659630131049236741,2026-08-24T21:20:16+00:00,2026-07-07T03:57:44+00:00,运营,字节跳动招聘,实习,托管商品策略实习生-TikTok Shop,https://jobs.bytedance.com/campus/position/7659630131049236741/detail,上海
商业分析,字节跳动,2026-08-24T18:43:44+00:00,bytedance:7659380875497163013,2026-08-24T21:20:16+00:00,2026-07-06T11:53:05+00:00,运营,字节跳动招聘,实习,拉美商业分析实习生-TikTok Shop,https://jobs.bytedance.com/campus/position/7659380875497163013/detail,北京
运营,字节跳动,2026-08-24T18:43:44+00:00,bytedance:7659325086840129845,2026-08-24T21:20:16+00:00,2026-07-06T08:13:43+00:00,运营,字节跳动招聘,实习,大模型安全策略运营实习生-内容质量与数据服务平台,https://jobs.bytedance.com/campus/position/7659325086840129845/detail,北京
运营,字节跳动,2026-08-24T18:43:44+00:00,bytedance:7659323305783298357,2026-08-24T21:20:16+00:00,2026-07-06T08:06:17+00:00,运营,字节跳动招聘,实习,豆包AI大模型内容策略运营实习生（国际化Seedance视频创作方向）-火山方舟,https://jobs.bytedance.com/campus/position/7659323305783298357/detail,上海
运营,字节跳动,2026-08-24T18:43:44+00:00,bytedance:7659320946570250501,2026-08-24T21:20:16+00:00,2026-07-06T07:58:22+00:00,运营,字节跳动招聘,实习,豆包AI大模型内容策略运营（Agent方向）实习生-火山方舟,https://jobs.bytedance.com/campus/position/7659320946570250501/detail,杭州
产品,字节跳动,2026-08-24T18:43:44+00:00,bytedance:7659315145504672053,2026-08-24T21:20:16+00:00,2026-07-06T07:35:23+00:00,产品,字节跳动招聘,实习,IP社区基础体验产品实习生-抖音,https://jobs.bytedance.com/campus/position/7659315145504672053/detail,北京
产品,字节跳动,2026-08-24T18:43:44+00:00,bytedance:7659310312919255349,2026-08-24T21:20:16+00:00,2026-07-06T07:16:06+00:00,产品,字节跳动招聘,实习,IP内容社区产品实习生-抖音,https://jobs.bytedance.com/campus/position/7659310312919255349/detail,深圳
商务,字节跳动,2026-08-24T18:43:44+00:00,bytedance:7659307756634884357,2026-08-24T21:20:16+00:00,2026-07-06T07:08:03+00:00,产品经理,字节跳动招聘,实习,产品解决方案实习生 - 火山方舟,https://jobs.bytedance.com/campus/position/7659307756634884357/detail,上海
运营,字节跳动,2026-08-24T18:43:44+00:00,bytedance:7659303372020926773,2026-08-24T21:20:16+00:00,2026-07-06T06:49:03+00:00,运营,字节跳动招聘,实习,电商内容运营实习生-TikTok Shop,https://jobs.bytedance.com/campus/position/7659303372020926773/detail,上海
商务,字节跳动,2026-08-24T18:43:44+00:00,bytedance:7659299976208206133,2026-08-24T21:20:16+00:00,2026-07-06T06:35:44+00:00,产品,字节跳动招聘,实习,豆包AI大模型产品解决方案实习生-火山方舟,https://jobs.bytedance.com/campus/position/7659299976208206133/detail,上海
产品,字节跳动,2026-08-24T18:43:44+00:00,bytedance:7659297650307074309,2026-08-24T21:20:16+00:00,2026-07-06T06:27:13+00:00,产品,字节跳动招聘,实习,交易搜索产品实习生-TikTok生活服务,https://jobs.bytedance.com/campus/position/7659297650307074309/detail,北京
运营,字节跳动,2026-08-24T18:43:44+00:00,bytedance:7659296472301259013,2026-08-24T21:20:16+00:00,2026-07-06T06:26:06+00:00,运营,字节跳动招聘,实习,国际军事运营实习生-抖音内容运营,https://jobs.bytedance.com/campus/position/7659296472301259013/detail,北京
产品,字节跳动,2026-08-24T18:43:44+00:00,bytedance:7659258874063112501,2026-08-24T21:20:16+00:00,2026-07-06T03:57:36+00:00,产品,字节跳动招聘,实习,用户产品实习生-AI创新业务,https://jobs.bytedance.com/campus/position/7659258874063112501/detail,上海
产品,字节跳动,2026-08-24T18:43:44+00:00,bytedance:7659257197235947781,2026-08-24T21:20:16+00:00,2026-07-06T03:49:49+00:00,产品,字节跳动招聘,实习,东南亚产品实习生-TikTok Shop,https://jobs.bytedance.com/campus/position/7659257197235947781/detail,上海
运营,字节跳动,2026-08-24T18:43:44+00:00,bytedance:7659078288090417461,2026-08-24T21:20:16+00:00,2026-07-05T16:15:34+00:00,运营,字节跳动招聘,实习,巴西商家运营实习生-TikTok Shop,https://jobs.bytedance.com/campus/position/7659078288090417461/detail,上海
运营,字节跳动,2026-08-24T18:43:44+00:00,bytedance:7659074707572361525,2026-08-24T21:20:16+00:00,2026-07-05T16:15:15+00:00,运营,字节跳动招聘,实习,菲律宾策略运营实习生-TikTok Shop,https://jobs.bytedance.com/campus/position/7659074707572361525/detail,上海
战略,字节跳动,2026-08-24T18:43:44+00:00,bytedance:7658659721563441413,2026-08-24T21:20:16+00:00,2026-07-04T13:27:51+00:00,战略,字节跳动招聘,实习,AI战略实习生-TRAE,https://jobs.bytedance.com/campus/position/7658659721563441413/detail,北京
市场,字节跳动,2026-08-24T18:43:44+00:00,bytedance:7658241746636425525,2026-08-24T21:20:16+00:00,2026-07-03T10:15:47+00:00,人力,字节跳动招聘,实习,新媒体运营实习生-企业文化与雇主品牌,https://jobs.bytedance.com/campus/position/7658241746636425525/detail,上海
运营,字节跳动,2026-08-24T18:43:44+00:00,bytedance:7658222482298423605,2026-08-24T21:20:16+00:00,2026-07-03T08:55:43+00:00,运营,字节跳动招聘,实习,服饰AIGC电商视频实习生-TikTok Shop,https://jobs.bytedance.com/campus/position/7658222482298423605/detail,广州
增长,字节跳动,2026-08-24T18:43:44+00:00,bytedance:7658206590151395637,2026-08-24T21:20:16+00:00,2026-07-03T07:53:29+00:00,广告投放,字节跳动招聘,实习,增长营销实习生-抖音增长,https://jobs.bytedance.com/campus/position/7658206590151395637/detail,深圳
运营,字节跳动,2026-08-24T18:43:44+00:00,bytedance:7658201378765965573,2026-08-24T21:20:16+00:00,2026-07-03T07:33:04+00:00,运营,字节跳动招聘,实习,商家策略运营实习生-TikTok Shop,https://jobs.bytedance.com/campus/position/7658201378765965573/detail,深圳
运营,字节跳动,2026-08-24T18:43:44+00:00,bytedance:7658198585491572997,2026-08-24T21:20:16+00:00,2026-07-03T07:23:17+00:00,运营,字节跳动招聘,实习,商家策略运营实习生-TikTok Shop,https://jobs.bytedance.com/campus/position/7658198585491572997/detail,深圳
运营,字节跳动,2026-08-24T18:43:44+00:00,bytedance:7658195450750601477,2026-08-24T21:20:16+00:00,2026-07-03T07:09:37+00:00,运营,字节跳动招聘,实习,抖音精选实习生-抖音,https://jobs.bytedance.com/campus/position/7658195450750601477/detail,上海
产品,字节跳动,2026-08-24T18:43:44+00:00,bytedance:7658191727861811509,2026-08-24T21:20:16+00:00,2026-07-03T06:56:37+00:00,产品,字节跳动招聘,实习,平台产品实习生-TikTok,https://jobs.bytedance.com/campus/position/7658191727861811509/detail,上海
运营,字节跳动,2026-08-24T18:43:44+00:00,bytedance:7658191160914004229,2026-08-24T21:20:16+00:00,2026-07-03T06:54:22+00:00,运营,字节跳动招聘,实习,搜索&货盘产品运营实习生 - TikTok Shop,https://jobs.bytedance.com/campus/position/7658191160914004229/detail,上海
运营,字节跳动,2026-08-24T18:43:44+00:00,bytedance:7658187991852714293,2026-08-24T21:20:16+00:00,2026-07-03T06:41:14+00:00,运营,字节跳动招聘,实习,泰国电商策略运营实习生-TikTok Shop,https://jobs.bytedance.com/campus/position/7658187991852714293/detail,上海
运营,字节跳动,2026-08-24T18:43:44+00:00,bytedance:7658184308084164869,2026-08-24T21:20:16+00:00,2026-07-03T06:26:41+00:00,运营,字节跳动招聘,实习,Agent数据运营实习生 - AI数据与安全,https://jobs.bytedance.com/campus/position/7658184308084164869/detail,北京
运营,字节跳动,2026-08-24T18:43:44+00:00,bytedance:7658177628652816645,2026-08-24T21:20:16+00:00,2026-07-03T06:01:13+00:00,运营,字节跳动招聘,实习,Agent评测实习生 - AI数据与安全,https://jobs.bytedance.com/campus/position/7658177628652816645/detail,北京
商业分析,字节跳动,2026-08-24T18:43:44+00:00,bytedance:7658175124375406901,2026-08-24T21:20:16+00:00,2026-07-03T05:50:59+00:00,运营,字节跳动招聘,实习,视觉生成策略运营（数据分析方向）实习生-AI数据与安全,https://jobs.bytedance.com/campus/position/7658175124375406901/detail,北京
设计,字节跳动,2026-08-24T18:43:44+00:00,bytedance:7658173915136821509,2026-08-24T21:20:16+00:00,2026-07-03T05:46:14+00:00,运营,字节跳动招聘,实习,视觉生成策略运营（图片美感方向）实习生-AI数据与安全,https://jobs.bytedance.com/campus/position/7658173915136821509/detail,北京
设计,字节跳动,2026-08-24T18:43:44+00:00,bytedance:7658172568885070133,2026-08-24T21:20:16+00:00,2026-07-03T05:41:24+00:00,运营,字节跳动招聘,实习,视觉生成策略运营（图片评测方向）实习生-AI数据与安全,https://jobs.bytedance.com/campus/position/7658172568885070133/detail,北京
职能,字节跳动,2026-08-24T18:43:44+00:00,bytedance:7658169878799436085,2026-08-24T21:20:16+00:00,2026-07-03T05:36:36+00:00,运营,字节跳动招聘,实习,隐私合规数据策略（自动化方向）实习生-AI数据与安全,https://jobs.bytedance.com/campus/position/7658169878799436085/detail,北京
商业分析,字节跳动,2026-08-24T19:23:31+00:00,bytedance:7658140212882721077,2026-08-24T21:20:16+00:00,2026-07-03T03:36:08+00:00,数据分析,字节跳动招聘,实习,数据分析实习生-抖音UGC,https://jobs.bytedance.com/campus/position/7658140212882721077/detail,上海
运营,字节跳动,2026-08-24T18:43:44+00:00,bytedance:7658130577493526837,2026-08-24T21:20:16+00:00,2026-07-03T02:58:24+00:00,运营,字节跳动招聘,实习,商家成长运营实习生-抖音生活服务,https://jobs.bytedance.com/campus/position/7658130577493526837/detail,上海
运营,字节跳动,2026-08-24T18:43:44+00:00,bytedance:7657914312396196101,2026-08-24T21:20:16+00:00,2026-07-02T12:58:46+00:00,运营,字节跳动招聘,实习,墨西哥电商行业运营实习生-TikTok Shop,https://jobs.bytedance.com/campus/position/7657914312396196101/detail,深圳
商业分析,字节跳动,2026-08-24T18:43:44+00:00,bytedance:7657854886883461381,2026-08-24T21:20:16+00:00,2026-07-02T09:09:05+00:00,运营,字节跳动招聘,实习,众包数据分析实习生-内容质量与数据服务平台,https://jobs.bytedance.com/campus/position/7657854886883461381/detail,北京
增长,字节跳动,2026-08-24T18:43:44+00:00,bytedance:7657831260173502725,2026-08-24T21:20:16+00:00,2026-07-02T07:37:41+00:00,运营,字节跳动招聘,实习,用户增长产品运营实习生-TikTok,https://jobs.bytedance.com/campus/position/7657831260173502725/detail,上海
产品,字节跳动,2026-08-24T18:43:44+00:00,bytedance:7657821420158224645,2026-08-24T21:20:16+00:00,2026-07-02T07:00:19+00:00,产品,字节跳动招聘,实习,商业平台产品实习生-广告业务,https://jobs.bytedance.com/campus/position/7657821420158224645/detail,北京
运营,字节跳动,2026-08-24T18:43:44+00:00,bytedance:7657808284097317125,2026-08-24T21:20:16+00:00,2026-07-02T06:09:09+00:00,运营,字节跳动招聘,实习,耐消行业运营实习生-TikTok Shop,https://jobs.bytedance.com/campus/position/7657808284097317125/detail,上海
增长,字节跳动,2026-08-24T18:43:44+00:00,bytedance:7657788528555870469,2026-08-24T21:20:16+00:00,2026-07-02T04:52:55+00:00,产品,字节跳动招聘,实习,搜索增长产品（体验优化方向）实习生-TikTok,https://jobs.bytedance.com/campus/position/7657788528555870469/detail,北京
运营,字节跳动,2026-08-24T18:43:44+00:00,bytedance:7657776061945907461,2026-08-24T21:20:16+00:00,2026-07-02T04:04:20+00:00,运营,字节跳动招聘,实习,运动潮奢行业运营实习生 - TikTok Shop,https://jobs.bytedance.com/campus/position/7657776061945907461/detail,上海 | 深圳
运营,字节跳动,2026-08-24T18:43:44+00:00,bytedance:7657770728607074613,2026-08-24T21:20:16+00:00,2026-07-02T03:44:40+00:00,运营,字节跳动招聘,实习,女装商家&内容实习生-TikTok Shop,https://jobs.bytedance.com/campus/position/7657770728607074613/detail,上海
运营,字节跳动,2026-08-24T18:43:44+00:00,bytedance:7657770353376807173,2026-08-24T21:20:16+00:00,2026-07-02T03:41:38+00:00,运营,字节跳动招聘,实习,服务运营实习生-剪映CapCut,https://jobs.bytedance.com/campus/position/7657770353376807173/detail,北京
产品,字节跳动,2026-08-24T18:43:44+00:00,bytedance:7657770156349802805,2026-08-24T21:20:16+00:00,2026-07-02T03:39:45+00:00,产品经理,字节跳动招聘,实习,税务产品实习生-集团信息系统,https://jobs.bytedance.com/campus/position/7657770156349802805/detail,上海
产品,字节跳动,2026-08-24T18:43:44+00:00,bytedance:7657756987384154421,2026-08-24T21:20:16+00:00,2026-07-02T02:48:55+00:00,产品,字节跳动招聘,实习,大模型数据（CS方向）实习生-AI数据与安全,https://jobs.bytedance.com/campus/position/7657756987384154421/detail,北京
产品,字节跳动,2026-08-24T18:43:44+00:00,bytedance:7657756088700586293,2026-08-24T21:20:16+00:00,2026-07-02T02:48:27+00:00,产品,字节跳动招聘,实习,大模型数据（工程方向）实习生-AI数据与安全,https://jobs.bytedance.com/campus/position/7657756088700586293/detail,北京
产品,字节跳动,2026-08-24T18:43:44+00:00,bytedance:7657756662780217605,2026-08-24T21:20:16+00:00,2026-07-02T02:48:04+00:00,产品,字节跳动招聘,实习,大模型数据（生物方向）实习生-AI数据与安全,https://jobs.bytedance.com/campus/position/7657756662780217605/detail,北京
产品,字节跳动,2026-08-24T18:43:44+00:00,bytedance:7657756432675227909,2026-08-24T21:20:16+00:00,2026-07-02T02:47:16+00:00,产品,字节跳动招聘,实习,大模型数据（化学方向）实习生-AI数据与安全,https://jobs.bytedance.com/campus/position/7657756432675227909/detail,北京
产品,字节跳动,2026-08-24T18:43:44+00:00,bytedance:7657756142482852149,2026-08-24T21:20:16+00:00,2026-07-02T02:46:38+00:00,产品,字节跳动招聘,实习,大模型数据（物理方向）实习生-AI数据与安全,https://jobs.bytedance.com/campus/position/7657756142482852149/detail,北京
产品,字节跳动,2026-08-24T18:43:44+00:00,bytedance:7657752634803128629,2026-08-24T21:20:16+00:00,2026-07-02T02:31:35+00:00,产品,字节跳动招聘,实习,策略产品实习生（闭环电商预算方向）-Pangle,https://jobs.bytedance.com/campus/position/7657752634803128629/detail,北京
商务,字节跳动,2026-08-24T18:43:44+00:00,bytedance:7657746907263519029,2026-08-24T21:20:16+00:00,2026-07-02T02:10:47+00:00,运营,字节跳动招聘,实习,商业化运营实习生-抖音电商运营,https://jobs.bytedance.com/campus/position/7657746907263519029/detail,北京
产品,字节跳动,2026-08-24T18:43:44+00:00,bytedance:7657549823978146053,2026-08-24T21:20:16+00:00,2026-07-01T13:30:13+00:00,产品,字节跳动招聘,实习,大模型数据（数学方向）实习生-AI数据与安全,https://jobs.bytedance.com/campus/position/7657549823978146053/detail,北京
运营,字节跳动,2026-08-24T18:43:44+00:00,bytedance:7657496929469139205,2026-08-24T21:20:16+00:00,2026-07-01T10:00:00+00:00,运营,字节跳动招聘,实习,AIGC创意视频实习生-TikTok Shop,https://jobs.bytedance.com/campus/position/7657496929469139205/detail,杭州
职能,字节跳动,2026-08-24T18:43:44+00:00,bytedance:7657494626912176437,2026-08-24T21:20:16+00:00,2026-07-01T09:50:09+00:00,产品经理,字节跳动招聘,实习,产品（财务系统）实习生-集团信息系统,https://jobs.bytedance.com/campus/position/7657494626912176437/detail,上海
运营,字节跳动,2026-08-24T18:43:44+00:00,bytedance:7657484991774116149,2026-08-24T21:20:16+00:00,2026-07-01T09:13:26+00:00,运营,字节跳动招聘,实习,玩具潮玩&办公文具行业实习生-TikTok Shop,https://jobs.bytedance.com/campus/position/7657484991774116149/detail,上海
运营,字节跳动,2026-08-24T18:43:44+00:00,bytedance:7657438361464899845,2026-08-24T21:20:16+00:00,2026-07-01T06:11:55+00:00,运营,字节跳动招聘,实习,生态策略实习生-TikTok,https://jobs.bytedance.com/campus/position/7657438361464899845/detail,北京
运营,字节跳动,2026-08-24T18:43:44+00:00,bytedance:7657398659211315509,2026-08-24T21:20:16+00:00,2026-07-01T03:38:25+00:00,用户运营,字节跳动招聘,实习,AI英文短剧内容制作实习生-TikTok,https://jobs.bytedance.com/campus/position/7657398659211315509/detail,北京
运营,字节跳动,2026-08-24T18:43:44+00:00,bytedance:7657387634721458437,2026-08-24T21:20:16+00:00,2026-07-01T02:55:47+00:00,运营,字节跳动招聘,实习,产品运营（美妆测评方向）实习生-国际化内容社区,https://jobs.bytedance.com/campus/position/7657387634721458437/detail,上海
产品,字节跳动,2026-08-24T18:43:44+00:00,bytedance:7657211764057475333,2026-08-24T21:20:16+00:00,2026-06-30T15:40:09+00:00,产品经理,字节跳动招聘,实习,AI咨询项目分析实习生-Coze,https://jobs.bytedance.com/campus/position/7657211764057475333/detail,北京
设计,字节跳动,2026-08-24T18:43:44+00:00,bytedance:7657161187786688773,2026-08-24T21:20:16+00:00,2026-06-30T12:17:54+00:00,视觉设计,字节跳动招聘,实习,3D美术设计实习生-数据平台,https://jobs.bytedance.com/campus/position/7657161187786688773/detail,上海
运营,字节跳动,2026-08-24T18:43:44+00:00,bytedance:7657158351110326581,2026-08-24T21:20:16+00:00,2026-06-30T12:06:50+00:00,运营,字节跳动招聘,实习,生态伙伴招商AI运营实习生-飞书,https://jobs.bytedance.com/campus/position/7657158351110326581/detail,上海
运营,字节跳动,2026-08-24T18:43:44+00:00,bytedance:7657080052273744133,2026-08-24T21:20:16+00:00,2026-06-30T07:01:37+00:00,运营,字节跳动招聘,实习,电商运营实习生-TikTok Shop,https://jobs.bytedance.com/campus/position/7657080052273744133/detail,上海
运营,字节跳动,2026-08-24T18:43:44+00:00,bytedance:7657030711501637941,2026-08-24T21:20:16+00:00,2026-06-30T03:50:23+00:00,运营,字节跳动招聘,实习,AI数据运营（自动化方向）实习生-AI数据与安全,https://jobs.bytedance.com/campus/position/7657030711501637941/detail,北京
运营,字节跳动,2026-08-24T18:43:44+00:00,bytedance:7657030222207191349,2026-08-24T21:20:16+00:00,2026-06-30T03:49:47+00:00,运营,字节跳动招聘,实习,AI数据运营（生活服务方向）实习生-AI数据与安全,https://jobs.bytedance.com/campus/position/7657030222207191349/detail,北京
运营,字节跳动,2026-08-24T18:43:44+00:00,bytedance:7657029855905843509,2026-08-24T21:20:16+00:00,2026-06-30T03:49:24+00:00,运营,字节跳动招聘,实习,AI数据运营（商业广告方向）实习生-AI数据与安全,https://jobs.bytedance.com/campus/position/7657029855905843509/detail,北京
职能,字节跳动,2026-08-24T18:43:44+00:00,bytedance:7657014913363904773,2026-08-24T21:20:16+00:00,2026-06-30T02:49:19+00:00,职能 / 支持,字节跳动招聘,实习,大模型应用实习生（财务共享中心）,https://jobs.bytedance.com/campus/position/7657014913363904773/detail,北京
运营,字节跳动,2026-08-24T18:43:44+00:00,bytedance:7657013335336683781,2026-08-24T21:20:16+00:00,2026-06-30T02:43:50+00:00,运营,字节跳动招聘,实习,生态体验策略运营实习生-TikTok直播,https://jobs.bytedance.com/campus/position/7657013335336683781/detail,北京
运营,字节跳动,2026-08-24T18:43:44+00:00,bytedance:7657009368226924805,2026-08-24T21:20:16+00:00,2026-06-30T02:27:23+00:00,运营,字节跳动招聘,实习,用户产品运营实习生-TikTok,https://jobs.bytedance.com/campus/position/7657009368226924805/detail,上海
产品,字节跳动,2026-08-24T18:43:44+00:00,bytedance:7656819955036178741,2026-08-24T21:20:16+00:00,2026-06-29T14:13:56+00:00,产品,字节跳动招聘,实习,达人产品实习生-抖音生活服务,https://jobs.bytedance.com/campus/position/7656819955036178741/detail,北京
运营,字节跳动,2026-08-24T18:43:44+00:00,bytedance:7656802440312228101,2026-08-24T21:20:16+00:00,2026-06-29T13:06:23+00:00,运营,字节跳动招聘,实习,欧洲商城运营（西班牙语方向）实习生-TikTok Shop,https://jobs.bytedance.com/campus/position/7656802440312228101/detail,上海
运营,字节跳动,2026-08-24T18:43:44+00:00,bytedance:7656796105934031157,2026-08-24T21:20:16+00:00,2026-06-29T12:44:03+00:00,运营,字节跳动招聘,实习,AI产品运营实习生 - 抖音平台产品,https://jobs.bytedance.com/campus/position/7656796105934031157/detail,北京
运营,字节跳动,2026-08-24T18:43:44+00:00,bytedance:7656759100686190853,2026-08-24T21:20:16+00:00,2026-06-29T10:17:47+00:00,运营,字节跳动招聘,实习,数据（中文方向）实习生 - AI数据与安全,https://jobs.bytedance.com/campus/position/7656759100686190853/detail,北京
运营,字节跳动,2026-08-24T18:43:44+00:00,bytedance:7656749090063632645,2026-08-24T21:20:16+00:00,2026-06-29T09:37:46+00:00,运营,字节跳动招聘,实习,服饰行业实习生 - TikTok Shop,https://jobs.bytedance.com/campus/position/7656749090063632645/detail,上海
战略,字节跳动,2026-08-24T18:43:44+00:00,bytedance:7656700625518266677,2026-08-24T21:20:16+00:00,2026-06-29T06:29:05+00:00,运营,字节跳动招聘,实习,战略商业分析实习生-TikTok Shop,https://jobs.bytedance.com/campus/position/7656700625518266677/detail,上海
商业分析,字节跳动,2026-08-24T19:23:31+00:00,bytedance:7656697312995313925,2026-08-24T21:20:16+00:00,2026-06-29T06:16:17+00:00,数据分析,字节跳动招聘,实习,数据分析实习生-业务中台,https://jobs.bytedance.com/campus/position/7656697312995313925/detail,北京
产品,字节跳动,2026-08-24T18:43:44+00:00,bytedance:7656694312806304005,2026-08-24T21:20:16+00:00,2026-06-29T06:07:27+00:00,产品,字节跳动招聘,实习,商业平台产品实习生-广告业务,https://jobs.bytedance.com/campus/position/7656694312806304005/detail,北京
项目管理,字节跳动,2026-08-24T18:43:44+00:00,bytedance:7656660511742822661,2026-08-24T21:20:16+00:00,2026-06-29T03:53:22+00:00,项目管理,字节跳动招聘,实习,项目管理实习生-TikTok Shop,https://jobs.bytedance.com/campus/position/7656660511742822661/detail,北京
运营,字节跳动,2026-08-24T18:43:44+00:00,bytedance:7656635713979337013,2026-08-24T21:20:16+00:00,2026-06-29T02:17:14+00:00,运营,字节跳动招聘,实习,漫剧产品运营实习生-红果短剧,https://jobs.bytedance.com/campus/position/7656635713979337013/detail,北京
产品,字节跳动,2026-08-24T18:43:44+00:00,bytedance:7655728893362555189,2026-08-24T21:20:16+00:00,2026-06-26T15:38:06+00:00,产品,字节跳动招聘,实习,分发策略产品实习生-番茄畅听,https://jobs.bytedance.com/campus/position/7655728893362555189/detail,北京
运营,字节跳动,2026-08-24T18:43:44+00:00,bytedance:7655704240595978501,2026-08-24T21:20:16+00:00,2026-06-26T14:15:51+00:00,运营,字节跳动招聘,实习,越南策略运营实习生 - TikTok Shop,https://jobs.bytedance.com/campus/position/7655704240595978501/detail,上海
设计,字节跳动,2026-08-24T18:43:44+00:00,bytedance:7655616254062217525,2026-08-24T21:20:16+00:00,2026-06-26T08:25:16+00:00,游戏美术,字节跳动招聘,实习,游戏场景原画实习生 - 绿洲工作室,https://jobs.bytedance.com/campus/position/7655616254062217525/detail,北京
运营,字节跳动,2026-08-24T18:43:44+00:00,bytedance:7655598628962683141,2026-08-24T21:20:16+00:00,2026-06-26T07:15:12+00:00,运营,字节跳动招聘,实习,资讯策略实习生 - 抖音内容运营,https://jobs.bytedance.com/campus/position/7655598628962683141/detail,北京
用户研究,字节跳动,2026-08-24T18:43:44+00:00,bytedance:7655589162951379253,2026-08-24T21:20:16+00:00,2026-06-26T06:38:05+00:00,用户研究,字节跳动招聘,实习,用户研究实习生 - TikTok Shop,https://jobs.bytedance.com/campus/position/7655589162951379253/detail,上海
职能,字节跳动,2026-08-24T18:43:44+00:00,bytedance:7655546685397502261,2026-08-24T21:20:16+00:00,2026-06-26T03:52:17+00:00,职能 / 支持,字节跳动招聘,实习,招聘实习生-Bluesea Studio,https://jobs.bytedance.com/campus/position/7655546685397502261/detail,北京
运营,字节跳动,2026-08-24T18:43:44+00:00,bytedance:7655536698650085637,2026-08-24T21:20:16+00:00,2026-06-26T03:12:27+00:00,运营,字节跳动招聘,实习,媒体运营实习生-抖音,https://jobs.bytedance.com/campus/position/7655536698650085637/detail,北京
市场,字节跳动,2026-08-24T18:43:44+00:00,bytedance:7655522419981453573,2026-08-24T21:20:16+00:00,2026-06-26T02:20:22+00:00,运营,字节跳动招聘,实习,AI漫剧产品营销实习生-广告业务,https://jobs.bytedance.com/campus/position/7655522419981453573/detail,北京
产品,字节跳动,2026-08-24T18:43:44+00:00,bytedance:7655251229102049541,2026-08-24T21:20:16+00:00,2026-06-25T08:45:51+00:00,产品,字节跳动招聘,实习,广告策略产品实习生-广告业务,https://jobs.bytedance.com/campus/position/7655251229102049541/detail,上海
项目管理,字节跳动,2026-08-24T18:43:44+00:00,bytedance:7655247251267586357,2026-08-24T21:20:16+00:00,2026-06-25T08:31:04+00:00,运营,字节跳动招聘,实习,合规项目管理实习生-TikTok Shop,https://jobs.bytedance.com/campus/position/7655247251267586357/detail,上海
运营,字节跳动,2026-08-24T18:43:44+00:00,bytedance:7655247231465359621,2026-08-24T21:20:16+00:00,2026-06-25T08:29:52+00:00,运营,字节跳动招聘,实习,欧洲商城运营（法语方向）实习生-TikTok Shop,https://jobs.bytedance.com/campus/position/7655247231465359621/detail,上海
运营,字节跳动,2026-08-24T18:43:44+00:00,bytedance:7655245776932833589,2026-08-24T21:20:16+00:00,2026-06-25T08:25:58+00:00,运营,字节跳动招聘,实习,西语短剧运营实习生-TikTok,https://jobs.bytedance.com/campus/position/7655245776932833589/detail,北京
产品,字节跳动,2026-08-24T18:43:44+00:00,bytedance:7655234109929703733,2026-08-24T21:20:16+00:00,2026-06-25T07:39:54+00:00,产品经理,字节跳动招聘,实习,产品经理实习生-集团信息系统,https://jobs.bytedance.com/campus/position/7655234109929703733/detail,北京
产品,字节跳动,2026-08-24T18:43:44+00:00,bytedance:7655186893026281781,2026-08-24T21:20:16+00:00,2026-06-25T04:38:00+00:00,产品经理,字节跳动招聘,实习,Aime策略产品实习生-Aime,https://jobs.bytedance.com/campus/position/7655186893026281781/detail,北京
项目管理,字节跳动,2026-08-24T18:43:44+00:00,bytedance:7655179901108947253,2026-08-24T21:20:16+00:00,2026-06-25T04:14:57+00:00,项目管理,字节跳动招聘,实习,PMO实习生 - Data AML,https://jobs.bytedance.com/campus/position/7655179901108947253/detail,北京
运营,字节跳动,2026-08-24T18:43:44+00:00,bytedance:7655175199276435765,2026-08-24T21:20:16+00:00,2026-06-25T03:50:45+00:00,产品运营,字节跳动招聘,实习,语言学实习生-Data语音,https://jobs.bytedance.com/campus/position/7655175199276435765/detail,上海
市场,字节跳动,2026-08-24T18:43:44+00:00,bytedance:7655167138380663045,2026-08-24T21:20:16+00:00,2026-06-25T03:20:12+00:00,市场,字节跳动招聘,实习,PR实习生-抖音,https://jobs.bytedance.com/campus/position/7655167138380663045/detail,北京
商业分析,字节跳动,2026-08-24T18:43:44+00:00,bytedance:7655166990222821637,2026-08-24T21:20:16+00:00,2026-06-25T03:19:13+00:00,产品,字节跳动招聘,实习,金融经营分析实习生-国际支付,https://jobs.bytedance.com/campus/position/7655166990222821637/detail,上海
商业分析,字节跳动,2026-08-24T18:43:44+00:00,bytedance:7655163197151267125,2026-08-24T21:20:16+00:00,2026-06-25T03:07:20+00:00,产品,字节跳动招聘,实习,金融经营分析实习生-国际支付,https://jobs.bytedance.com/campus/position/7655163197151267125/detail,北京
运营,字节跳动,2026-08-24T18:43:44+00:00,bytedance:7655155552354191621,2026-08-24T21:20:16+00:00,2026-06-25T02:37:58+00:00,用户运营,字节跳动招聘,实习,生态作者运营实习生-TikTok,https://jobs.bytedance.com/campus/position/7655155552354191621/detail,上海
商业分析,字节跳动,2026-08-24T19:23:31+00:00,bytedance:7654974487598844165,2026-08-24T21:20:16+00:00,2026-06-24T14:54:00+00:00,数据分析,字节跳动招聘,实习,数据分析实习生-Aime,https://jobs.bytedance.com/campus/position/7654974487598844165/detail,北京
运营,字节跳动,2026-08-24T18:43:44+00:00,bytedance:7654914973756033333,2026-08-24T21:20:16+00:00,2026-06-24T10:59:54+00:00,运营,字节跳动招聘,实习,SEA&CCA分析中台实习生-TikTok,https://jobs.bytedance.com/campus/position/7654914973756033333/detail,北京
商务,字节跳动,2026-08-24T18:43:44+00:00,bytedance:7654903568956590389,2026-08-24T21:20:16+00:00,2026-06-24T10:16:18+00:00,运营,字节跳动招聘,实习,售前AI解决方案管培实习生-飞书商业化,https://jobs.bytedance.com/campus/position/7654903568956590389/detail,深圳
商务,字节跳动,2026-08-24T18:43:44+00:00,bytedance:7654902974821206325,2026-08-24T21:20:16+00:00,2026-06-24T10:15:24+00:00,运营,字节跳动招聘,实习,售前AI解决方案实习生 - 飞书商业化,https://jobs.bytedance.com/campus/position/7654902974821206325/detail,上海
商务,字节跳动,2026-08-24T18:43:44+00:00,bytedance:7654902973341780229,2026-08-24T21:20:16+00:00,2026-06-24T10:13:22+00:00,运营,字节跳动招聘,实习,售前AI解决方案管培实习生-飞书商业化,https://jobs.bytedance.com/campus/position/7654902973341780229/detail,北京
运营,字节跳动,2026-08-24T18:43:44+00:00,bytedance:7654899948232214837,2026-08-24T21:20:16+00:00,2026-06-24T10:04:31+00:00,产品运营,字节跳动招聘,实习,AI数据服务平台产品运营实习生-TikTok,https://jobs.bytedance.com/campus/position/7654899948232214837/detail,上海
设计,字节跳动,2026-08-24T18:43:44+00:00,bytedance:7654840204896848181,2026-08-24T21:20:16+00:00,2026-06-24T06:11:28+00:00,设计,字节跳动招聘,实习,产品设计实习生-TikTok Shop,https://jobs.bytedance.com/campus/position/7654840204896848181/detail,北京
增长,字节跳动,2026-08-24T18:43:44+00:00,bytedance:7654803002292750645,2026-08-24T21:20:16+00:00,2026-06-24T03:45:10+00:00,运营,字节跳动招聘,实习,PGC作者增长产品运营实习生-TikTok,https://jobs.bytedance.com/campus/position/7654803002292750645/detail,上海
设计,字节跳动,2026-08-24T18:43:44+00:00,bytedance:7654795839378376965,2026-08-24T21:20:16+00:00,2026-06-24T03:18:53+00:00,游戏美术,字节跳动招聘,实习,分镜实习生-研发支持中心,https://jobs.bytedance.com/campus/position/7654795839378376965/detail,上海
运营,字节跳动,2026-08-24T18:43:44+00:00,bytedance:7654794449220225285,2026-08-24T21:20:16+00:00,2026-06-24T03:12:52+00:00,运营,字节跳动招聘,实习,墨西哥行业运营策略实习生-TikTok Shop,https://jobs.bytedance.com/campus/position/7654794449220225285/detail,上海
职能,字节跳动,2026-08-24T18:43:44+00:00,bytedance:7654560740512581893,2026-08-24T21:20:16+00:00,2026-06-23T12:11:53+00:00,人力,字节跳动招聘,实习,招聘策略与运营实习生-Data,https://jobs.bytedance.com/campus/position/7654560740512581893/detail,北京
设计,字节跳动,2026-08-24T18:43:44+00:00,bytedance:7654524668302936325,2026-08-24T21:20:16+00:00,2026-06-23T09:49:30+00:00,设计,字节跳动招聘,实习,创意视觉设计实习生-TikTok设计,https://jobs.bytedance.com/campus/position/7654524668302936325/detail,北京
产品,字节跳动,2026-08-24T18:43:44+00:00,bytedance:7654517635460204805,2026-08-24T21:20:16+00:00,2026-06-23T09:18:01+00:00,产品经理,字节跳动招聘,实习,技术产品（AI数据/大模型方向）实习生-中国交易与广告,https://jobs.bytedance.com/campus/position/7654517635460204805/detail,上海
产品,字节跳动,2026-08-24T18:43:44+00:00,bytedance:7654466849254590773,2026-08-24T21:20:16+00:00,2026-06-23T06:00:44+00:00,产品,字节跳动招聘,实习,Seedance2.5摄影实习生-火山方舟,https://jobs.bytedance.com/campus/position/7654466849254590773/detail,北京
战略,字节跳动,2026-08-24T18:43:44+00:00,bytedance:7654428956606679301,2026-08-24T21:20:16+00:00,2026-06-23T03:34:26+00:00,产品运营,字节跳动招聘,实习,创作者产品战略分析实习生-国际化广告创意与品牌,https://jobs.bytedance.com/campus/position/7654428956606679301/detail,上海
战略,字节跳动,2026-08-24T18:43:44+00:00,bytedance:7654157821763914037,2026-08-24T21:20:16+00:00,2026-06-22T10:04:14+00:00,运营,字节跳动招聘,实习,东南亚电商战略分析实习生-TikTok Shop,https://jobs.bytedance.com/campus/position/7654157821763914037/detail,北京
设计,字节跳动,2026-08-24T18:43:44+00:00,bytedance:7654142191791409461,2026-08-24T21:20:16+00:00,2026-06-22T09:00:52+00:00,产品,字节跳动招聘,实习,Seedance 2.5资产美术实习生-火山方舟,https://jobs.bytedance.com/campus/position/7654142191791409461/detail,北京
职能,字节跳动,2026-08-24T18:43:44+00:00,bytedance:7654117051637598469,2026-08-24T21:20:16+00:00,2026-06-22T07:23:26+00:00,人力,字节跳动招聘,实习,招聘实习生-集团职能,https://jobs.bytedance.com/campus/position/7654117051637598469/detail,上海
增长,字节跳动,2026-08-24T18:43:44+00:00,bytedance:7654108101872503093,2026-08-24T21:20:16+00:00,2026-06-22T06:50:43+00:00,运营,字节跳动招聘,实习,美国电商（用户增长方向）实习生-TikTok Shop,https://jobs.bytedance.com/campus/position/7654108101872503093/detail,上海
职能,字节跳动,2026-08-24T18:43:44+00:00,bytedance:7654106217316829493,2026-08-24T21:20:16+00:00,2026-06-22T06:41:30+00:00,职能 / 支持,字节跳动招聘,实习,国际化薪酬策略实习生-绩效与激励,https://jobs.bytedance.com/campus/position/7654106217316829493/detail,北京
运营,字节跳动,2026-08-24T18:43:44+00:00,bytedance:7654104741043456309,2026-08-24T21:20:16+00:00,2026-06-22T06:35:57+00:00,运营,字节跳动招聘,实习,策略运营实习生-抖音,https://jobs.bytedance.com/campus/position/7654104741043456309/detail,北京
运营,字节跳动,2026-08-24T18:43:44+00:00,bytedance:7654059328743901493,2026-08-24T21:20:16+00:00,2026-06-22T03:41:32+00:00,运营,字节跳动招聘,实习,激励策略运营实习生-抖音电商,https://jobs.bytedance.com/campus/position/7654059328743901493/detail,北京
运营,字节跳动,2026-08-24T18:43:44+00:00,bytedance:7652646831759755573,2026-08-24T21:20:16+00:00,2026-06-18T08:18:57+00:00,运营,字节跳动招聘,实习,运营（AIGC方向）实习生 - 内容质量与数据服务平台,https://jobs.bytedance.com/campus/position/7652646831759755573/detail,北京
运营,字节跳动,2026-08-24T18:43:44+00:00,bytedance:7652633352050116917,2026-08-24T21:20:16+00:00,2026-06-18T07:27:38+00:00,产品运营,字节跳动招聘,实习,豆包AI大模型数据运营实习生-火山方舟,https://jobs.bytedance.com/campus/position/7652633352050116917/detail,北京
产品,字节跳动,2026-08-24T18:43:44+00:00,bytedance:7652582681600313653,2026-08-24T21:20:16+00:00,2026-06-18T04:12:55+00:00,产品,字节跳动招聘,实习,电商产品实习生-TikTok Shop,https://jobs.bytedance.com/campus/position/7652582681600313653/detail,上海
战略,字节跳动,2026-08-24T18:43:44+00:00,bytedance:7652541233197893893,2026-08-24T21:20:16+00:00,2026-06-18T01:32:09+00:00,人力,字节跳动招聘,实习,AI应用人才战略实习生-AI创新业务,https://jobs.bytedance.com/campus/position/7652541233197893893/detail,北京
产品,字节跳动,2026-08-24T18:43:44+00:00,bytedance:7652370477450561797,2026-08-24T21:20:16+00:00,2026-06-17T14:35:40+00:00,产品,字节跳动招聘,实习,AI产品实习生（采购方向）-集团信息系统,https://jobs.bytedance.com/campus/position/7652370477450561797/detail,上海
运营,字节跳动,2026-08-24T18:43:44+00:00,bytedance:7652352996951214341,2026-08-24T21:20:16+00:00,2026-06-17T13:19:31+00:00,产品运营,字节跳动招聘,实习,Feed小语种产品运营（阿拉伯语方向）实习生-TikTok,https://jobs.bytedance.com/campus/position/7652352996951214341/detail,上海
运营,字节跳动,2026-08-24T18:43:44+00:00,bytedance:7652327935798610181,2026-08-24T21:20:16+00:00,2026-06-17T11:42:27+00:00,运营,字节跳动招聘,实习,AI工程实习生-飞书,https://jobs.bytedance.com/campus/position/7652327935798610181/detail,北京
运营,字节跳动,2026-08-24T18:43:44+00:00,bytedance:7652300151629433141,2026-08-24T21:20:16+00:00,2026-06-17T09:53:01+00:00,运营,字节跳动招聘,实习,全托管非服行业大家装组实习生-TikTok Shop,https://jobs.bytedance.com/campus/position/7652300151629433141/detail,深圳
职能,字节跳动,2026-08-24T18:43:44+00:00,bytedance:7652292695806494981,2026-08-24T21:20:16+00:00,2026-06-17T09:24:57+00:00,人力,字节跳动招聘,实习,招聘运营实习生-抖音电商,https://jobs.bytedance.com/campus/position/7652292695806494981/detail,北京
产品,字节跳动,2026-08-24T18:43:44+00:00,bytedance:7652284083640617221,2026-08-24T21:20:16+00:00,2026-06-17T08:51:51+00:00,产品,字节跳动招聘,实习,推荐策略产品实习生-TikTok,https://jobs.bytedance.com/campus/position/7652284083640617221/detail,上海
运营,字节跳动,2026-08-24T18:43:44+00:00,bytedance:7652282670781729077,2026-08-24T21:20:16+00:00,2026-06-17T08:46:27+00:00,运营,字节跳动招聘,实习,内容运营（美区直播方向）实习生 - TikTok Shop,https://jobs.bytedance.com/campus/position/7652282670781729077/detail,上海
运营,字节跳动,2026-08-24T18:43:44+00:00,bytedance:7652277493667694853,2026-08-24T21:20:16+00:00,2026-06-17T08:25:21+00:00,运营,字节跳动招聘,实习,东南亚电商资管实习生-TikTok Shop,https://jobs.bytedance.com/campus/position/7652277493667694853/detail,上海
项目管理,字节跳动,2026-08-24T18:43:44+00:00,bytedance:7652275704996940037,2026-08-24T21:20:16+00:00,2026-06-17T08:17:58+00:00,项目管理,字节跳动招聘,实习,项目管理（AI）实习生-隐私和数据保护办公室,https://jobs.bytedance.com/campus/position/7652275704996940037/detail,北京
战略,字节跳动,2026-08-24T18:43:44+00:00,bytedance:7652273743408924933,2026-08-24T21:20:16+00:00,2026-06-17T08:15:28+00:00,运营,字节跳动招聘,实习,东南亚电商战略实习生-TikTok Shop,https://jobs.bytedance.com/campus/position/7652273743408924933/detail,北京
产品,字节跳动,2026-08-24T18:43:44+00:00,bytedance:7652215303417743669,2026-08-24T21:20:16+00:00,2026-06-17T04:29:59+00:00,产品,字节跳动招聘,实习,分发策略产品实习生-今日头条,https://jobs.bytedance.com/campus/position/7652215303417743669/detail,北京
运营,字节跳动,2026-08-24T18:43:44+00:00,bytedance:7652212648919107893,2026-08-24T21:20:16+00:00,2026-06-17T04:21:24+00:00,运营,字节跳动招聘,实习,美国FBT商家运营实习生-TikTok Shop,https://jobs.bytedance.com/campus/position/7652212648919107893/detail,上海
产品,字节跳动,2026-08-24T18:43:44+00:00,bytedance:7652196502855289093,2026-08-24T21:20:16+00:00,2026-06-17T03:12:24+00:00,游戏策划,字节跳动招聘,实习,游戏战斗策划实习生 - 江南工作室,https://jobs.bytedance.com/campus/position/7652196502855289093/detail,杭州
运营,字节跳动,2026-08-24T18:43:44+00:00,bytedance:7651942384485697845,2026-08-24T21:20:16+00:00,2026-06-16T10:45:08+00:00,运营,字节跳动招聘,实习,电商内容策略运营实习生-TikTok Shop,https://jobs.bytedance.com/campus/position/7651942384485697845/detail,上海
运营,字节跳动,2026-08-24T18:43:44+00:00,bytedance:7651939907104393525,2026-08-24T21:20:16+00:00,2026-06-16T10:42:37+00:00,运营,字节跳动招聘,实习,电商内容策略运营实习生-TikTok Shop,https://jobs.bytedance.com/campus/position/7651939907104393525/detail,广州
运营,字节跳动,2026-08-24T18:43:44+00:00,bytedance:7651931511106062645,2026-08-24T21:20:16+00:00,2026-06-16T10:05:03+00:00,运营,字节跳动招聘,实习,国际物流服务体验实习生-TikTok Shop,https://jobs.bytedance.com/campus/position/7651931511106062645/detail,杭州
运营,字节跳动,2026-08-24T18:43:44+00:00,bytedance:7651930013014165765,2026-08-24T21:20:16+00:00,2026-06-16T09:57:13+00:00,运营,字节跳动招聘,实习,AIGC短剧编导实习生-TikTok,https://jobs.bytedance.com/campus/position/7651930013014165765/detail,北京
运营,字节跳动,2026-08-24T18:43:44+00:00,bytedance:7651903653187504437,2026-08-24T21:20:16+00:00,2026-06-16T08:14:52+00:00,运营,字节跳动招聘,实习,用户运营（手工潮玩方向）实习生-抖音UGC,https://jobs.bytedance.com/campus/position/7651903653187504437/detail,上海
运营,字节跳动,2026-08-24T18:43:44+00:00,bytedance:7651901644476991749,2026-08-24T21:20:16+00:00,2026-06-16T08:08:10+00:00,运营,字节跳动招聘,实习,用户运营实习生-抖音社交与互动,https://jobs.bytedance.com/campus/position/7651901644476991749/detail,深圳
商务,字节跳动,2026-08-24T18:43:44+00:00,bytedance:7651867797404731653,2026-08-24T21:20:16+00:00,2026-06-16T05:58:56+00:00,销售支持,字节跳动招聘,实习,FDE实习生-飞书商业化,https://jobs.bytedance.com/campus/position/7651867797404731653/detail,杭州
商务,字节跳动,2026-08-24T18:43:44+00:00,bytedance:7651867378416388357,2026-08-24T21:20:16+00:00,2026-06-16T05:55:20+00:00,销售支持,字节跳动招聘,实习,FDE实习生-飞书商业化,https://jobs.bytedance.com/campus/position/7651867378416388357/detail,广州
商务,字节跳动,2026-08-24T18:43:44+00:00,bytedance:7651865391881144581,2026-08-24T21:20:16+00:00,2026-06-16T05:50:24+00:00,销售支持,字节跳动招聘,实习,FDE实习生-飞书商业化,https://jobs.bytedance.com/campus/position/7651865391881144581/detail,深圳
商务,字节跳动,2026-08-24T18:43:44+00:00,bytedance:7651865374582049077,2026-08-24T21:20:16+00:00,2026-06-16T05:46:04+00:00,销售支持,字节跳动招聘,实习,FDE实习生-飞书商业化,https://jobs.bytedance.com/campus/position/7651865374582049077/detail,上海
商务,字节跳动,2026-08-24T18:43:44+00:00,bytedance:7651863676051458309,2026-08-24T21:20:16+00:00,2026-06-16T05:40:30+00:00,销售支持,字节跳动招聘,实习,FDE实习生 - 飞书商业化,https://jobs.bytedance.com/campus/position/7651863676051458309/detail,北京
产品,字节跳动,2026-08-24T18:43:44+00:00,bytedance:7651809867853744437,2026-08-24T21:20:16+00:00,2026-06-16T02:12:42+00:00,产品,字节跳动招聘,实习,AI短剧产品实习生-TikTok,https://jobs.bytedance.com/campus/position/7651809867853744437/detail,上海
运营,字节跳动,2026-08-24T18:43:44+00:00,bytedance:7651555195876329781,2026-08-24T21:20:16+00:00,2026-06-15T09:42:33+00:00,运营,字节跳动招聘,实习,东南亚达人策略运营实习生-TikTok Shop,https://jobs.bytedance.com/campus/position/7651555195876329781/detail,上海
运营,字节跳动,2026-08-24T18:43:44+00:00,bytedance:7651501458315643189,2026-08-24T21:20:16+00:00,2026-06-15T06:14:29+00:00,产品运营,字节跳动招聘,实习,AI Agent策略运营实习生-TikTok,https://jobs.bytedance.com/campus/position/7651501458315643189/detail,上海
运营,字节跳动,2026-08-24T18:43:44+00:00,bytedance:7650453698573322549,2026-08-24T21:20:16+00:00,2026-06-12T10:28:00+00:00,运营,字节跳动招聘,实习,电商内容策略运营实习生-TikTok Shop,https://jobs.bytedance.com/campus/position/7650453698573322549/detail,深圳
运营,字节跳动,2026-08-24T18:43:44+00:00,bytedance:7650452485640931589,2026-08-24T21:20:16+00:00,2026-06-12T10:25:25+00:00,运营,字节跳动招聘,实习,电商内容策略运营实习生-TikTok Shop,https://jobs.bytedance.com/campus/position/7650452485640931589/detail,上海
产品,字节跳动,2026-08-24T18:43:44+00:00,bytedance:7650422900386138421,2026-08-24T21:20:16+00:00,2026-06-12T08:29:24+00:00,产品,字节跳动招聘,实习,产品实习生-抖音电商,https://jobs.bytedance.com/campus/position/7650422900386138421/detail,北京
运营,字节跳动,2026-08-24T18:43:44+00:00,bytedance:7650360351349704965,2026-08-24T21:20:16+00:00,2026-06-12T04:33:18+00:00,运营,字节跳动招聘,实习,风险策略运营实习生-剪映CapCut,https://jobs.bytedance.com/campus/position/7650360351349704965/detail,北京
商务,字节跳动,2026-08-24T18:43:44+00:00,bytedance:7650356066110769461,2026-08-24T21:20:16+00:00,2026-06-12T04:09:15+00:00,销售支持,字节跳动招聘,实习,FDE实习生-飞书商业化,https://jobs.bytedance.com/campus/position/7650356066110769461/detail,成都
产品,字节跳动,2026-08-24T18:43:44+00:00,bytedance:7650352921087609093,2026-08-24T21:20:16+00:00,2026-06-12T03:56:48+00:00,产品,字节跳动招聘,实习,欧美商城产品实习生 - TikTok Shop,https://jobs.bytedance.com/campus/position/7650352921087609093/detail,北京 | 上海
战略,字节跳动,2026-08-24T18:43:44+00:00,bytedance:7650319260024064309,2026-08-24T21:20:16+00:00,2026-06-12T01:47:10+00:00,运营,字节跳动招聘,实习,战略分析实习生-TikTok Shop,https://jobs.bytedance.com/campus/position/7650319260024064309/detail,北京
职能,字节跳动,2026-08-24T18:43:44+00:00,bytedance:7650316040949860661,2026-08-24T21:20:16+00:00,2026-06-12T01:41:32+00:00,运营,字节跳动招聘,实习,国际电商采购助理实习生-TikTok Shop,https://jobs.bytedance.com/campus/position/7650316040949860661/detail,上海
运营,字节跳动,2026-08-24T18:43:44+00:00,bytedance:7650315004910422325,2026-08-24T21:20:16+00:00,2026-06-12T01:33:27+00:00,运营,字节跳动招聘,实习,广告策略实习生-TikTok Shop,https://jobs.bytedance.com/campus/position/7650315004910422325/detail,上海
商业分析,字节跳动,2026-08-24T18:43:44+00:00,bytedance:7650076678891637045,2026-08-24T21:20:16+00:00,2026-06-11T10:09:02+00:00,运营,字节跳动招聘,实习,众包数据分析实习生-内容质量与数据服务平台,https://jobs.bytedance.com/campus/position/7650076678891637045/detail,北京
产品,字节跳动,2026-08-24T18:43:44+00:00,bytedance:7650002231509731637,2026-08-24T21:20:16+00:00,2026-06-11T05:24:40+00:00,产品,字节跳动招聘,实习,内容策略产品实习生-今日头条,https://jobs.bytedance.com/campus/position/7650002231509731637/detail,北京
运营,字节跳动,2026-08-24T18:43:44+00:00,bytedance:7649974126987184437,2026-08-24T21:20:16+00:00,2026-06-11T03:27:33+00:00,运营,字节跳动招聘,实习,广告产品运营实习生-Pangle,https://jobs.bytedance.com/campus/position/7649974126987184437/detail,深圳
运营,字节跳动,2026-08-24T18:43:44+00:00,bytedance:7649708671724112181,2026-08-24T21:20:16+00:00,2026-06-10T10:19:52+00:00,用户运营,字节跳动招聘,实习,短剧内容策略实习生-TikTok,https://jobs.bytedance.com/campus/position/7649708671724112181/detail,北京
产品,字节跳动,2026-08-24T18:43:44+00:00,bytedance:7649699466173974789,2026-08-24T21:20:16+00:00,2026-06-10T09:41:24+00:00,产品,字节跳动招聘,实习,AI策略产品实习生-中国交易与广告,https://jobs.bytedance.com/campus/position/7649699466173974789/detail,上海
设计,字节跳动,2026-08-24T18:43:44+00:00,bytedance:7649673972028590341,2026-08-24T21:20:16+00:00,2026-06-10T08:02:17+00:00,设计,字节跳动招聘,实习,AI产品设计实习生-TikTok设计,https://jobs.bytedance.com/campus/position/7649673972028590341/detail,上海 | 北京
设计,字节跳动,2026-08-24T18:43:44+00:00,bytedance:7649662746254903605,2026-08-24T21:20:16+00:00,2026-06-10T07:18:20+00:00,设计,字节跳动招聘,实习,创意设计实习生-TikTok设计,https://jobs.bytedance.com/campus/position/7649662746254903605/detail,北京
职能,字节跳动,2026-08-24T18:43:44+00:00,bytedance:7649648584650737925,2026-08-24T21:20:16+00:00,2026-06-10T06:26:46+00:00,职能 / 支持,字节跳动招聘,实习,招聘（国际化方向）实习生-飞书,https://jobs.bytedance.com/campus/position/7649648584650737925/detail,上海
运营,字节跳动,2026-08-24T18:43:44+00:00,bytedance:7649609976908302597,2026-08-24T21:20:16+00:00,2026-06-10T03:57:14+00:00,运营,字节跳动招聘,实习,电商机审大模型运营实习生-商业生态与安全,https://jobs.bytedance.com/campus/position/7649609976908302597/detail,成都
运营,字节跳动,2026-08-24T18:43:44+00:00,bytedance:7649610609290676533,2026-08-24T21:20:16+00:00,2026-06-10T03:56:22+00:00,运营,字节跳动招聘,实习,电商机审大模型运营实习生-商业生态与安全,https://jobs.bytedance.com/campus/position/7649610609290676533/detail,北京
运营,字节跳动,2026-08-24T18:43:44+00:00,bytedance:7649602346378103045,2026-08-24T21:20:16+00:00,2026-06-10T03:24:09+00:00,运营,字节跳动招聘,实习,生态策略运营实习生-抖音生态,https://jobs.bytedance.com/campus/position/7649602346378103045/detail,北京
运营,字节跳动,2026-08-24T18:43:44+00:00,bytedance:7649330501635918085,2026-08-24T21:20:16+00:00,2026-06-09T09:50:55+00:00,运营,字节跳动招聘,实习,商家产品运营实习生-TikTok Shop,https://jobs.bytedance.com/campus/position/7649330501635918085/detail,上海
运营,字节跳动,2026-08-24T18:43:44+00:00,bytedance:7649304561039231237,2026-08-24T21:20:16+00:00,2026-06-09T08:09:03+00:00,运营,字节跳动招聘,实习,大模型数据技术（CodingAgent方向）实习生-AI数据与安全,https://jobs.bytedance.com/campus/position/7649304561039231237/detail,北京
产品,字节跳动,2026-08-24T18:43:44+00:00,bytedance:7649291386321111301,2026-08-24T21:20:16+00:00,2026-06-09T07:19:33+00:00,产品,字节跳动招聘,实习,支付风控策略实习生-国际支付,https://jobs.bytedance.com/campus/position/7649291386321111301/detail,上海
运营,字节跳动,2026-08-24T18:43:44+00:00,bytedance:7649260496193407285,2026-08-24T21:20:16+00:00,2026-06-09T05:17:29+00:00,用户运营,字节跳动招聘,实习,产品运营实习生-TikTok,https://jobs.bytedance.com/campus/position/7649260496193407285/detail,上海
产品,字节跳动,2026-08-24T18:43:44+00:00,bytedance:7649224999698614533,2026-08-24T21:20:16+00:00,2026-06-09T03:01:45+00:00,产品,字节跳动招聘,实习,支付风控策略实习生-国际支付,https://jobs.bytedance.com/campus/position/7649224999698614533/detail,上海
运营,字节跳动,2026-08-24T18:43:44+00:00,bytedance:7649032155931167029,2026-08-24T21:20:16+00:00,2026-06-08T14:40:05+00:00,产品,字节跳动招聘,实习,AI产品运营实习生-抖音服务架构,https://jobs.bytedance.com/campus/position/7649032155931167029/detail,北京
商务,字节跳动,2026-08-24T18:43:44+00:00,bytedance:7649005097564834101,2026-08-24T21:20:16+00:00,2026-06-08T12:47:27+00:00,产品经理,字节跳动招聘,实习,豆包AI大模型产品解决方案实习生 - Data AML,https://jobs.bytedance.com/campus/position/7649005097564834101/detail,上海
运营,字节跳动,2026-08-24T18:43:44+00:00,bytedance:7648971524616374533,2026-08-24T21:20:16+00:00,2026-06-08T10:36:59+00:00,运营,字节跳动招聘,实习,生态策略运营实习生-抖音生态,https://jobs.bytedance.com/campus/position/7648971524616374533/detail,北京
市场,字节跳动,2026-08-24T18:43:44+00:00,bytedance:7648960582272665909,2026-08-24T21:20:16+00:00,2026-06-08T09:56:49+00:00,产品经理,字节跳动招聘,实习,推荐产品（英国及欧洲市场）实习生-TikTok Shop,https://jobs.bytedance.com/campus/position/7648960582272665909/detail,北京
产品,字节跳动,2026-08-24T18:43:44+00:00,bytedance:7648949984417319173,2026-08-24T21:20:16+00:00,2026-06-08T09:12:53+00:00,产品,字节跳动招聘,实习,商品供给产品实习生-TikTok Shop,https://jobs.bytedance.com/campus/position/7648949984417319173/detail,珠海
产品,字节跳动,2026-08-24T18:43:44+00:00,bytedance:7648929078736783621,2026-08-24T21:20:16+00:00,2026-06-08T07:52:42+00:00,产品经理,字节跳动招聘,实习,AI产品实习生（音视频方向）-飞书,https://jobs.bytedance.com/campus/position/7648929078736783621/detail,上海
职能,字节跳动,2026-08-24T18:43:44+00:00,bytedance:7648922228759513349,2026-08-24T21:20:16+00:00,2026-06-08T07:25:20+00:00,职能 / 支持,字节跳动招聘,实习,高招实习生-管理研究院,https://jobs.bytedance.com/campus/position/7648922228759513349/detail,上海
运营,字节跳动,2026-08-24T18:43:44+00:00,bytedance:7648866993330178309,2026-08-24T21:20:16+00:00,2026-06-08T03:53:22+00:00,运营,字节跳动招聘,实习,区域运营实习生-抖音生活服务,https://jobs.bytedance.com/campus/position/7648866993330178309/detail,成都
设计,字节跳动,2026-08-24T18:43:44+00:00,bytedance:7648866331890731317,2026-08-24T21:20:16+00:00,2026-06-08T03:48:05+00:00,设计,字节跳动招聘,实习,产品设计（AI方向）实习生-TikTok Shop,https://jobs.bytedance.com/campus/position/7648866331890731317/detail,上海
产品,字节跳动,2026-08-24T18:43:44+00:00,bytedance:7648858602490906885,2026-08-24T21:20:16+00:00,2026-06-08T03:18:08+00:00,产品,字节跳动招聘,实习,智能产品实习生-体验与服务,https://jobs.bytedance.com/campus/position/7648858602490906885/detail,成都
职能,字节跳动,2026-08-24T18:43:44+00:00,bytedance:7648851573913405749,2026-08-24T21:20:16+00:00,2026-06-08T02:51:30+00:00,职能 / 支持,字节跳动招聘,实习,成本管理实习生-Corporate Services,https://jobs.bytedance.com/campus/position/7648851573913405749/detail,北京
运营,字节跳动,2026-08-24T18:43:44+00:00,bytedance:7648665281287948597,2026-08-24T21:20:16+00:00,2026-06-07T14:47:46+00:00,运营,字节跳动招聘,实习,UK/EU定价和补贴策略实习生-TikTok Shop,https://jobs.bytedance.com/campus/position/7648665281287948597/detail,上海
运营,字节跳动,2026-08-24T18:43:44+00:00,bytedance:7648662438347950341,2026-08-24T21:20:16+00:00,2026-06-07T14:36:42+00:00,运营,字节跳动招聘,实习,商家运营实习生-TikTok Shop,https://jobs.bytedance.com/campus/position/7648662438347950341/detail,上海
运营,字节跳动,2026-08-24T18:43:44+00:00,bytedance:7647853756434204933,2026-08-24T21:20:16+00:00,2026-06-05T10:21:01+00:00,运营,字节跳动招聘,实习,产品运营实习生-Pangle,https://jobs.bytedance.com/campus/position/7647853756434204933/detail,北京
产品,字节跳动,2026-08-24T18:43:44+00:00,bytedance:7647821102536755461,2026-08-24T21:20:16+00:00,2026-06-05T08:14:46+00:00,产品,字节跳动招聘,实习,策略数据实习生-国际支付,https://jobs.bytedance.com/campus/position/7647821102536755461/detail,上海
产品,字节跳动,2026-08-24T18:43:44+00:00,bytedance:7647814176806848821,2026-08-24T21:20:16+00:00,2026-06-05T07:46:50+00:00,产品,字节跳动招聘,实习,金融风控产品实习生-国际支付,https://jobs.bytedance.com/campus/position/7647814176806848821/detail,北京
产品,字节跳动,2026-08-24T18:43:44+00:00,bytedance:7647790309368187189,2026-08-24T21:20:16+00:00,2026-06-05T06:14:28+00:00,产品经理,字节跳动招聘,实习,豆包AI大模型产品实习生-Data AML,https://jobs.bytedance.com/campus/position/7647790309368187189/detail,杭州
职能,字节跳动,2026-08-24T18:43:44+00:00,bytedance:7647781784195352837,2026-08-24T21:20:16+00:00,2026-06-05T05:39:23+00:00,人力,字节跳动招聘,实习,招聘实习生-抖音,https://jobs.bytedance.com/campus/position/7647781784195352837/detail,上海
运营,字节跳动,2026-08-24T18:43:44+00:00,bytedance:7647764906296838453,2026-08-24T21:20:16+00:00,2026-06-05T04:36:10+00:00,运营,字节跳动招聘,实习,豆包AI大模型内容安全策略运营实习生-火山方舟,https://jobs.bytedance.com/campus/position/7647764906296838453/detail,北京
运营,字节跳动,2026-08-24T18:43:44+00:00,bytedance:7647743224666540293,2026-08-24T21:20:16+00:00,2026-06-05T03:09:48+00:00,运营,字节跳动招聘,实习,用户运营实习生-抖音UGC,https://jobs.bytedance.com/campus/position/7647743224666540293/detail,北京
产品,字节跳动,2026-08-24T18:43:44+00:00,bytedance:7647516716083792181,2026-08-24T21:20:16+00:00,2026-06-04T12:31:46+00:00,产品经理,字节跳动招聘,实习,AI产品实习生 - TikTok Shop,https://jobs.bytedance.com/campus/position/7647516716083792181/detail,上海
运营,字节跳动,2026-08-24T18:43:44+00:00,bytedance:7647475813626677509,2026-08-24T21:20:16+00:00,2026-06-04T09:56:37+00:00,运营,字节跳动招聘,实习,运营效能实习生-抖音UGC,https://jobs.bytedance.com/campus/position/7647475813626677509/detail,北京
战略,字节跳动,2026-08-24T18:43:44+00:00,bytedance:7647426657532184885,2026-08-24T21:20:16+00:00,2026-06-04T06:42:07+00:00,战略,字节跳动招聘,实习,数据分析&行业研究实习生-广告业务,https://jobs.bytedance.com/campus/position/7647426657532184885/detail,上海
产品,字节跳动,2026-08-24T18:43:44+00:00,bytedance:7647369877778762037,2026-08-24T21:20:16+00:00,2026-06-04T03:01:43+00:00,产品经理,字节跳动招聘,实习,豆包语音大模型策略产品实习生 - Data语音,https://jobs.bytedance.com/campus/position/7647369877778762037/detail,深圳
运营,字节跳动,2026-08-24T18:43:44+00:00,bytedance:7647160049617635637,2026-08-24T21:20:16+00:00,2026-06-03T13:28:15+00:00,运营,字节跳动招聘,实习,新闻垂类产品运营实习生-TikTok,https://jobs.bytedance.com/campus/position/7647160049617635637/detail,北京
设计,字节跳动,2026-08-24T18:43:44+00:00,bytedance:7647101516600183093,2026-08-24T21:20:16+00:00,2026-06-03T09:43:33+00:00,游戏美术,字节跳动招聘,实习,游戏场景原画设计实习生-Glow Studio,https://jobs.bytedance.com/campus/position/7647101516600183093/detail,广州
销售,字节跳动,2026-08-24T18:43:44+00:00,bytedance:7647000977224878341,2026-08-24T21:20:16+00:00,2026-06-03T03:10:16+00:00,销售,字节跳动招聘,实习,产品业务架构实习生-数据平台,https://jobs.bytedance.com/campus/position/7647000977224878341/detail,北京
产品,字节跳动,2026-08-24T18:43:44+00:00,bytedance:7646993611674044725,2026-08-24T21:20:16+00:00,2026-06-03T02:40:50+00:00,产品,字节跳动招聘,实习,广告策略产品实习生-广告业务,https://jobs.bytedance.com/campus/position/7646993611674044725/detail,上海
产品,字节跳动,2026-08-24T18:43:44+00:00,bytedance:7646992764920760581,2026-08-24T21:20:16+00:00,2026-06-03T02:39:50+00:00,产品,字节跳动招聘,实习,广告策略产品实习生-广告业务,https://jobs.bytedance.com/campus/position/7646992764920760581/detail,北京
运营,字节跳动,2026-08-24T18:43:44+00:00,bytedance:7646989738889316661,2026-08-24T21:20:16+00:00,2026-06-03T02:25:48+00:00,运营,字节跳动招聘,实习,校园内容运营实习生-抖音UGC,https://jobs.bytedance.com/campus/position/7646989738889316661/detail,北京
产品,字节跳动,2026-08-24T18:43:44+00:00,bytedance:7646692656399927557,2026-08-24T21:20:16+00:00,2026-06-02T07:16:55+00:00,产品,字节跳动招聘,实习,支付风控产品实习生-国际支付,https://jobs.bytedance.com/campus/position/7646692656399927557/detail,北京
产品,字节跳动,2026-08-24T18:43:44+00:00,bytedance:7646687212493195525,2026-08-24T21:20:16+00:00,2026-06-02T06:53:02+00:00,产品,字节跳动招聘,实习,AI策略产品实习生-抖音电商,https://jobs.bytedance.com/campus/position/7646687212493195525/detail,北京
产品,字节跳动,2026-08-24T18:43:44+00:00,bytedance:7646684300608522549,2026-08-24T21:20:16+00:00,2026-06-02T06:42:21+00:00,产品,字节跳动招聘,实习,豆包AI大模型产品（Viking AI搜索方向）实习生-火山方舟,https://jobs.bytedance.com/campus/position/7646684300608522549/detail,上海
产品,字节跳动,2026-08-24T18:43:44+00:00,bytedance:7646677407126309125,2026-08-24T21:20:16+00:00,2026-06-02T06:14:00+00:00,产品,字节跳动招聘,实习,AI策略产品实习生-抖音电商,https://jobs.bytedance.com/campus/position/7646677407126309125/detail,杭州
运营,字节跳动,2026-08-24T18:43:44+00:00,bytedance:7646674848618842421,2026-08-24T21:20:16+00:00,2026-06-02T06:05:43+00:00,产品运营,字节跳动招聘,实习,豆包AI大模型资源管理与运营实习生-火山方舟,https://jobs.bytedance.com/campus/position/7646674848618842421/detail,北京
产品,字节跳动,2026-08-24T18:43:44+00:00,bytedance:7646638500473637173,2026-08-24T21:20:16+00:00,2026-06-02T03:45:13+00:00,产品,字节跳动招聘,实习,AI创作产品实习生-AI创新业务,https://jobs.bytedance.com/campus/position/7646638500473637173/detail,北京
产品,字节跳动,2026-08-24T18:43:44+00:00,bytedance:7646638220079548725,2026-08-24T21:20:16+00:00,2026-06-02T03:41:57+00:00,产品,字节跳动招聘,实习,支付产品实习生-国际支付,https://jobs.bytedance.com/campus/position/7646638220079548725/detail,上海
产品,字节跳动,2026-08-24T18:43:44+00:00,bytedance:7646637171362646277,2026-08-24T21:20:16+00:00,2026-06-02T03:39:39+00:00,产品,字节跳动招聘,实习,支付产品实习生-国际支付,https://jobs.bytedance.com/campus/position/7646637171362646277/detail,北京
运营,字节跳动,2026-08-24T18:43:44+00:00,bytedance:7646630554260097285,2026-08-24T21:20:16+00:00,2026-06-02T03:13:10+00:00,产品经理,字节跳动招聘,实习,运营（路网数据方向）实习生-业务中台,https://jobs.bytedance.com/campus/position/7646630554260097285/detail,北京
运营,字节跳动,2026-08-24T18:43:44+00:00,bytedance:7646630359173679413,2026-08-24T21:20:16+00:00,2026-06-02T03:12:03+00:00,产品经理,字节跳动招聘,实习,运营实习生（路网数据方向）-业务中台,https://jobs.bytedance.com/campus/position/7646630359173679413/detail,上海
产品,字节跳动,2026-08-24T18:43:44+00:00,bytedance:7646627036995389749,2026-08-24T21:20:16+00:00,2026-06-02T02:58:18+00:00,产品经理,字节跳动招聘,实习,产品实习生（路网数据方向）-业务中台,https://jobs.bytedance.com/campus/position/7646627036995389749/detail,上海
产品,字节跳动,2026-08-24T18:43:44+00:00,bytedance:7646626640881682741,2026-08-24T21:20:16+00:00,2026-06-02T02:57:07+00:00,产品经理,字节跳动招聘,实习,产品实习生（路网数据方向）-业务中台,https://jobs.bytedance.com/campus/position/7646626640881682741/detail,北京
产品,字节跳动,2026-08-24T18:43:44+00:00,bytedance:7646363875018279221,2026-08-24T21:20:16+00:00,2026-06-01T09:59:13+00:00,产品经理,字节跳动招聘,实习,AI产品实习生（AI分身）-抖音社交与互动,https://jobs.bytedance.com/campus/position/7646363875018279221/detail,深圳
战略,字节跳动,2026-08-24T18:43:44+00:00,bytedance:7646353807937063221,2026-08-24T21:20:16+00:00,2026-06-01T09:18:15+00:00,运营,字节跳动招聘,实习,战略（UK&EU）实习生-TikTok Shop,https://jobs.bytedance.com/campus/position/7646353807937063221/detail,上海
运营,字节跳动,2026-08-24T18:43:44+00:00,bytedance:7646343916603574533,2026-08-24T21:20:16+00:00,2026-06-01T08:42:26+00:00,运营,字节跳动招聘,实习,内容策略和运营（AI资讯方向）实习生-语言中心,https://jobs.bytedance.com/campus/position/7646343916603574533/detail,北京
增长,字节跳动,2026-08-24T18:43:44+00:00,bytedance:7646339081601206581,2026-08-24T21:20:16+00:00,2026-06-01T08:22:13+00:00,运营,字节跳动招聘,实习,商业化规模增长行业运营实习生-国际化中小企业客户产品,https://jobs.bytedance.com/campus/position/7646339081601206581/detail,北京
运营,字节跳动,2026-08-24T18:43:44+00:00,bytedance:7646338797807700229,2026-08-24T21:20:16+00:00,2026-06-01T08:22:08+00:00,运营,字节跳动招聘,实习,AI数据技术（ToB方向）实习生-AI数据与安全,https://jobs.bytedance.com/campus/position/7646338797807700229/detail,北京
项目管理,字节跳动,2026-08-24T18:43:44+00:00,bytedance:7646333359266908469,2026-08-24T21:20:16+00:00,2026-06-01T08:01:40+00:00,项目管理,字节跳动招聘,实习,硬件加速软件项目管理实习生-芯片研发,https://jobs.bytedance.com/campus/position/7646333359266908469/detail,北京
运营,字节跳动,2026-08-24T18:43:44+00:00,bytedance:7646332661594917173,2026-08-24T21:20:16+00:00,2026-06-01T07:55:58+00:00,运营,字节跳动招聘,实习,商家治理运营（AI方向）实习生-TikTok Shop,https://jobs.bytedance.com/campus/position/7646332661594917173/detail,北京
运营,字节跳动,2026-08-24T18:43:44+00:00,bytedance:7646331043619932469,2026-08-24T21:20:16+00:00,2026-06-01T07:49:42+00:00,运营,字节跳动招聘,实习,内容与达人治理策略运营实习生-TikTok Shop,https://jobs.bytedance.com/campus/position/7646331043619932469/detail,杭州
运营,字节跳动,2026-08-24T18:43:44+00:00,bytedance:7646329248475564341,2026-08-24T21:20:16+00:00,2026-06-01T07:45:17+00:00,运营,字节跳动招聘,实习,内容与达人治理策略运营实习生-TikTok Shop,https://jobs.bytedance.com/campus/position/7646329248475564341/detail,上海
运营,字节跳动,2026-08-24T18:43:44+00:00,bytedance:7646324371711805701,2026-08-24T21:20:16+00:00,2026-06-01T07:23:49+00:00,运营,字节跳动招聘,实习,治理体验运营实习生-TikTok Shop,https://jobs.bytedance.com/campus/position/7646324371711805701/detail,上海
运营,字节跳动,2026-08-24T18:43:44+00:00,bytedance:7646323603531221253,2026-08-24T21:20:16+00:00,2026-06-01T07:21:29+00:00,运营,字节跳动招聘,实习,内容与达人治理策略运营实习生-TikTok Shop,https://jobs.bytedance.com/campus/position/7646323603531221253/detail,上海
运营,字节跳动,2026-08-24T18:43:44+00:00,bytedance:7646317387176954165,2026-08-24T21:20:16+00:00,2026-06-01T06:57:14+00:00,运营,字节跳动招聘,实习,平台治理运营（AI向）实习生-TikTok Shop,https://jobs.bytedance.com/campus/position/7646317387176954165/detail,上海
运营,字节跳动,2026-08-24T18:43:44+00:00,bytedance:7646315458501265717,2026-08-24T21:20:16+00:00,2026-06-01T06:49:15+00:00,运营,字节跳动招聘,实习,平台治理运营（AI向）实习生-TikTok Shop,https://jobs.bytedance.com/campus/position/7646315458501265717/detail,上海
战略,字节跳动,2026-08-24T18:43:44+00:00,bytedance:7646307552893389061,2026-08-24T21:20:16+00:00,2026-06-01T06:20:09+00:00,运营,字节跳动招聘,实习,战略（LATAM）实习生-TikTok Shop,https://jobs.bytedance.com/campus/position/7646307552893389061/detail,上海
市场,字节跳动,2026-08-24T18:43:44+00:00,bytedance:7646259402387278133,2026-08-24T21:20:16+00:00,2026-06-01T03:13:23+00:00,市场,字节跳动招聘,实习,技术文档实习生,https://jobs.bytedance.com/campus/position/7646259402387278133/detail,上海
产品,字节跳动,2026-08-24T18:43:44+00:00,bytedance:7645238283556194613,2026-08-24T21:20:16+00:00,2026-05-29T09:12:39+00:00,产品,字节跳动招聘,实习,AI知识助手（海外）产品实习生-火山方舟,https://jobs.bytedance.com/campus/position/7645238283556194613/detail,上海
产品,字节跳动,2026-08-24T18:43:44+00:00,bytedance:7645233189305813253,2026-08-24T21:20:16+00:00,2026-05-29T08:50:40+00:00,产品,字节跳动招聘,实习,豆包AI大模型产品实习生（Viking AI搜索方向）-火山方舟,https://jobs.bytedance.com/campus/position/7645233189305813253/detail,北京
运营,字节跳动,2026-08-24T18:43:44+00:00,bytedance:7645219082316925189,2026-08-24T21:20:16+00:00,2026-05-29T07:54:54+00:00,运营,字节跳动招聘,实习,TikTok效果广告产品策略与运营实习生-Global Business Solutions,https://jobs.bytedance.com/campus/position/7645219082316925189/detail,北京
运营,字节跳动,2026-08-24T18:43:44+00:00,bytedance:7645156726753151285,2026-08-24T21:20:16+00:00,2026-05-29T03:53:12+00:00,运营,字节跳动招聘,实习,泰语运营实习生-国际化内容社区,https://jobs.bytedance.com/campus/position/7645156726753151285/detail,上海
运营,字节跳动,2026-08-24T18:43:44+00:00,bytedance:7645137406270064949,2026-08-24T21:20:16+00:00,2026-05-29T02:39:33+00:00,运营,字节跳动招聘,实习,商家赋能实习生-抖音生活服务,https://jobs.bytedance.com/campus/position/7645137406270064949/detail,北京
职能,字节跳动,2026-08-24T18:43:44+00:00,bytedance:7644886524227799349,2026-08-24T21:20:16+00:00,2026-05-28T10:24:09+00:00,人力,字节跳动招聘,实习,招聘实习生-AI数据与安全,https://jobs.bytedance.com/campus/position/7644886524227799349/detail,北京
运营,字节跳动,2026-08-24T18:43:44+00:00,bytedance:7644874611956484405,2026-08-24T21:20:16+00:00,2026-05-28T09:39:09+00:00,运营,字节跳动招聘,实习,大模型安全策略运营实习生-内容质量与数据服务平台,https://jobs.bytedance.com/campus/position/7644874611956484405/detail,北京
增长,字节跳动,2026-08-24T18:43:44+00:00,bytedance:7644859134374480181,2026-08-24T21:20:16+00:00,2026-05-28T08:38:05+00:00,产品,字节跳动招聘,实习,商家发品增长产品实习生 - TikTok Shop,https://jobs.bytedance.com/campus/position/7644859134374480181/detail,北京
产品,字节跳动,2026-08-24T19:23:31+00:00,bytedance:7644789360145762565,2026-08-24T21:20:16+00:00,2026-05-28T04:07:20+00:00,游戏系统策划,字节跳动招聘,实习,游戏策划（AI游戏方向）实习生 - 江南工作室,https://jobs.bytedance.com/campus/position/7644789360145762565/detail,杭州
运营,字节跳动,2026-08-24T18:43:44+00:00,bytedance:7644786522472810757,2026-08-24T21:20:16+00:00,2026-05-28T03:57:20+00:00,产品运营,字节跳动招聘,实习,大模型数据生产/分析（通用方向）实习生-AI数据与安全,https://jobs.bytedance.com/campus/position/7644786522472810757/detail,北京
运营,字节跳动,2026-08-24T18:43:44+00:00,bytedance:7644781345340786949,2026-08-24T21:20:16+00:00,2026-05-28T03:37:50+00:00,运营,字节跳动招聘,实习,贷后AI运营（马来语）实习生-国际支付,https://jobs.bytedance.com/campus/position/7644781345340786949/detail,上海
产品,字节跳动,2026-08-24T18:43:44+00:00,bytedance:7644770781558229253,2026-08-24T21:20:16+00:00,2026-05-28T02:55:14+00:00,产品,字节跳动招聘,实习,世界模型训练产品实习生-AI数据与安全,https://jobs.bytedance.com/campus/position/7644770781558229253/detail,北京
市场,字节跳动,2026-08-24T18:43:44+00:00,bytedance:7644760915019450677,2026-08-24T21:20:16+00:00,2026-05-28T02:17:35+00:00,商业运营,字节跳动招聘,实习,市场活动运营实习生-商业化,https://jobs.bytedance.com/campus/position/7644760915019450677/detail,上海
战略,字节跳动,2026-08-24T18:43:44+00:00,bytedance:7644518283492477237,2026-08-24T21:20:16+00:00,2026-05-27T10:38:40+00:00,产品运营,字节跳动招聘,实习,AI技术战略实习生 - TikTok泛架构,https://jobs.bytedance.com/campus/position/7644518283492477237/detail,上海
产品,字节跳动,2026-08-24T18:43:44+00:00,bytedance:7644514167491676421,2026-08-24T21:20:16+00:00,2026-05-27T10:20:56+00:00,产品,字节跳动招聘,实习,模型策略产品实习生-广告业务,https://jobs.bytedance.com/campus/position/7644514167491676421/detail,北京
产品,字节跳动,2026-08-24T18:43:44+00:00,bytedance:7644470105535580421,2026-08-24T21:20:16+00:00,2026-05-27T07:28:39+00:00,产品,字节跳动招聘,实习,大模型策略产品实习生（办公方向）-豆包,https://jobs.bytedance.com/campus/position/7644470105535580421/detail,北京
运营,字节跳动,2026-08-24T18:43:44+00:00,bytedance:7644415513669781813,2026-08-24T21:20:16+00:00,2026-05-27T03:57:14+00:00,产品,字节跳动招聘,实习,审核Agent运营实习生-剪映CapCut,https://jobs.bytedance.com/campus/position/7644415513669781813/detail,北京
运营,字节跳动,2026-08-24T18:43:44+00:00,bytedance:7644402208706283829,2026-08-24T21:20:16+00:00,2026-05-27T03:05:10+00:00,运营,字节跳动招聘,实习,内容产品运营实习生-TikTok Shop,https://jobs.bytedance.com/campus/position/7644402208706283829/detail,北京
职能,字节跳动,2026-08-24T18:43:44+00:00,bytedance:7644181525084735797,2026-08-24T21:20:16+00:00,2026-05-26T12:54:50+00:00,人力,字节跳动招聘,实习,HR实习生-剪映,https://jobs.bytedance.com/campus/position/7644181525084735797/detail,上海
商业分析,字节跳动,2026-08-24T19:23:31+00:00,bytedance:7644128620855789877,2026-08-24T21:20:16+00:00,2026-05-26T09:24:21+00:00,数据分析,字节跳动招聘,实习,数据分析实习生-抖音电商,https://jobs.bytedance.com/campus/position/7644128620855789877/detail,上海
运营,字节跳动,2026-08-24T18:43:44+00:00,bytedance:7644114916102326533,2026-08-24T21:20:16+00:00,2026-05-26T08:31:42+00:00,运营,字节跳动招聘,实习,贷后AI运营（泰语）实习生-国际支付,https://jobs.bytedance.com/campus/position/7644114916102326533/detail,上海
运营,字节跳动,2026-08-24T18:43:44+00:00,bytedance:7644094289911777589,2026-08-24T21:20:16+00:00,2026-05-26T07:12:08+00:00,运营,字节跳动招聘,实习,AI音乐运营实习生-番茄畅听,https://jobs.bytedance.com/campus/position/7644094289911777589/detail,北京
运营,字节跳动,2026-08-24T18:43:44+00:00,bytedance:7644092813516638517,2026-08-24T21:20:16+00:00,2026-05-26T07:05:50+00:00,运营,字节跳动招聘,实习,耐消行业运营实习生-TikTok Shop,https://jobs.bytedance.com/campus/position/7644092813516638517/detail,上海
运营,字节跳动,2026-08-24T18:43:44+00:00,bytedance:7644091167508187445,2026-08-24T21:20:16+00:00,2026-05-26T06:58:26+00:00,运营,字节跳动招聘,实习,行业策略实习生-TikTok,https://jobs.bytedance.com/campus/position/7644091167508187445/detail,上海
产品,字节跳动,2026-08-24T18:43:44+00:00,bytedance:7644079501035571509,2026-08-24T21:20:16+00:00,2026-05-26T06:12:35+00:00,产品,字节跳动招聘,实习,推荐产品实习生-TikTok Shop,https://jobs.bytedance.com/campus/position/7644079501035571509/detail,上海
产品,字节跳动,2026-08-24T18:43:44+00:00,bytedance:7644045167175715125,2026-08-24T21:20:16+00:00,2026-05-26T04:01:22+00:00,产品,字节跳动招聘,实习,AI Builder产品实习生-隐私和数据保护办公室,https://jobs.bytedance.com/campus/position/7644045167175715125/detail,上海
产品,字节跳动,2026-08-24T18:43:44+00:00,bytedance:7643771005284600069,2026-08-24T21:20:16+00:00,2026-05-25T10:19:07+00:00,产品,字节跳动招聘,实习,AI时尚顾问实习生-广告业务,https://jobs.bytedance.com/campus/position/7643771005284600069/detail,北京
设计,字节跳动,2026-08-24T18:43:44+00:00,bytedance:7643760662740519221,2026-08-24T21:20:16+00:00,2026-05-25T09:35:25+00:00,运营,字节跳动招聘,实习,AI游戏设计与运营实习生-抖音社交与互动,https://jobs.bytedance.com/campus/position/7643760662740519221/detail,深圳
运营,字节跳动,2026-08-24T18:43:44+00:00,bytedance:7643758288661104949,2026-08-24T21:20:16+00:00,2026-05-25T09:27:29+00:00,运营,字节跳动招聘,实习,AI音乐运营实习生-番茄畅听,https://jobs.bytedance.com/campus/position/7643758288661104949/detail,北京
运营,字节跳动,2026-08-24T18:43:44+00:00,bytedance:7643687903466735925,2026-08-24T21:20:16+00:00,2026-05-25T04:59:55+00:00,职能 / 支持,字节跳动招聘,实习,库存运营管理实习生-算力数据中心与供应链,https://jobs.bytedance.com/campus/position/7643687903466735925/detail,深圳
增长,字节跳动,2026-08-24T18:43:44+00:00,bytedance:7643674229564868869,2026-08-24T21:20:16+00:00,2026-05-25T04:00:02+00:00,产品,字节跳动招聘,实习,Agent产品实习生 - 抖音增长,https://jobs.bytedance.com/campus/position/7643674229564868869/detail,北京
设计,字节跳动,2026-08-24T18:43:44+00:00,bytedance:7643651836217493813,2026-08-24T21:20:16+00:00,2026-05-25T02:34:21+00:00,产品经理,字节跳动招聘,实习,AI搜索产品（视觉搜索方向）实习生-TikTok,https://jobs.bytedance.com/campus/position/7643651836217493813/detail,北京
运营,字节跳动,2026-08-24T18:43:44+00:00,bytedance:7643477846787754245,2026-08-24T21:20:16+00:00,2026-05-24T15:21:45+00:00,运营,字节跳动招聘,实习,活动运营实习生-TikTok Shop,https://jobs.bytedance.com/campus/position/7643477846787754245/detail,上海
运营,字节跳动,2026-08-24T18:43:44+00:00,bytedance:7643474401876642053,2026-08-24T21:20:16+00:00,2026-05-24T15:13:43+00:00,产品,字节跳动招聘,实习,短视频运营策略实习生-TikTok Shop,https://jobs.bytedance.com/campus/position/7643474401876642053/detail,上海
运营,字节跳动,2026-08-24T18:43:44+00:00,bytedance:7642662750936500485,2026-08-24T21:20:16+00:00,2026-05-22T10:39:42+00:00,运营,字节跳动招聘,实习,英欧Fashion行业运营实习生-TikTok Shop - TikTok Shop,https://jobs.bytedance.com/campus/position/7642662750936500485/detail,上海
产品,字节跳动,2026-08-24T18:43:44+00:00,bytedance:7642612019191515445,2026-08-24T21:20:16+00:00,2026-05-22T07:19:46+00:00,产品,字节跳动招聘,实习,世界模型训练产品实习生-AI数据与安全,https://jobs.bytedance.com/campus/position/7642612019191515445/detail,北京
运营,字节跳动,2026-08-24T18:43:44+00:00,bytedance:7642543568327215413,2026-08-24T21:20:16+00:00,2026-05-22T02:52:38+00:00,运营,字节跳动招聘,实习,电商内容策略运营实习生-TikTok Shop,https://jobs.bytedance.com/campus/position/7642543568327215413/detail,深圳
运营,字节跳动,2026-08-24T18:43:44+00:00,bytedance:7642307639204104501,2026-08-24T21:20:16+00:00,2026-05-21T11:40:34+00:00,运营,字节跳动招聘,实习,美国FBT商家运营实习生-TikTok Shop,https://jobs.bytedance.com/campus/position/7642307639204104501/detail,深圳
运营,字节跳动,2026-08-24T18:43:44+00:00,bytedance:7642166886956894469,2026-08-24T21:20:16+00:00,2026-05-21T02:33:25+00:00,运营,字节跳动招聘,实习,酒旅内容运营实习生-抖音生活服务,https://jobs.bytedance.com/campus/position/7642166886956894469/detail,上海
产品,字节跳动,2026-08-24T18:43:44+00:00,bytedance:7641979186526456069,2026-08-24T21:20:16+00:00,2026-05-20T14:22:27+00:00,产品经理,字节跳动招聘,实习,Aime产品实习生 - Aime,https://jobs.bytedance.com/campus/position/7641979186526456069/detail,上海
产品,字节跳动,2026-08-24T18:43:44+00:00,bytedance:7641955960068180277,2026-08-24T21:20:16+00:00,2026-05-20T12:54:41+00:00,产品,字节跳动招聘,实习,AI产品实习生（游戏方向）-TikTok产品,https://jobs.bytedance.com/campus/position/7641955960068180277/detail,北京
运营,字节跳动,2026-08-24T18:43:44+00:00,bytedance:7641939177035598085,2026-08-24T21:20:16+00:00,2026-05-20T11:47:29+00:00,运营,字节跳动招聘,实习,行业策略运营实习生-TikTok Shop,https://jobs.bytedance.com/campus/position/7641939177035598085/detail,上海
产品,字节跳动,2026-08-24T18:43:44+00:00,bytedance:7641900183356197125,2026-08-24T21:20:16+00:00,2026-05-20T09:16:19+00:00,产品,字节跳动招聘,实习,AI产品实习生（社区与房产）-抖音生活服务,https://jobs.bytedance.com/campus/position/7641900183356197125/detail,北京
产品,字节跳动,2026-08-24T18:43:44+00:00,bytedance:7641871129210833157,2026-08-24T21:20:16+00:00,2026-05-20T07:30:01+00:00,产品经理,字节跳动招聘,实习,平台产品实习生-TikTok Shop,https://jobs.bytedance.com/campus/position/7641871129210833157/detail,杭州
运营,字节跳动,2026-08-24T18:43:44+00:00,bytedance:7641858962520688949,2026-08-24T21:20:16+00:00,2026-05-20T06:35:56+00:00,运营,字节跳动招聘,实习,Beauty&FMCG实习生-TikTok Shop,https://jobs.bytedance.com/campus/position/7641858962520688949/detail,深圳
战略,字节跳动,2026-08-24T18:43:44+00:00,bytedance:7641854198405073205,2026-08-24T21:20:16+00:00,2026-05-20T06:17:31+00:00,运营,字节跳动招聘,实习,战略商业分析实习生-TikTok Shop,https://jobs.bytedance.com/campus/position/7641854198405073205/detail,上海
职能,字节跳动,2026-08-24T18:43:44+00:00,bytedance:7641802028666079541,2026-08-24T21:20:16+00:00,2026-05-20T02:54:54+00:00,行政设施,字节跳动招聘,实习,部门助理实习生-火山引擎,https://jobs.bytedance.com/campus/position/7641802028666079541/detail,北京
运营,字节跳动,2026-08-24T18:43:44+00:00,bytedance:7641596863313791237,2026-08-24T21:20:16+00:00,2026-05-19T13:42:02+00:00,运营,字节跳动招聘,实习,机构运营实习生-TikTok直播,https://jobs.bytedance.com/campus/position/7641596863313791237/detail,深圳
市场,字节跳动,2026-08-24T18:43:44+00:00,bytedance:7641527999201184005,2026-08-24T21:20:16+00:00,2026-05-19T09:13:15+00:00,运营,字节跳动招聘,实习,产品内容营销（AI Agent方向）实习生 - 飞书,https://jobs.bytedance.com/campus/position/7641527999201184005/detail,上海
运营,字节跳动,2026-08-24T18:43:44+00:00,bytedance:7641505819193460997,2026-08-24T21:20:16+00:00,2026-05-19T07:46:35+00:00,运营,字节跳动招聘,实习,大模型应用（内容生态方向）实习生-内容质量与数据服务平台,https://jobs.bytedance.com/campus/position/7641505819193460997/detail,北京
运营,字节跳动,2026-08-24T18:43:44+00:00,bytedance:7641498682083019013,2026-08-24T21:20:16+00:00,2026-05-19T07:19:50+00:00,运营,字节跳动招聘,实习,履约服务策略运营实习生-广告业务,https://jobs.bytedance.com/campus/position/7641498682083019013/detail,上海
运营,字节跳动,2026-08-24T18:43:44+00:00,bytedance:7641486295005907253,2026-08-24T21:20:16+00:00,2026-05-19T06:30:45+00:00,产品运营,字节跳动招聘,实习,语言学实习生-Data语音,https://jobs.bytedance.com/campus/position/7641486295005907253/detail,北京
运营,字节跳动,2026-08-24T18:43:44+00:00,bytedance:7641431496355940661,2026-08-24T21:20:16+00:00,2026-05-19T02:58:34+00:00,运营,字节跳动招聘,实习,客户运营（AI项目）实习生-飞书,https://jobs.bytedance.com/campus/position/7641431496355940661/detail,杭州
运营,字节跳动,2026-08-24T18:43:44+00:00,bytedance:7641430940811774213,2026-08-24T21:20:16+00:00,2026-05-19T02:55:00+00:00,运营,字节跳动招聘,实习,客户运营实习生-飞书,https://jobs.bytedance.com/campus/position/7641430940811774213/detail,北京
产品,字节跳动,2026-08-24T18:43:44+00:00,bytedance:7641229398772140341,2026-08-24T21:20:16+00:00,2026-05-18T13:59:03+00:00,产品,字节跳动招聘,实习,AI应用产品实习生-TikTok直播,https://jobs.bytedance.com/campus/position/7641229398772140341/detail,北京
商务,字节跳动,2026-08-24T18:43:44+00:00,bytedance:7641159145777678645,2026-08-24T21:20:16+00:00,2026-05-18T09:20:02+00:00,运营,字节跳动招聘,实习,解决方案实习生-飞书,https://jobs.bytedance.com/campus/position/7641159145777678645/detail,深圳
商务,字节跳动,2026-08-24T18:43:44+00:00,bytedance:7641150816397904133,2026-08-24T21:20:16+00:00,2026-05-18T08:48:09+00:00,运营,字节跳动招聘,实习,AI商业化策略实习生-飞书,https://jobs.bytedance.com/campus/position/7641150816397904133/detail,北京
运营,字节跳动,2026-08-24T18:43:44+00:00,bytedance:7641070670048659717,2026-08-24T21:20:16+00:00,2026-05-18T03:39:06+00:00,内容运营,字节跳动招聘,实习,内容运营实习生-飞书多维表格,https://jobs.bytedance.com/campus/position/7641070670048659717/detail,深圳
运营,字节跳动,2026-08-24T18:43:44+00:00,bytedance:7641068320796952885,2026-08-24T21:20:16+00:00,2026-05-18T03:27:41+00:00,产品运营,字节跳动招聘,实习,商家产品运营实习生-抖音生活服务,https://jobs.bytedance.com/campus/position/7641068320796952885/detail,北京
产品,字节跳动,2026-08-24T18:43:44+00:00,bytedance:7641066666755721525,2026-08-24T21:20:16+00:00,2026-05-18T03:23:14+00:00,产品经理,字节跳动招聘,实习,产品经理实习生-Coze,https://jobs.bytedance.com/campus/position/7641066666755721525/detail,深圳
运营,字节跳动,2026-08-24T18:43:44+00:00,bytedance:7640041062732925189,2026-08-24T21:20:16+00:00,2026-05-15T09:01:38+00:00,运营,字节跳动招聘,实习,音乐版权实习生 - 抖音音乐,https://jobs.bytedance.com/campus/position/7640041062732925189/detail,北京
产品,字节跳动,2026-08-24T18:43:44+00:00,bytedance:7640035569251404085,2026-08-24T21:20:16+00:00,2026-05-15T08:41:05+00:00,战略,字节跳动招聘,实习,AI小游戏策划实习生-TikTok,https://jobs.bytedance.com/campus/position/7640035569251404085/detail,上海
运营,字节跳动,2026-08-24T18:43:44+00:00,bytedance:7640025271685646645,2026-08-24T21:20:16+00:00,2026-05-15T08:02:41+00:00,用户运营,字节跳动招聘,实习,短剧产品运营实习生-TikTok,https://jobs.bytedance.com/campus/position/7640025271685646645/detail,上海
运营,字节跳动,2026-08-24T18:43:44+00:00,bytedance:7640023516788803893,2026-08-24T21:20:16+00:00,2026-05-15T07:53:26+00:00,运营,字节跳动招聘,实习,生态服务中台实习生-飞书,https://jobs.bytedance.com/campus/position/7640023516788803893/detail,上海
战略,字节跳动,2026-08-24T18:43:44+00:00,bytedance:7639986608573794613,2026-08-24T21:20:16+00:00,2026-05-15T05:33:50+00:00,运营,字节跳动招聘,实习,电商AI战略分析实习生-TikTok Shop,https://jobs.bytedance.com/campus/position/7639986608573794613/detail,上海
运营,字节跳动,2026-08-24T18:43:44+00:00,bytedance:7639967361395771653,2026-08-24T21:20:16+00:00,2026-05-15T04:18:42+00:00,运营,字节跳动招聘,实习,活动传播实习生-抖音社交与互动,https://jobs.bytedance.com/campus/position/7639967361395771653/detail,深圳
设计,字节跳动,2026-08-24T18:43:44+00:00,bytedance:7639672673307740469,2026-08-24T21:20:16+00:00,2026-05-14T09:13:02+00:00,设计,字节跳动招聘,实习,AI产品设计实习生-中国广告产品,https://jobs.bytedance.com/campus/position/7639672673307740469/detail,北京
战略,字节跳动,2026-08-24T18:43:44+00:00,bytedance:7639665619631278341,2026-08-24T21:20:16+00:00,2026-05-14T08:45:02+00:00,战略,字节跳动招聘,实习,战略分析实习生-广告业务,https://jobs.bytedance.com/campus/position/7639665619631278341/detail,北京
项目管理,字节跳动,2026-08-24T18:43:44+00:00,bytedance:7639655449231247669,2026-08-24T21:20:16+00:00,2026-05-14T08:07:00+00:00,项目管理,字节跳动招聘,实习,项目管理办公室实习生-国际支付,https://jobs.bytedance.com/campus/position/7639655449231247669/detail,北京
产品,字节跳动,2026-08-24T18:43:44+00:00,bytedance:7639433304454695221,2026-08-24T21:20:16+00:00,2026-05-13T17:47:40+00:00,游戏策划,字节跳动招聘,实习,AI玩法技术策划实习生 - 心光工作室,https://jobs.bytedance.com/campus/position/7639433304454695221/detail,杭州
运营,字节跳动,2026-08-24T18:43:44+00:00,bytedance:7639357362370185525,2026-08-24T21:20:16+00:00,2026-05-13T12:51:17+00:00,运营,字节跳动招聘,实习,平台治理运营实习生（AI方向）-TikTok Shop,https://jobs.bytedance.com/campus/position/7639357362370185525/detail,北京
运营,字节跳动,2026-08-24T18:43:44+00:00,bytedance:7639352445046606133,2026-08-24T21:20:16+00:00,2026-05-13T12:29:17+00:00,运营,字节跳动招聘,实习,治理运营实习生-TikTok Shop,https://jobs.bytedance.com/campus/position/7639352445046606133/detail,上海
产品,字节跳动,2026-08-24T18:43:44+00:00,bytedance:7639283539564988725,2026-08-24T21:20:16+00:00,2026-05-13T08:03:17+00:00,产品,字节跳动招聘,实习,广告产品实习生-抖音生活服务,https://jobs.bytedance.com/campus/position/7639283539564988725/detail,北京
运营,字节跳动,2026-08-24T18:43:44+00:00,bytedance:7639270524972861701,2026-08-24T21:20:16+00:00,2026-05-13T07:11:18+00:00,运营,字节跳动招聘,实习,内容运营实习生（玩法方向）-抖音,https://jobs.bytedance.com/campus/position/7639270524972861701/detail,上海
产品,字节跳动,2026-08-24T18:43:44+00:00,bytedance:7639262874955008261,2026-08-24T21:20:16+00:00,2026-05-13T06:42:32+00:00,产品,字节跳动招聘,实习,电商搜索用户产品实习生-TikTok Shop,https://jobs.bytedance.com/campus/position/7639262874955008261/detail,北京
运营,字节跳动,2026-08-24T18:43:44+00:00,bytedance:7639224847373388085,2026-08-24T21:20:16+00:00,2026-05-13T04:15:41+00:00,运营,字节跳动招聘,实习,贷后AI运营（马来语）实习生-国际支付,https://jobs.bytedance.com/campus/position/7639224847373388085/detail,北京
运营,字节跳动,2026-08-24T18:43:44+00:00,bytedance:7639223459673655557,2026-08-24T21:20:16+00:00,2026-05-13T04:09:39+00:00,产品运营,字节跳动招聘,实习,商家运营实习生-抖音生活服务,https://jobs.bytedance.com/campus/position/7639223459673655557/detail,上海
运营,字节跳动,2026-08-24T18:43:44+00:00,bytedance:7639223482800769285,2026-08-24T21:20:16+00:00,2026-05-13T04:08:50+00:00,产品运营,字节跳动招聘,实习,商家运营实习生 - 抖音生活服务,https://jobs.bytedance.com/campus/position/7639223482800769285/detail,北京 | 上海
运营,字节跳动,2026-08-24T18:43:44+00:00,bytedance:7639219301090871557,2026-08-24T21:20:16+00:00,2026-05-13T03:53:30+00:00,运营,字节跳动招聘,实习,贷后AI运营（马来语）实习生-国际支付,https://jobs.bytedance.com/campus/position/7639219301090871557/detail,上海
运营,字节跳动,2026-08-24T18:43:44+00:00,bytedance:7639216278818490629,2026-08-24T21:20:16+00:00,2026-05-13T03:42:26+00:00,运营,字节跳动招聘,实习,品类运营实习生-抖音生活服务,https://jobs.bytedance.com/campus/position/7639216278818490629/detail,北京
运营,字节跳动,2026-08-24T18:43:44+00:00,bytedance:7638978206269901061,2026-08-24T21:20:16+00:00,2026-05-12T12:17:54+00:00,运营,字节跳动招聘,实习,产品运营实习生-TikTok,https://jobs.bytedance.com/campus/position/7638978206269901061/detail,北京
商务,字节跳动,2026-08-24T18:43:44+00:00,bytedance:7638943232554109189,2026-08-24T21:20:16+00:00,2026-05-12T10:01:31+00:00,商业运营,字节跳动招聘,实习,交易管理实习生 - 飞书商业化,https://jobs.bytedance.com/campus/position/7638943232554109189/detail,北京
市场,字节跳动,2026-08-24T18:43:44+00:00,bytedance:7638932470247655733,2026-08-24T21:20:16+00:00,2026-05-12T09:21:01+00:00,设计,字节跳动招聘,实习,品牌创意设计实习生 - Seed,https://jobs.bytedance.com/campus/position/7638932470247655733/detail,北京
产品,字节跳动,2026-08-24T18:43:44+00:00,bytedance:7638926249863203125,2026-08-24T21:20:16+00:00,2026-05-12T08:56:37+00:00,产品,字节跳动招聘,实习,大模型策略产品（写作）实习生-豆包,https://jobs.bytedance.com/campus/position/7638926249863203125/detail,北京
产品,字节跳动,2026-08-24T18:43:44+00:00,bytedance:7638886561338296629,2026-08-24T21:20:16+00:00,2026-05-12T06:22:52+00:00,产品,字节跳动招聘,实习,AI大模型产品实习生（算法平台）-火山方舟,https://jobs.bytedance.com/campus/position/7638886561338296629/detail,北京
运营,字节跳动,2026-08-24T18:43:44+00:00,bytedance:7638832465754278197,2026-08-24T21:20:16+00:00,2026-05-12T02:52:25+00:00,产品运营,字节跳动招聘,实习,商品运营实习生-抖音生活服务,https://jobs.bytedance.com/campus/position/7638832465754278197/detail,北京
战略,字节跳动,2026-08-24T18:43:44+00:00,bytedance:7638650151158729013,2026-08-24T21:20:16+00:00,2026-05-11T15:07:01+00:00,运营,字节跳动招聘,实习,商业分析与战略实习生-TikTok Shop,https://jobs.bytedance.com/campus/position/7638650151158729013/detail,上海
产品,字节跳动,2026-08-24T18:43:44+00:00,bytedance:7638612579145910533,2026-08-24T21:20:16+00:00,2026-05-11T12:41:23+00:00,游戏策划,字节跳动招聘,实习,科幻IP PVE TPS战斗策划实习生 - 江南工作室,https://jobs.bytedance.com/campus/position/7638612579145910533/detail,杭州
战略,字节跳动,2026-08-24T18:43:44+00:00,bytedance:7638584124203534645,2026-08-24T21:20:16+00:00,2026-05-11T10:48:51+00:00,运营,字节跳动招聘,实习,商业分析（东南亚战略）实习生-TikTok Shop,https://jobs.bytedance.com/campus/position/7638584124203534645/detail,北京
战略,字节跳动,2026-08-24T18:43:44+00:00,bytedance:7638583928171727109,2026-08-24T21:20:16+00:00,2026-05-11T10:47:43+00:00,运营,字节跳动招聘,实习,战略实习生（US）-TikTok Shop,https://jobs.bytedance.com/campus/position/7638583928171727109/detail,北京
商业分析,字节跳动,2026-08-24T18:43:44+00:00,bytedance:7638582730319366405,2026-08-24T21:20:16+00:00,2026-05-11T10:45:06+00:00,运营,字节跳动招聘,实习,商业分析实习生（US）-TikTok Shop,https://jobs.bytedance.com/campus/position/7638582730319366405/detail,北京
运营,字节跳动,2026-08-24T18:43:44+00:00,bytedance:7638581612758173957,2026-08-24T21:20:16+00:00,2026-05-11T10:38:58+00:00,用户运营,字节跳动招聘,实习,大模型评测实习生-AI数据与安全,https://jobs.bytedance.com/campus/position/7638581612758173957/detail,北京
项目管理,字节跳动,2026-08-24T18:43:44+00:00,bytedance:7638572445244999941,2026-08-24T21:20:16+00:00,2026-05-11T10:05:49+00:00,项目管理,字节跳动招聘,实习,项目管理实习生-Data-抖音/直播/电商/剪映,https://jobs.bytedance.com/campus/position/7638572445244999941/detail,上海
运营,字节跳动,2026-08-24T18:43:44+00:00,bytedance:7638527057308191029,2026-08-24T21:20:16+00:00,2026-05-11T07:06:59+00:00,运营,字节跳动招聘,实习,投稿玩法实习生-抖音基础体验,https://jobs.bytedance.com/campus/position/7638527057308191029/detail,北京
设计,字节跳动,2026-08-24T18:43:44+00:00,bytedance:7638525306946570501,2026-08-24T21:20:16+00:00,2026-05-11T06:59:57+00:00,设计,字节跳动招聘,实习,视觉设计实习生（商家平台）-TikTok Shop,https://jobs.bytedance.com/campus/position/7638525306946570501/detail,上海
设计,字节跳动,2026-08-24T18:43:44+00:00,bytedance:7638510023618840885,2026-08-24T21:20:16+00:00,2026-05-11T06:05:09+00:00,设计,字节跳动招聘,实习,产品设计实习生-抖音生活服务,https://jobs.bytedance.com/campus/position/7638510023618840885/detail,上海
设计,字节跳动,2026-08-24T18:43:44+00:00,bytedance:7638510064135948549,2026-08-24T21:20:16+00:00,2026-05-11T06:02:05+00:00,设计,字节跳动招聘,实习,产品设计实习生-抖音生活服务,https://jobs.bytedance.com/campus/position/7638510064135948549/detail,北京
产品,字节跳动,2026-08-24T18:43:44+00:00,bytedance:7637833107404736773,2026-08-24T21:20:16+00:00,2026-05-09T10:14:06+00:00,产品,字节跳动招聘,实习,音乐AI产品实习生-抖音音乐,https://jobs.bytedance.com/campus/position/7637833107404736773/detail,北京
运营,字节跳动,2026-08-24T18:43:44+00:00,bytedance:7637791067065829637,2026-08-24T21:20:16+00:00,2026-05-09T07:31:53+00:00,运营,字节跳动招聘,实习,营收产品运营实习生-TikTok直播,https://jobs.bytedance.com/campus/position/7637791067065829637/detail,北京
运营,字节跳动,2026-08-24T18:43:44+00:00,bytedance:7637774615541975301,2026-08-24T21:20:16+00:00,2026-05-09T06:26:48+00:00,运营,字节跳动招聘,实习,行业运营（运动户外）实习生-抖音电商运营,https://jobs.bytedance.com/campus/position/7637774615541975301/detail,上海
运营,字节跳动,2026-08-24T18:43:44+00:00,bytedance:7637772469009353013,2026-08-24T21:20:16+00:00,2026-05-09T06:18:53+00:00,运营,字节跳动招聘,实习,美国服务商运营实习生-TikTok Shop,https://jobs.bytedance.com/campus/position/7637772469009353013/detail,上海
运营,字节跳动,2026-08-24T18:43:44+00:00,bytedance:7637726736529787141,2026-08-24T21:20:16+00:00,2026-05-09T03:20:41+00:00,运营,字节跳动招聘,实习,服饰AIGC电商视频实习生-TikTok Shop,https://jobs.bytedance.com/campus/position/7637726736529787141/detail,上海
运营,字节跳动,2026-08-24T18:43:44+00:00,bytedance:7637724712975501573,2026-08-24T21:20:16+00:00,2026-05-09T03:12:49+00:00,运营,字节跳动招聘,实习,AI数据标注运营（生态治理方向）实习生-TikTok,https://jobs.bytedance.com/campus/position/7637724712975501573/detail,上海
商业分析,字节跳动,2026-08-24T18:43:44+00:00,bytedance:7637465796035119365,2026-08-24T21:20:16+00:00,2026-05-08T10:28:24+00:00,运营,字节跳动招聘,实习,数据分析实习生-TikTok,https://jobs.bytedance.com/campus/position/7637465796035119365/detail,北京
职能,字节跳动,2026-08-24T18:43:44+00:00,bytedance:7637458186676488501,2026-08-24T21:20:16+00:00,2026-05-08T09:58:57+00:00,人力,字节跳动招聘,实习,招聘实习生-招聘中心,https://jobs.bytedance.com/campus/position/7637458186676488501/detail,西安
运营,字节跳动,2026-08-24T18:43:44+00:00,bytedance:7637427093112097029,2026-08-24T21:20:16+00:00,2026-05-08T09:23:02+00:00,运营,字节跳动招聘,实习,音乐宣推作者运营实习生-汽水音乐,https://jobs.bytedance.com/campus/position/7637427093112097029/detail,上海
市场,字节跳动,2026-08-24T18:43:44+00:00,bytedance:7637441198371146037,2026-08-24T21:20:16+00:00,2026-05-08T08:55:43+00:00,运营,字节跳动招聘,实习,营销实习生-抖音运营,https://jobs.bytedance.com/campus/position/7637441198371146037/detail,北京
产品,字节跳动,2026-08-24T18:43:44+00:00,bytedance:7637427773338634549,2026-08-24T21:20:16+00:00,2026-05-08T08:01:19+00:00,产品,字节跳动招聘,实习,豆包AI大模型产品实习生-Data AML,https://jobs.bytedance.com/campus/position/7637427773338634549/detail,杭州
运营,字节跳动,2026-08-24T18:43:44+00:00,bytedance:7637403698845223173,2026-08-24T21:20:16+00:00,2026-05-08T06:29:08+00:00,运营,字节跳动招聘,实习,产品运营实习生-国际化商业安全,https://jobs.bytedance.com/campus/position/7637403698845223173/detail,上海
产品,字节跳动,2026-08-24T18:43:44+00:00,bytedance:7637393052223523125,2026-08-24T21:20:16+00:00,2026-05-08T05:46:25+00:00,产品,字节跳动招聘,实习,策略产品实习生-抖音生活服务,https://jobs.bytedance.com/campus/position/7637393052223523125/detail,北京
产品,字节跳动,2026-08-24T18:43:44+00:00,bytedance:7637380665575164213,2026-08-24T21:20:16+00:00,2026-05-08T05:02:40+00:00,产品,字节跳动招聘,实习,AI产品实习生（生成式广告）-广告业务,https://jobs.bytedance.com/campus/position/7637380665575164213/detail,北京
产品,字节跳动,2026-08-24T18:43:44+00:00,bytedance:7637370586979584261,2026-08-24T21:20:16+00:00,2026-05-08T04:22:26+00:00,产品运营,字节跳动招聘,实习,AI产品实习生-抖音生活服务,https://jobs.bytedance.com/campus/position/7637370586979584261/detail,上海
产品,字节跳动,2026-08-24T18:43:44+00:00,bytedance:7637370358769879349,2026-08-24T21:20:16+00:00,2026-05-08T04:21:33+00:00,产品运营,字节跳动招聘,实习,AI产品实习生-抖音生活服务,https://jobs.bytedance.com/campus/position/7637370358769879349/detail,北京
产品,字节跳动,2026-08-24T18:43:44+00:00,bytedance:7637369161569650949,2026-08-24T21:20:16+00:00,2026-05-08T04:14:54+00:00,产品,字节跳动招聘,实习,B端产品实习生-抖音生活服务,https://jobs.bytedance.com/campus/position/7637369161569650949/detail,北京
商务,字节跳动,2026-08-24T18:43:44+00:00,bytedance:7637365122744600837,2026-08-24T21:20:16+00:00,2026-05-08T03:58:25+00:00,产品运营,字节跳动招聘,实习,国际客户策略运营实习生（AI方向）-飞书商业化,https://jobs.bytedance.com/campus/position/7637365122744600837/detail,上海
运营,字节跳动,2026-08-24T18:43:44+00:00,bytedance:7637340063844174085,2026-08-24T21:20:16+00:00,2026-05-08T02:21:40+00:00,运营,字节跳动招聘,实习,AI工具开发实习生-内容质量与数据服务平台,https://jobs.bytedance.com/campus/position/7637340063844174085/detail,北京
运营,字节跳动,2026-08-24T18:43:44+00:00,bytedance:7637188488245135669,2026-08-24T21:20:16+00:00,2026-05-07T16:36:54+00:00,运营,字节跳动招聘,实习,物流运营实习生-TikTok Shop,https://jobs.bytedance.com/campus/position/7637188488245135669/detail,上海
运营,字节跳动,2026-08-24T18:43:44+00:00,bytedance:7637187830967732485,2026-08-24T21:20:16+00:00,2026-05-07T16:29:22+00:00,运营,字节跳动招聘,实习,国际电商电子类目实习生-TikTok Shop,https://jobs.bytedance.com/campus/position/7637187830967732485/detail,深圳
运营,字节跳动,2026-08-24T18:43:44+00:00,bytedance:7637186261492615429,2026-08-24T21:20:16+00:00,2026-05-07T16:25:49+00:00,运营,字节跳动招聘,实习,达人运营实习生-TikTok Shop,https://jobs.bytedance.com/campus/position/7637186261492615429/detail,深圳
运营,字节跳动,2026-08-24T18:43:44+00:00,bytedance:7637096838240487685,2026-08-24T21:20:16+00:00,2026-05-07T10:46:09+00:00,产品运营,字节跳动招聘,实习,英文产品运营实习生-语言中心,https://jobs.bytedance.com/campus/position/7637096838240487685/detail,北京
产品,字节跳动,2026-08-24T18:43:44+00:00,bytedance:7637097440202688821,2026-08-24T21:20:16+00:00,2026-05-07T10:38:44+00:00,产品,字节跳动招聘,实习,产品经理实习生-国际化广告CRM与交易平台,https://jobs.bytedance.com/campus/position/7637097440202688821/detail,北京
商业分析,字节跳动,2026-08-24T18:43:44+00:00,bytedance:7637091367868532997,2026-08-24T21:20:16+00:00,2026-05-07T10:15:06+00:00,财务,字节跳动招聘,实习,数据分析实习生（财务经营方向）,https://jobs.bytedance.com/campus/position/7637091367868532997/detail,北京
市场,字节跳动,2026-08-24T18:43:44+00:00,bytedance:7637088195968207157,2026-08-24T21:20:16+00:00,2026-05-07T10:02:42+00:00,UI,字节跳动招聘,实习,品牌创意实习生-国际支付,https://jobs.bytedance.com/campus/position/7637088195968207157/detail,上海
职能,字节跳动,2026-08-24T18:43:44+00:00,bytedance:7637045573418584373,2026-08-24T21:20:16+00:00,2026-05-07T07:18:07+00:00,人力,字节跳动招聘,实习,招聘实习生-招聘中心,https://jobs.bytedance.com/campus/position/7637045573418584373/detail,上海
运营,字节跳动,2026-08-24T18:43:44+00:00,bytedance:7637030622508861701,2026-08-24T21:20:16+00:00,2026-05-07T06:19:55+00:00,运营,字节跳动招聘,实习,模型训练与运维（直播安全方向）实习生-内容质量与数据服务平台,https://jobs.bytedance.com/campus/position/7637030622508861701/detail,北京
运营,字节跳动,2026-08-24T18:43:44+00:00,bytedance:7637025588811024645,2026-08-24T21:20:16+00:00,2026-05-07T06:00:15+00:00,商业运营,字节跳动招聘,实习,客户运营实习生-飞书,https://jobs.bytedance.com/campus/position/7637025588811024645/detail,北京
商业分析,字节跳动,2026-08-24T19:23:31+00:00,bytedance:7637024733319317765,2026-08-24T21:20:16+00:00,2026-05-07T05:58:37+00:00,数据分析,字节跳动招聘,实习,供应链与物流实习生-TikTok Shop,https://jobs.bytedance.com/campus/position/7637024733319317765/detail,上海
运营,字节跳动,2026-08-24T18:43:44+00:00,bytedance:7636984737681656069,2026-08-24T21:20:16+00:00,2026-05-07T03:21:35+00:00,运营,字节跳动招聘,实习,产品运营（AI音乐工具）实习生-抖音,https://jobs.bytedance.com/campus/position/7636984737681656069/detail,北京
运营,字节跳动,2026-08-24T18:43:44+00:00,bytedance:7636979809312475397,2026-08-24T21:20:16+00:00,2026-05-07T03:02:36+00:00,运营,字节跳动招聘,实习,企业效能实习生-飞书,https://jobs.bytedance.com/campus/position/7636979809312475397/detail,深圳
运营,字节跳动,2026-08-24T18:43:44+00:00,bytedance:7636977769822652677,2026-08-24T21:20:16+00:00,2026-05-07T02:55:48+00:00,运营,字节跳动招聘,实习,企业效能顾问实习生-飞书,https://jobs.bytedance.com/campus/position/7636977769822652677/detail,深圳
商务,字节跳动,2026-08-24T18:43:44+00:00,bytedance:7636976890345834757,2026-08-24T21:20:16+00:00,2026-05-07T02:50:58+00:00,市场,字节跳动招聘,实习,新媒体运营实习生-飞书商业化,https://jobs.bytedance.com/campus/position/7636976890345834757/detail,杭州
运营,字节跳动,2026-08-24T18:43:44+00:00,bytedance:7636976613217225013,2026-08-24T21:20:16+00:00,2026-05-07T02:50:45+00:00,运营,字节跳动招聘,实习,用户体验运营实习生 - 今日头条,https://jobs.bytedance.com/campus/position/7636976613217225013/detail,北京
运营,字节跳动,2026-08-24T18:43:44+00:00,bytedance:7636972838339037493,2026-08-24T21:20:16+00:00,2026-05-07T02:35:57+00:00,运营,字节跳动招聘,实习,影视娱乐生态运营实习生-TikTok,https://jobs.bytedance.com/campus/position/7636972838339037493/detail,上海
运营,字节跳动,2026-08-24T18:43:44+00:00,bytedance:7636970672971548933,2026-08-24T21:20:16+00:00,2026-05-07T02:27:30+00:00,运营,字节跳动招聘,实习,影视娱乐垂类运营实习生-TikTok,https://jobs.bytedance.com/campus/position/7636970672971548933/detail,上海
运营,字节跳动,2026-08-24T18:43:44+00:00,bytedance:7636967422444030261,2026-08-24T21:20:16+00:00,2026-05-07T02:14:11+00:00,用户运营,字节跳动招聘,实习,海外AI短剧编剧/创意实习生-TikTok,https://jobs.bytedance.com/campus/position/7636967422444030261/detail,上海
战略,字节跳动,2026-08-24T18:43:44+00:00,bytedance:7634561067403299077,2026-08-24T21:20:16+00:00,2026-04-30T14:39:24+00:00,运营,字节跳动招聘,实习,战略分析实习生-TikTok Shop,https://jobs.bytedance.com/campus/position/7634561067403299077/detail,上海
项目管理,字节跳动,2026-08-24T18:43:44+00:00,bytedance:7634542834902894853,2026-08-24T21:20:16+00:00,2026-04-30T13:27:06+00:00,项目管理,字节跳动招聘,实习,项目管理实习生-Global Business Solutions,https://jobs.bytedance.com/campus/position/7634542834902894853/detail,北京
商业分析,字节跳动,2026-08-24T18:43:44+00:00,bytedance:7634137444192405813,2026-08-24T21:20:16+00:00,2026-04-29T11:13:29+00:00,运营,字节跳动招聘,实习,数据分析实习生-TikTok直播,https://jobs.bytedance.com/campus/position/7634137444192405813/detail,北京
产品,字节跳动,2026-08-24T18:43:44+00:00,bytedance:7634129983086676277,2026-08-24T21:20:16+00:00,2026-04-29T10:44:04+00:00,产品,字节跳动招聘,实习,短剧产品实习生-TikTok,https://jobs.bytedance.com/campus/position/7634129983086676277/detail,北京
运营,字节跳动,2026-08-24T18:43:44+00:00,bytedance:7634123729245931829,2026-08-24T21:20:16+00:00,2026-04-29T10:25:31+00:00,运营,字节跳动招聘,实习,商家治理运营实习生（AI方向）-TikTok Shop,https://jobs.bytedance.com/campus/position/7634123729245931829/detail,北京
运营,字节跳动,2026-08-24T18:43:44+00:00,bytedance:7634104967352568117,2026-08-24T21:20:16+00:00,2026-04-29T09:08:45+00:00,运营,字节跳动招聘,实习,印尼物流运营实习生-TikTok Shop,https://jobs.bytedance.com/campus/position/7634104967352568117/detail,上海
设计,字节跳动,2026-08-24T18:43:44+00:00,bytedance:7634105424850323765,2026-08-24T21:20:16+00:00,2026-04-29T09:08:13+00:00,设计,字节跳动招聘,实习,产品设计实习生-集团信息系统,https://jobs.bytedance.com/campus/position/7634105424850323765/detail,广州
设计,字节跳动,2026-08-24T18:43:44+00:00,bytedance:7634104598945794309,2026-08-24T21:20:16+00:00,2026-04-29T09:06:26+00:00,设计,字节跳动招聘,实习,产品设计实习生-集团信息系统,https://jobs.bytedance.com/campus/position/7634104598945794309/detail,上海
运营,字节跳动,2026-08-24T18:43:44+00:00,bytedance:7634101767103695109,2026-08-24T21:20:16+00:00,2026-04-29T08:53:56+00:00,运营,字节跳动招聘,实习,数据（音乐方向）实习生 - AI数据与安全,https://jobs.bytedance.com/campus/position/7634101767103695109/detail,北京
运营,字节跳动,2026-08-24T18:43:44+00:00,bytedance:7634097978673137925,2026-08-24T21:20:16+00:00,2026-04-29T08:40:13+00:00,运营,字节跳动招聘,实习,服饰服配商家运营实习生-TikTok Shop,https://jobs.bytedance.com/campus/position/7634097978673137925/detail,上海
运营,字节跳动,2026-08-24T18:43:44+00:00,bytedance:7634088231903463733,2026-08-24T21:20:16+00:00,2026-04-29T08:01:23+00:00,产品运营,字节跳动招聘,实习,产品运营实习生-抖音生活服务,https://jobs.bytedance.com/campus/position/7634088231903463733/detail,北京
运营,字节跳动,2026-08-24T18:43:44+00:00,bytedance:7634037349724522757,2026-08-24T21:20:16+00:00,2026-04-29T04:51:42+00:00,运营,字节跳动招聘,实习,体育版权运营实习生 - 中国内容与合作,https://jobs.bytedance.com/campus/position/7634037349724522757/detail,北京
职能,字节跳动,2026-08-24T18:43:44+00:00,bytedance:7634035213697485061,2026-08-24T21:20:16+00:00,2026-04-29T04:36:41+00:00,人力,字节跳动招聘,实习,招聘实习生-TikTok,https://jobs.bytedance.com/campus/position/7634035213697485061/detail,上海
职能,字节跳动,2026-08-24T18:43:44+00:00,bytedance:7634022815664507141,2026-08-24T21:20:16+00:00,2026-04-29T03:48:16+00:00,财务,字节跳动招聘,实习,AI财务应用实习生-国际支付,https://jobs.bytedance.com/campus/position/7634022815664507141/detail,北京
运营,字节跳动,2026-08-24T18:43:44+00:00,bytedance:7634014281076066613,2026-08-24T21:20:16+00:00,2026-04-29T03:16:06+00:00,运营,字节跳动招聘,实习,小语种产品运营实习生-Gauth,https://jobs.bytedance.com/campus/position/7634014281076066613/detail,北京
职能,字节跳动,2026-08-24T18:43:44+00:00,bytedance:7634002626032077061,2026-08-24T21:20:16+00:00,2026-04-29T02:30:16+00:00,职能 / 支持,字节跳动招聘,实习,技术人才探索实习生（集成电路/芯片体系结构方向）-Data,https://jobs.bytedance.com/campus/position/7634002626032077061/detail,上海
产品,字节跳动,2026-08-24T18:43:44+00:00,bytedance:7633822230881585413,2026-08-24T21:20:16+00:00,2026-04-28T14:50:03+00:00,产品,字节跳动招聘,实习,商业产品经理实习生（Web Traffic广告）-国际化广告业务,https://jobs.bytedance.com/campus/position/7633822230881585413/detail,北京
设计,字节跳动,2026-08-24T18:43:44+00:00,bytedance:7633657098219817269,2026-08-24T21:20:16+00:00,2026-04-28T04:09:58+00:00,运营,字节跳动招聘,实习,AI视觉实习生-中国公共关系,https://jobs.bytedance.com/campus/position/7633657098219817269/detail,北京
职能,字节跳动,2026-08-24T18:43:44+00:00,bytedance:7633378270957750533,2026-08-24T21:20:16+00:00,2026-04-27T10:06:19+00:00,财务,字节跳动招聘,实习,税务实习生,https://jobs.bytedance.com/campus/position/7633378270957750533/detail,海口
产品,字节跳动,2026-08-24T18:43:44+00:00,bytedance:7633375808059394309,2026-08-24T21:20:16+00:00,2026-04-27T09:56:58+00:00,产品,字节跳动招聘,实习,创意产品实习生-TikTok,https://jobs.bytedance.com/campus/position/7633375808059394309/detail,北京
产品,字节跳动,2026-08-24T18:43:44+00:00,bytedance:7633350585471715637,2026-08-24T21:20:16+00:00,2026-04-27T08:19:11+00:00,产品,字节跳动招聘,实习,AI产品实习生-广告业务,https://jobs.bytedance.com/campus/position/7633350585471715637/detail,深圳
运营,字节跳动,2026-08-24T18:43:44+00:00,bytedance:7633337888587401525,2026-08-24T21:20:16+00:00,2026-04-27T07:30:55+00:00,运营,字节跳动招聘,实习,价格策略实习生-TikTok Shop,https://jobs.bytedance.com/campus/position/7633337888587401525/detail,上海
设计,字节跳动,2026-08-24T18:43:44+00:00,bytedance:7633336850255382789,2026-08-24T21:20:16+00:00,2026-04-27T07:26:34+00:00,设计,字节跳动招聘,实习,产品设计实习生-集团信息系统,https://jobs.bytedance.com/campus/position/7633336850255382789/detail,北京
运营,字节跳动,2026-08-24T18:43:44+00:00,bytedance:7632717119096817973,2026-08-24T21:20:16+00:00,2026-04-25T15:28:21+00:00,运营,字节跳动招聘,实习,美国达人策略运营实习生-TikTok Shop,https://jobs.bytedance.com/campus/position/7632717119096817973/detail,珠海
商业分析,字节跳动,2026-08-24T18:43:44+00:00,bytedance:7632713596275312901,2026-08-24T21:20:16+00:00,2026-04-25T15:17:18+00:00,运营,字节跳动招聘,实习,商品价格数据分析实习生-TikTok Shop,https://jobs.bytedance.com/campus/position/7632713596275312901/detail,上海
产品,字节跳动,2026-08-24T18:43:44+00:00,bytedance:7632252155730528565,2026-08-24T21:20:16+00:00,2026-04-24T09:17:53+00:00,产品经理,字节跳动招聘,实习,AI技术产品（智能体&AI基建平台）实习生-中国交易与广告,https://jobs.bytedance.com/campus/position/7632252155730528565/detail,北京
产品,字节跳动,2026-08-24T18:43:44+00:00,bytedance:7632246009229740293,2026-08-24T21:20:16+00:00,2026-04-24T08:53:14+00:00,产品经理,字节跳动招聘,实习,产品（企业隐私与效率）实习生-集团信息系统,https://jobs.bytedance.com/campus/position/7632246009229740293/detail,北京
职能,字节跳动,2026-08-24T18:43:44+00:00,bytedance:7632215891911952645,2026-08-24T21:20:16+00:00,2026-04-24T06:55:40+00:00,人力,字节跳动招聘,实习,招聘实习生-Data,https://jobs.bytedance.com/campus/position/7632215891911952645/detail,上海
产品,字节跳动,2026-08-24T18:43:44+00:00,bytedance:7632198155431004421,2026-08-24T21:20:16+00:00,2026-04-24T05:49:19+00:00,产品,字节跳动招聘,实习,B端产品（平台产品）实习生-抖音生活服务,https://jobs.bytedance.com/campus/position/7632198155431004421/detail,北京
运营,字节跳动,2026-08-24T18:43:44+00:00,bytedance:7632179197188180229,2026-08-24T21:20:16+00:00,2026-04-24T04:35:28+00:00,运营,字节跳动招聘,实习,内容与达人治理策略运营实习生-TikTok Shop,https://jobs.bytedance.com/campus/position/7632179197188180229/detail,上海
运营,字节跳动,2026-08-24T18:43:44+00:00,bytedance:7632178106141247749,2026-08-24T21:20:16+00:00,2026-04-24T04:31:36+00:00,运营,字节跳动招聘,实习,内容与达人治理策略运营实习生-TikTok Shop,https://jobs.bytedance.com/campus/position/7632178106141247749/detail,杭州
运营,字节跳动,2026-08-24T18:43:44+00:00,bytedance:7632176994962131205,2026-08-24T21:20:16+00:00,2026-04-24T04:25:57+00:00,运营,字节跳动招聘,实习,内容与达人治理策略运营实习生-TikTok Shop,https://jobs.bytedance.com/campus/position/7632176994962131205/detail,上海
商业分析,字节跳动,2026-08-24T18:43:44+00:00,bytedance:7632168858157943045,2026-08-24T21:20:16+00:00,2026-04-24T03:53:44+00:00,运营,字节跳动招聘,实习,商业分析实习生-TikTok Shop,https://jobs.bytedance.com/campus/position/7632168858157943045/detail,上海
战略,字节跳动,2026-08-24T18:43:44+00:00,bytedance:7632166964477675781,2026-08-24T21:20:16+00:00,2026-04-24T03:47:43+00:00,运营,字节跳动招聘,实习,战略实习生-TikTok Shop,https://jobs.bytedance.com/campus/position/7632166964477675781/detail,北京
战略,字节跳动,2026-08-24T18:43:44+00:00,bytedance:7631948292233890101,2026-08-24T21:20:16+00:00,2026-04-23T13:37:52+00:00,运营,字节跳动招聘,实习,战略分析实习生 - 抖音生活服务,https://jobs.bytedance.com/campus/position/7631948292233890101/detail,北京
战略,字节跳动,2026-08-24T18:43:44+00:00,bytedance:7631946929828759861,2026-08-24T21:20:16+00:00,2026-04-23T13:36:55+00:00,运营,字节跳动招聘,实习,战略分析实习生-抖音生活服务,https://jobs.bytedance.com/campus/position/7631946929828759861/detail,北京
产品,字节跳动,2026-08-24T18:43:44+00:00,bytedance:7631900575453481221,2026-08-24T21:20:16+00:00,2026-04-23T10:32:03+00:00,产品,字节跳动招聘,实习,识别方向产品实习生-TikTok,https://jobs.bytedance.com/campus/position/7631900575453481221/detail,北京
产品,字节跳动,2026-08-24T18:43:44+00:00,bytedance:7631892112284338485,2026-08-24T21:20:16+00:00,2026-04-23T09:59:51+00:00,产品,字节跳动招聘,实习,用户/策略产品实习生（APP独立端方向）-抖音生活服务,https://jobs.bytedance.com/campus/position/7631892112284338485/detail,北京
运营,字节跳动,2026-08-24T18:43:44+00:00,bytedance:7631881770984425733,2026-08-24T21:20:16+00:00,2026-04-23T09:19:25+00:00,运营,字节跳动招聘,实习,菲律宾运营实习生-TikTok Shop,https://jobs.bytedance.com/campus/position/7631881770984425733/detail,深圳
市场,字节跳动,2026-08-24T18:43:44+00:00,bytedance:7631847372250958133,2026-08-24T21:20:16+00:00,2026-04-23T07:06:55+00:00,产品,字节跳动招聘,实习,拉美市场电商产品实习生-TikTok Shop,https://jobs.bytedance.com/campus/position/7631847372250958133/detail,上海
市场,字节跳动,2026-08-24T18:43:44+00:00,bytedance:7631837873109321989,2026-08-24T21:20:16+00:00,2026-04-23T06:29:03+00:00,市场,字节跳动招聘,实习,渠道营销实习生 - 飞书商业化,https://jobs.bytedance.com/campus/position/7631837873109321989/detail,上海
商务,字节跳动,2026-08-24T18:43:44+00:00,bytedance:7631789746947705141,2026-08-24T21:20:16+00:00,2026-04-23T03:22:15+00:00,运营,字节跳动招聘,实习,内容审核解决方案实习生-TikTok Shop,https://jobs.bytedance.com/campus/position/7631789746947705141/detail,上海
运营,字节跳动,2026-08-24T18:43:44+00:00,bytedance:7631787295284463925,2026-08-24T21:20:16+00:00,2026-04-23T03:13:03+00:00,运营,字节跳动招聘,实习,Aime产品运营实习生,https://jobs.bytedance.com/campus/position/7631787295284463925/detail,北京
产品,字节跳动,2026-08-24T18:43:44+00:00,bytedance:7631786884692035893,2026-08-24T21:20:16+00:00,2026-04-23T03:10:56+00:00,产品,字节跳动招聘,实习,B端产品（平台产品）实习生-抖音生活服务,https://jobs.bytedance.com/campus/position/7631786884692035893/detail,上海
运营,字节跳动,2026-08-24T18:43:44+00:00,bytedance:7631775323302005045,2026-08-24T21:20:16+00:00,2026-04-23T02:26:21+00:00,运营,字节跳动招聘,实习,大模型审核Agent（评论方向）实习生-内容质量与数据服务平台,https://jobs.bytedance.com/campus/position/7631775323302005045/detail,北京
战略,字节跳动,2026-08-24T18:43:44+00:00,bytedance:7631526236616100149,2026-08-24T21:20:16+00:00,2026-04-22T10:20:06+00:00,战略,字节跳动招聘,实习,AI战略研究实习生-飞书,https://jobs.bytedance.com/campus/position/7631526236616100149/detail,上海
战略,字节跳动,2026-08-24T18:43:44+00:00,bytedance:7631525507771697413,2026-08-24T21:20:16+00:00,2026-04-22T10:16:52+00:00,战略,字节跳动招聘,实习,AI战略研究实习生-飞书,https://jobs.bytedance.com/campus/position/7631525507771697413/detail,北京
运营,字节跳动,2026-08-24T18:43:44+00:00,bytedance:7631523817171355909,2026-08-24T21:20:16+00:00,2026-04-22T10:12:41+00:00,产品运营,字节跳动招聘,实习,产品运营实习生 - AI 工具运营,https://jobs.bytedance.com/campus/position/7631523817171355909/detail,北京
产品,字节跳动,2026-08-24T18:43:44+00:00,bytedance:7631503751354779909,2026-08-24T21:20:16+00:00,2026-04-22T08:53:19+00:00,产品经理,字节跳动招聘,实习,AI产品实习生 - TikTok Shop,https://jobs.bytedance.com/campus/position/7631503751354779909/detail,北京
运营,字节跳动,2026-08-24T18:43:44+00:00,bytedance:7631480072715094277,2026-08-24T21:20:16+00:00,2026-04-22T07:21:28+00:00,运营,字节跳动招聘,实习,AIGC治理策略运营实习生-TikTok,https://jobs.bytedance.com/campus/position/7631480072715094277/detail,上海
商务,字节跳动,2026-08-24T18:43:44+00:00,bytedance:7631478734876641541,2026-08-24T21:20:16+00:00,2026-04-22T07:15:59+00:00,运营,字节跳动招聘,实习,GTM运营BP实习生-飞书商业化,https://jobs.bytedance.com/campus/position/7631478734876641541/detail,上海
商务,字节跳动,2026-08-24T18:43:44+00:00,bytedance:7631476899602417925,2026-08-24T21:20:16+00:00,2026-04-22T07:09:03+00:00,运营,字节跳动招聘,实习,GTM运营BP实习生-飞书商业化,https://jobs.bytedance.com/campus/position/7631476899602417925/detail,北京
设计,字节跳动,2026-08-24T18:43:44+00:00,bytedance:7631474967733487877,2026-08-24T21:20:16+00:00,2026-04-22T07:00:36+00:00,设计,字节跳动招聘,实习,特效创意设计（图文方向）实习生-TikTok设计,https://jobs.bytedance.com/campus/position/7631474967733487877/detail,上海
运营,字节跳动,2026-08-24T18:43:44+00:00,bytedance:7631461146910066997,2026-08-24T21:20:16+00:00,2026-04-22T06:07:08+00:00,运营,字节跳动招聘,实习,AI漫剧内容运营实习生-广告业务,https://jobs.bytedance.com/campus/position/7631461146910066997/detail,北京
职能,字节跳动,2026-08-24T18:43:44+00:00,bytedance:7631220788725844277,2026-08-24T21:20:16+00:00,2026-04-21T14:37:22+00:00,人力,字节跳动招聘,实习,招聘实习生-TikTok,https://jobs.bytedance.com/campus/position/7631220788725844277/detail,上海
运营,字节跳动,2026-08-24T18:43:44+00:00,bytedance:7631161631519361285,2026-08-24T21:20:16+00:00,2026-04-21T10:44:42+00:00,商业运营,字节跳动招聘,实习,运营实习生-抖音生活服务,https://jobs.bytedance.com/campus/position/7631161631519361285/detail,上海
产品,字节跳动,2026-08-24T18:43:44+00:00,bytedance:7631141550316308789,2026-08-24T21:20:16+00:00,2026-04-21T09:28:45+00:00,产品,字节跳动招聘,实习,AI产品实习生-集团信息系统,https://jobs.bytedance.com/campus/position/7631141550316308789/detail,杭州
商业分析,字节跳动,2026-08-24T19:23:31+00:00,bytedance:7631127343944010037,2026-08-24T21:20:16+00:00,2026-04-21T08:32:06+00:00,数据分析,字节跳动招聘,实习,数据分析实习生-飞书,https://jobs.bytedance.com/campus/position/7631127343944010037/detail,深圳
运营,字节跳动,2026-08-24T18:43:44+00:00,bytedance:7631111232982534405,2026-08-24T21:20:16+00:00,2026-04-21T07:29:05+00:00,运营,字节跳动招聘,实习,音乐内容创新实习生-抖音音乐,https://jobs.bytedance.com/campus/position/7631111232982534405/detail,北京
战略,字节跳动,2026-08-24T18:43:44+00:00,bytedance:7631053984780077317,2026-08-24T21:20:16+00:00,2026-04-21T03:47:07+00:00,战略,字节跳动招聘,实习,电商资源管理实习生-TikTok Shop,https://jobs.bytedance.com/campus/position/7631053984780077317/detail,上海
设计,字节跳动,2026-08-24T18:43:44+00:00,bytedance:7630794531600353541,2026-08-24T21:20:16+00:00,2026-04-20T11:00:56+00:00,人力,字节跳动招聘,实习,人力资源实习生（设计及文案方向）-招聘中心,https://jobs.bytedance.com/campus/position/7630794531600353541/detail,上海
产品,字节跳动,2026-08-24T18:43:44+00:00,bytedance:7630740257210370357,2026-08-24T21:20:16+00:00,2026-04-20T07:29:38+00:00,产品,字节跳动招聘,实习,Code Agent训练产品实习生-AI数据与安全,https://jobs.bytedance.com/campus/position/7630740257210370357/detail,北京
产品,字节跳动,2026-08-24T18:43:44+00:00,bytedance:7630739190515763509,2026-08-24T21:20:16+00:00,2026-04-20T07:26:49+00:00,产品,字节跳动招聘,实习,Code Agent训练产品实习生 - AI数据与安全,https://jobs.bytedance.com/campus/position/7630739190515763509/detail,北京
产品,字节跳动,2026-08-24T18:43:44+00:00,bytedance:7630736849905240373,2026-08-24T21:20:16+00:00,2026-04-20T07:16:24+00:00,产品,字节跳动招聘,实习,LLM/VLM模型训练产品实习生 - AI数据与安全,https://jobs.bytedance.com/campus/position/7630736849905240373/detail,北京
职能,字节跳动,2026-08-24T18:43:44+00:00,bytedance:7630732958219110709,2026-08-24T21:20:16+00:00,2026-04-20T07:01:45+00:00,财务,字节跳动招聘,实习,AI财务应用实习生-国际支付,https://jobs.bytedance.com/campus/position/7630732958219110709/detail,上海
运营,字节跳动,2026-08-24T18:43:44+00:00,bytedance:7630729378394867973,2026-08-24T21:20:16+00:00,2026-04-20T06:47:43+00:00,运营,字节跳动招聘,实习,要闻运营实习生 - 中国内容与合作,https://jobs.bytedance.com/campus/position/7630729378394867973/detail,北京
运营,字节跳动,2026-08-24T18:43:44+00:00,bytedance:7630725305114331397,2026-08-24T21:20:16+00:00,2026-04-20T06:33:09+00:00,运营,字节跳动招聘,实习,商品治理（大模型方向）实习生 - TikTok Shop,https://jobs.bytedance.com/campus/position/7630725305114331397/detail,上海
项目管理,字节跳动,2026-08-24T18:43:44+00:00,bytedance:7630723185363568901,2026-08-24T21:20:16+00:00,2026-04-20T06:25:02+00:00,项目管理,字节跳动招聘,实习,AI项目管理实习生-TikTok-内容安全平台,https://jobs.bytedance.com/campus/position/7630723185363568901/detail,上海
产品,字节跳动,2026-08-24T18:43:44+00:00,bytedance:7630450900891355397,2026-08-24T21:20:16+00:00,2026-04-19T12:50:29+00:00,产品经理,字节跳动招聘,实习,AI产品实习生（企业应用方向）-集团信息系统,https://jobs.bytedance.com/campus/position/7630450900891355397/detail,上海
产品,字节跳动,2026-08-24T18:43:44+00:00,bytedance:7629716483447343413,2026-08-24T21:20:16+00:00,2026-04-17T13:18:50+00:00,产品经理,字节跳动招聘,实习,AI产品实习生（代码方向）-抖音AI,https://jobs.bytedance.com/campus/position/7629716483447343413/detail,北京
运营,字节跳动,2026-08-24T18:43:44+00:00,bytedance:7629684316740405509,2026-08-24T21:20:16+00:00,2026-04-17T11:14:45+00:00,运营,字节跳动招聘,实习,治理体验运营实习生-TikTok Shop,https://jobs.bytedance.com/campus/position/7629684316740405509/detail,上海
产品,字节跳动,2026-08-24T18:43:44+00:00,bytedance:7629673317514938677,2026-08-24T21:20:16+00:00,2026-04-17T10:30:54+00:00,产品,字节跳动招聘,实习,AI产品实习生（平台产品）-抖音生活服务,https://jobs.bytedance.com/campus/position/7629673317514938677/detail,上海
运营,字节跳动,2026-08-24T18:43:44+00:00,bytedance:7629657137346136373,2026-08-24T21:20:16+00:00,2026-04-17T09:27:23+00:00,运营,字节跳动招聘,实习,3D资产质量评估实习生-TikTok,https://jobs.bytedance.com/campus/position/7629657137346136373/detail,北京
项目管理,字节跳动,2026-08-24T18:43:44+00:00,bytedance:7629656902670354693,2026-08-24T21:20:16+00:00,2026-04-17T09:25:30+00:00,项目管理,字节跳动招聘,实习,AI项目管理实习生-TikTok-内容安全平台,https://jobs.bytedance.com/campus/position/7629656902670354693/detail,北京
运营,字节跳动,2026-08-24T18:43:44+00:00,bytedance:7629653531158989109,2026-08-24T21:20:16+00:00,2026-04-17T09:14:23+00:00,运营,字节跳动招聘,实习,海外短剧后期实习生-TikTok,https://jobs.bytedance.com/campus/position/7629653531158989109/detail,北京
运营,字节跳动,2026-08-24T18:43:44+00:00,bytedance:7629650719462721797,2026-08-24T21:20:16+00:00,2026-04-17T09:01:36+00:00,运营,字节跳动招聘,实习,生态治理运营实习生-TikTok直播,https://jobs.bytedance.com/campus/position/7629650719462721797/detail,上海
运营,字节跳动,2026-08-24T18:43:44+00:00,bytedance:7629647662871824645,2026-08-24T21:20:16+00:00,2026-04-17T08:51:37+00:00,运营,字节跳动招聘,实习,策略运营实习生-TikTok直播,https://jobs.bytedance.com/campus/position/7629647662871824645/detail,北京
商业分析,字节跳动,2026-08-24T18:43:44+00:00,bytedance:7629642698550544693,2026-08-24T21:20:16+00:00,2026-04-17T08:31:29+00:00,运营,字节跳动招聘,实习,经营分析实习生-商业化,https://jobs.bytedance.com/campus/position/7629642698550544693/detail,上海
运营,字节跳动,2026-08-24T18:43:44+00:00,bytedance:7629622064656615733,2026-08-24T21:20:16+00:00,2026-04-17T07:11:40+00:00,运营,字节跳动招聘,实习,内容策略运营实习生-国际化内容社区,https://jobs.bytedance.com/campus/position/7629622064656615733/detail,上海
战略,字节跳动,2026-08-24T18:43:44+00:00,bytedance:7629573143905372469,2026-08-24T21:20:16+00:00,2026-04-17T04:01:33+00:00,运营,字节跳动招聘,实习,战略分析实习生 - 抖音生活服务,https://jobs.bytedance.com/campus/position/7629573143905372469/detail,上海
商业分析,字节跳动,2026-08-24T18:43:44+00:00,bytedance:7629573146500942133,2026-08-24T21:20:16+00:00,2026-04-17T04:00:31+00:00,运营,字节跳动招聘,实习,商业分析实习生 - 抖音生活服务,https://jobs.bytedance.com/campus/position/7629573146500942133/detail,北京
产品,字节跳动,2026-08-24T18:43:44+00:00,bytedance:7629327741658024245,2026-08-24T21:20:16+00:00,2026-04-16T12:10:28+00:00,产品,字节跳动招聘,实习,AIGC策略产品（AI素材方向）实习生-中国交易与广告,https://jobs.bytedance.com/campus/position/7629327741658024245/detail,北京
市场,字节跳动,2026-08-24T18:43:44+00:00,bytedance:7629274164566395189,2026-08-24T21:20:16+00:00,2026-04-16T08:40:22+00:00,运营,字节跳动招聘,实习,营销活动运营实习生-TikTok Shop,https://jobs.bytedance.com/campus/position/7629274164566395189/detail,上海
设计,字节跳动,2026-08-24T18:43:44+00:00,bytedance:7629272812809308421,2026-08-24T21:20:16+00:00,2026-04-16T08:36:07+00:00,设计,字节跳动招聘,实习,多媒体设计实习生 - TikTok设计,https://jobs.bytedance.com/campus/position/7629272812809308421/detail,北京
商务,字节跳动,2026-08-24T18:43:44+00:00,bytedance:7629258516613024053,2026-08-24T21:20:16+00:00,2026-04-16T07:40:21+00:00,商业运营,字节跳动招聘,实习,商业运营实习生 - 飞书商业化,https://jobs.bytedance.com/campus/position/7629258516613024053/detail,上海
商务,字节跳动,2026-08-24T18:43:44+00:00,bytedance:7629245814632466741,2026-08-24T21:20:16+00:00,2026-04-16T06:50:29+00:00,销售支持,字节跳动招聘,实习,FDE实习生（华南） - 飞书商业化,https://jobs.bytedance.com/campus/position/7629245814632466741/detail,深圳
商务,字节跳动,2026-08-24T18:43:44+00:00,bytedance:7629243671678994741,2026-08-24T21:20:16+00:00,2026-04-16T06:43:04+00:00,销售支持,字节跳动招聘,实习,FDE实习生 - 飞书商业化,https://jobs.bytedance.com/campus/position/7629243671678994741/detail,上海
销售,字节跳动,2026-08-24T18:43:44+00:00,bytedance:7629239203839134005,2026-08-24T21:20:16+00:00,2026-04-16T06:25:21+00:00,销售,字节跳动招聘,实习,渠道销售实习生-飞书商业化,https://jobs.bytedance.com/campus/position/7629239203839134005/detail,成都
商务,字节跳动,2026-08-24T18:43:44+00:00,bytedance:7629238011307428101,2026-08-24T21:20:16+00:00,2026-04-16T06:20:34+00:00,销售支持,字节跳动招聘,实习,FDE实习生 - 飞书商业化,https://jobs.bytedance.com/campus/position/7629238011307428101/detail,北京
产品,字节跳动,2026-08-24T18:43:44+00:00,bytedance:7629236441524767029,2026-08-24T21:20:16+00:00,2026-04-16T06:14:15+00:00,产品,字节跳动招聘,实习,抖音商家中心产品实习生-广告业务,https://jobs.bytedance.com/campus/position/7629236441524767029/detail,北京
产品,字节跳动,2026-08-24T18:43:44+00:00,bytedance:7629227805616654597,2026-08-24T21:20:16+00:00,2026-04-16T05:43:22+00:00,运营,字节跳动招聘,实习,体验治理与策略产品实习生-抖音生活服务,https://jobs.bytedance.com/campus/position/7629227805616654597/detail,北京
产品,字节跳动,2026-08-24T18:43:44+00:00,bytedance:7629227888441723189,2026-08-24T21:20:16+00:00,2026-04-16T05:43:16+00:00,运营,字节跳动招聘,实习,体验治理与策略产品实习生-抖音生活服务,https://jobs.bytedance.com/campus/position/7629227888441723189/detail,上海
商务,字节跳动,2026-08-24T18:43:44+00:00,bytedance:7629148161292765445,2026-08-24T21:20:16+00:00,2026-04-16T00:38:33+00:00,产品,字节跳动招聘,实习,商业化产品实习生-Coze,https://jobs.bytedance.com/campus/position/7629148161292765445/detail,深圳
职能,字节跳动,2026-08-24T18:43:44+00:00,bytedance:7628976190200498485,2026-08-24T21:20:16+00:00,2026-04-15T13:30:27+00:00,人力,字节跳动招聘,实习,HR实习生-TikTok,https://jobs.bytedance.com/campus/position/7628976190200498485/detail,上海
商业分析,字节跳动,2026-08-24T18:43:44+00:00,bytedance:7628929211449133365,2026-08-24T21:20:16+00:00,2026-04-15T10:24:19+00:00,运营,字节跳动招聘,实习,商业分析实习生-广告业务,https://jobs.bytedance.com/campus/position/7628929211449133365/detail,北京
设计,字节跳动,2026-08-24T18:43:44+00:00,bytedance:7628921396593641733,2026-08-24T21:20:16+00:00,2026-04-15T09:51:32+00:00,设计,字节跳动招聘,实习,视觉设计实习生-抖音,https://jobs.bytedance.com/campus/position/7628921396593641733/detail,北京
设计,字节跳动,2026-08-24T18:43:44+00:00,bytedance:7628917319545456949,2026-08-24T21:20:16+00:00,2026-04-15T09:36:43+00:00,设计,字节跳动招聘,实习,产品设计实习生-汽水音乐,https://jobs.bytedance.com/campus/position/7628917319545456949/detail,上海
职能,字节跳动,2026-08-24T18:43:44+00:00,bytedance:7628911237474191621,2026-08-24T21:20:16+00:00,2026-04-15T09:13:51+00:00,财务,字节跳动招聘,实习,财务实习生,https://jobs.bytedance.com/campus/position/7628911237474191621/detail,北京
产品,字节跳动,2026-08-24T18:43:44+00:00,bytedance:7628888319682857269,2026-08-24T21:20:16+00:00,2026-04-15T07:43:14+00:00,产品,字节跳动招聘,实习,合同产品实习生（AI应用方向）-集团信息系统,https://jobs.bytedance.com/campus/position/7628888319682857269/detail,北京
运营,字节跳动,2026-08-24T18:43:44+00:00,bytedance:7628878081310132485,2026-08-24T21:20:16+00:00,2026-04-15T07:03:42+00:00,运营,字节跳动招聘,实习,模型数据运营实习生-TikTok,https://jobs.bytedance.com/campus/position/7628878081310132485/detail,北京
运营,字节跳动,2026-08-24T18:43:44+00:00,bytedance:7628864025048451381,2026-08-24T21:20:16+00:00,2026-04-15T06:09:35+00:00,运营,字节跳动招聘,实习,模型运营实习生 - 内容质量与数据服务平台,https://jobs.bytedance.com/campus/position/7628864025048451381/detail,北京
商业分析,字节跳动,2026-08-24T19:23:31+00:00,bytedance:7628832680382089525,2026-08-24T21:20:16+00:00,2026-04-15T04:07:09+00:00,数据分析,字节跳动招聘,实习,数据分析实习生-抖音,https://jobs.bytedance.com/campus/position/7628832680382089525/detail,北京
产品,字节跳动,2026-08-24T18:43:44+00:00,bytedance:7628832143767619845,2026-08-24T21:20:16+00:00,2026-04-15T04:06:08+00:00,产品,字节跳动招聘,实习,AI产品实习生（平台产品）-抖音生活服务,https://jobs.bytedance.com/campus/position/7628832143767619845/detail,北京
产品,字节跳动,2026-08-24T18:43:44+00:00,bytedance:7628831225650039045,2026-08-24T21:20:16+00:00,2026-04-15T04:01:56+00:00,产品,字节跳动招聘,实习,AI产品实习生（表格） - 飞书&豆包办公任务,https://jobs.bytedance.com/campus/position/7628831225650039045/detail,北京
设计,字节跳动,2026-08-24T18:43:44+00:00,bytedance:7628814219996465413,2026-08-24T21:20:16+00:00,2026-04-15T02:56:34+00:00,设计,字节跳动招聘,实习,UI设计实习生-AI创新业务,https://jobs.bytedance.com/campus/position/7628814219996465413/detail,北京
设计,字节跳动,2026-08-24T18:43:44+00:00,bytedance:7628812845358352693,2026-08-24T21:20:16+00:00,2026-04-15T02:51:04+00:00,设计,字节跳动招聘,实习,工业设计实习生-AI创新业务,https://jobs.bytedance.com/campus/position/7628812845358352693/detail,深圳
产品,字节跳动,2026-08-24T18:43:44+00:00,bytedance:7628558235151124789,2026-08-24T21:20:16+00:00,2026-04-14T10:24:58+00:00,产品,字节跳动招聘,实习,AI产品实习生-AI创新业务,https://jobs.bytedance.com/campus/position/7628558235151124789/detail,北京
产品,字节跳动,2026-08-24T18:43:44+00:00,bytedance:7628548251319798021,2026-08-24T21:20:16+00:00,2026-04-14T09:45:41+00:00,产品,字节跳动招聘,实习,商业产品实习生（行业产品）-广告业务,https://jobs.bytedance.com/campus/position/7628548251319798021/detail,上海
市场,字节跳动,2026-08-24T18:43:44+00:00,bytedance:7628523579898825013,2026-08-24T21:20:16+00:00,2026-04-14T08:08:48+00:00,职能 / 支持,字节跳动招聘,实习,雇主品牌（大模型技术传播方向）实习生 - Seed,https://jobs.bytedance.com/campus/position/7628523579898825013/detail,北京
运营,字节跳动,2026-08-24T18:43:44+00:00,bytedance:7628501670603196725,2026-08-24T21:20:16+00:00,2026-04-14T06:43:29+00:00,运营,字节跳动招聘,实习,商家运营实习生-TikTok Shop,https://jobs.bytedance.com/campus/position/7628501670603196725/detail,上海
运营,字节跳动,2026-08-24T18:43:44+00:00,bytedance:7628498816802605365,2026-08-24T21:20:16+00:00,2026-04-14T06:31:31+00:00,运营,字节跳动招聘,实习,商家策略实习生-TikTok Shop,https://jobs.bytedance.com/campus/position/7628498816802605365/detail,上海
运营,字节跳动,2026-08-24T18:43:44+00:00,bytedance:7628496474872416565,2026-08-24T21:20:16+00:00,2026-04-14T06:23:25+00:00,运营,字节跳动招聘,实习,商家内容运营实习生-TikTok Shop,https://jobs.bytedance.com/campus/position/7628496474872416565/detail,上海
运营,字节跳动,2026-08-24T18:43:44+00:00,bytedance:7628457924530555141,2026-08-24T21:20:16+00:00,2026-04-14T03:53:39+00:00,运营,字节跳动招聘,实习,AI Agent运营实习生-TikTok,https://jobs.bytedance.com/campus/position/7628457924530555141/detail,上海
运营,字节跳动,2026-08-24T18:43:44+00:00,bytedance:7628273643374659845,2026-08-24T21:20:16+00:00,2026-04-13T15:59:51+00:00,运营,字节跳动招聘,实习,美区策略运营实习生-TikTok Shop,https://jobs.bytedance.com/campus/position/7628273643374659845/detail,上海
运营,字节跳动,2026-08-24T18:43:44+00:00,bytedance:7628272855977183541,2026-08-24T21:20:16+00:00,2026-04-13T15:55:28+00:00,运营,字节跳动招聘,实习,美国FBT商家运营实习生-TikTok Shop,https://jobs.bytedance.com/campus/position/7628272855977183541/detail,杭州
产品,字节跳动,2026-08-24T18:43:44+00:00,bytedance:7628231105279215877,2026-08-24T21:20:16+00:00,2026-04-13T13:13:34+00:00,产品,字节跳动招聘,实习,金融风控产品实习生-国际支付,https://jobs.bytedance.com/campus/position/7628231105279215877/detail,北京
产品,字节跳动,2026-08-24T18:43:44+00:00,bytedance:7628230970135087365,2026-08-24T21:20:16+00:00,2026-04-13T13:12:27+00:00,产品,字节跳动招聘,实习,金融风控产品实习生-国际支付,https://jobs.bytedance.com/campus/position/7628230970135087365/detail,上海
产品,字节跳动,2026-08-24T18:43:44+00:00,bytedance:7628163243531553029,2026-08-24T21:20:16+00:00,2026-04-13T08:49:35+00:00,产品,字节跳动招聘,实习,商业产品实习生-广告业务,https://jobs.bytedance.com/campus/position/7628163243531553029/detail,上海
运营,字节跳动,2026-08-24T18:43:44+00:00,bytedance:7628152120868587829,2026-08-24T21:20:16+00:00,2026-04-13T08:07:16+00:00,运营,字节跳动招聘,实习,大模型培训&产品运营实习生 - 内容质量与数据服务平台,https://jobs.bytedance.com/campus/position/7628152120868587829/detail,北京
商务,字节跳动,2026-08-24T18:43:44+00:00,bytedance:7628146993387555125,2026-08-24T21:20:16+00:00,2026-04-13T07:46:37+00:00,运营,字节跳动招聘,实习,AI解决方案实习生-飞书,https://jobs.bytedance.com/campus/position/7628146993387555125/detail,杭州
产品,字节跳动,2026-08-24T18:43:44+00:00,bytedance:7628120805838424373,2026-08-24T21:20:16+00:00,2026-04-13T06:04:55+00:00,产品,字节跳动招聘,实习,OpenViking产品实习生-Data AML,https://jobs.bytedance.com/campus/position/7628120805838424373/detail,北京
产品,字节跳动,2026-08-24T18:43:44+00:00,bytedance:7628120311020177717,2026-08-24T21:20:16+00:00,2026-04-13T06:02:54+00:00,产品,字节跳动招聘,实习,内容安全产品实习生-TikTok,https://jobs.bytedance.com/campus/position/7628120311020177717/detail,上海
设计,字节跳动,2026-08-24T18:43:44+00:00,bytedance:7628118259315394821,2026-08-24T21:20:16+00:00,2026-04-13T05:54:48+00:00,运营,字节跳动招聘,实习,AIGC设计实习生-TikTok Shop,https://jobs.bytedance.com/campus/position/7628118259315394821/detail,上海
增长,字节跳动,2026-08-24T18:43:44+00:00,bytedance:7628105612052072709,2026-08-24T21:20:16+00:00,2026-04-13T05:05:47+00:00,广告投放,字节跳动招聘,实习,增长营销（创新营销方向）实习生-抖音增长,https://jobs.bytedance.com/campus/position/7628105612052072709/detail,北京
产品,字节跳动,2026-08-24T18:43:44+00:00,bytedance:7627903322839828741,2026-08-24T21:20:16+00:00,2026-04-12T16:00:40+00:00,产品经理,字节跳动招聘,实习,内容直播产品实习生-TikTok Shop,https://jobs.bytedance.com/campus/position/7627903322839828741/detail,上海
市场,字节跳动,2026-08-24T18:43:44+00:00,bytedance:7627900260568189237,2026-08-24T21:20:16+00:00,2026-04-12T15:58:30+00:00,产品经理,字节跳动招聘,实习,智能营销产品实习生-Global Selling,https://jobs.bytedance.com/campus/position/7627900260568189237/detail,上海
战略,字节跳动,2026-08-24T18:43:44+00:00,bytedance:7627060680110442757,2026-08-24T21:20:16+00:00,2026-04-10T09:32:19+00:00,战略,字节跳动招聘,实习,SEA战略资源管理实习生-TikTok Shop,https://jobs.bytedance.com/campus/position/7627060680110442757/detail,上海
运营,字节跳动,2026-08-24T18:43:44+00:00,bytedance:7627054032545204533,2026-08-24T21:20:16+00:00,2026-04-10T09:06:27+00:00,运营,字节跳动招聘,实习,内容与达人治理策略运营实习生-TikTok Shop,https://jobs.bytedance.com/campus/position/7627054032545204533/detail,上海
运营,字节跳动,2026-08-24T18:43:44+00:00,bytedance:7627045432726145285,2026-08-24T21:20:16+00:00,2026-04-10T08:33:26+00:00,运营,字节跳动招聘,实习,履约治理策略实习生-TikTok Shop,https://jobs.bytedance.com/campus/position/7627045432726145285/detail,上海
职能,字节跳动,2026-08-24T18:43:44+00:00,bytedance:7627038766969096501,2026-08-24T21:20:16+00:00,2026-04-10T08:08:03+00:00,运营,字节跳动招聘,实习,申诉与合规运营实习生-TikTok Shop,https://jobs.bytedance.com/campus/position/7627038766969096501/detail,上海
运营,字节跳动,2026-08-24T18:43:44+00:00,bytedance:7627035023501609221,2026-08-24T21:20:16+00:00,2026-04-10T07:53:54+00:00,运营,字节跳动招聘,实习,服务运营实习生-TikTok Shop,https://jobs.bytedance.com/campus/position/7627035023501609221/detail,上海
产品,字节跳动,2026-08-24T18:43:44+00:00,bytedance:7627031279393048885,2026-08-24T21:20:16+00:00,2026-04-10T07:36:52+00:00,产品经理,字节跳动招聘,实习,AI产品经理实习生-TikTok业务风控,https://jobs.bytedance.com/campus/position/7627031279393048885/detail,北京
运营,字节跳动,2026-08-24T18:43:44+00:00,bytedance:7627027043423897861,2026-08-24T21:20:16+00:00,2026-04-10T07:21:27+00:00,运营,字节跳动招聘,实习,平台治理运营（AI方向）实习生-TikTok Shop,https://jobs.bytedance.com/campus/position/7627027043423897861/detail,杭州
运营,字节跳动,2026-08-24T18:43:44+00:00,bytedance:7627024738478033157,2026-08-24T21:20:16+00:00,2026-04-10T07:11:56+00:00,运营,字节跳动招聘,实习,平台治理运营（AI方向）实习生-TikTok Shop,https://jobs.bytedance.com/campus/position/7627024738478033157/detail,上海
运营,字节跳动,2026-08-24T18:43:44+00:00,bytedance:7627018495075666229,2026-08-24T21:20:16+00:00,2026-04-10T06:47:47+00:00,运营,字节跳动招聘,实习,治理体验运营实习生-TikTok Shop,https://jobs.bytedance.com/campus/position/7627018495075666229/detail,上海
运营,字节跳动,2026-08-24T18:43:44+00:00,bytedance:7627010175270013237,2026-08-24T21:20:16+00:00,2026-04-10T06:15:15+00:00,运营,字节跳动招聘,实习,内容与达人治理策略运营实习生-TikTok Shop,https://jobs.bytedance.com/campus/position/7627010175270013237/detail,上海
运营,字节跳动,2026-08-24T18:43:44+00:00,bytedance:7627008495183956277,2026-08-24T21:20:16+00:00,2026-04-10T06:09:11+00:00,运营,字节跳动招聘,实习,治理运营实习生-TikTok Shop,https://jobs.bytedance.com/campus/position/7627008495183956277/detail,北京
运营,字节跳动,2026-08-24T18:43:44+00:00,bytedance:7627006199334275381,2026-08-24T21:20:16+00:00,2026-04-10T05:59:56+00:00,运营,字节跳动招聘,实习,治理运营实习生-TikTok Shop,https://jobs.bytedance.com/campus/position/7627006199334275381/detail,上海
运营,字节跳动,2026-08-24T18:43:44+00:00,bytedance:7626958874361612597,2026-08-24T21:20:16+00:00,2026-04-10T02:57:17+00:00,运营,字节跳动招聘,实习,酒旅行业治理运营实习生-抖音生活服务,https://jobs.bytedance.com/campus/position/7626958874361612597/detail,北京
商业分析,字节跳动,2026-08-24T18:43:44+00:00,bytedance:7626695934931978501,2026-08-24T21:20:16+00:00,2026-04-09T09:55:29+00:00,运营,字节跳动招聘,实习,商业分析实习生（US）-TikTok Shop,https://jobs.bytedance.com/campus/position/7626695934931978501/detail,上海
职能,字节跳动,2026-08-24T18:43:44+00:00,bytedance:7626693758323181829,2026-08-24T21:20:16+00:00,2026-04-09T09:48:03+00:00,人力,字节跳动招聘,实习,HR实习生-TikTok,https://jobs.bytedance.com/campus/position/7626693758323181829/detail,北京
市场,字节跳动,2026-08-24T18:43:44+00:00,bytedance:7626688893073656069,2026-08-24T21:20:16+00:00,2026-04-09T09:28:39+00:00,运营,字节跳动招聘,实习,US活动营销实习生-TikTok Shop,https://jobs.bytedance.com/campus/position/7626688893073656069/detail,上海
运营,字节跳动,2026-08-24T18:43:44+00:00,bytedance:7626686820539304197,2026-08-24T21:20:16+00:00,2026-04-09T09:22:00+00:00,运营,字节跳动招聘,实习,商品运营实习生-TikTok Shop,https://jobs.bytedance.com/campus/position/7626686820539304197/detail,广州
战略,字节跳动,2026-08-24T18:43:44+00:00,bytedance:7626680431442348293,2026-08-24T21:20:16+00:00,2026-04-09T08:55:21+00:00,运营,字节跳动招聘,实习,国际电商战略与分析实习生-TikTok Shop,https://jobs.bytedance.com/campus/position/7626680431442348293/detail,上海
运营,字节跳动,2026-08-24T18:43:44+00:00,bytedance:7626647251342854405,2026-08-24T21:20:16+00:00,2026-04-09T06:47:07+00:00,运营,字节跳动招聘,实习,大模型安全训练实习生-内容质量与数据服务平台,https://jobs.bytedance.com/campus/position/7626647251342854405/detail,成都
运营,字节跳动,2026-08-24T18:43:44+00:00,bytedance:7626634390611380485,2026-08-24T21:20:16+00:00,2026-04-09T05:58:45+00:00,运营,字节跳动招聘,实习,广告机审质量运营实习生 - 商业生态与安全,https://jobs.bytedance.com/campus/position/7626634390611380485/detail,成都
运营,字节跳动,2026-08-24T18:43:44+00:00,bytedance:7626605803105585461,2026-08-24T21:20:16+00:00,2026-04-09T04:05:39+00:00,运营,字节跳动招聘,实习,全托管服饰直播运营实习生-TikTok Shop,https://jobs.bytedance.com/campus/position/7626605803105585461/detail,上海
运营,字节跳动,2026-08-24T18:43:44+00:00,bytedance:7626596797633513781,2026-08-24T21:20:16+00:00,2026-04-09T03:31:46+00:00,运营,字节跳动招聘,实习,美国电商达人策略运营实习生-TikTok Shop,https://jobs.bytedance.com/campus/position/7626596797633513781/detail,上海
产品,字节跳动,2026-08-24T18:43:44+00:00,bytedance:7626596579331442997,2026-08-24T21:20:16+00:00,2026-04-09T03:30:43+00:00,产品经理,字节跳动招聘,实习,AI产品实习生（创新工具）-飞书,https://jobs.bytedance.com/campus/position/7626596579331442997/detail,北京
运营,字节跳动,2026-08-24T18:43:44+00:00,bytedance:7626595468919245109,2026-08-24T21:20:16+00:00,2026-04-09T03:25:58+00:00,产品运营,字节跳动招聘,实习,治理产品运营实习生-TikTok Shop,https://jobs.bytedance.com/campus/position/7626595468919245109/detail,上海
产品,字节跳动,2026-08-24T18:43:44+00:00,bytedance:7626571683482192181,2026-08-24T21:20:16+00:00,2026-04-09T01:53:22+00:00,产品,字节跳动招聘,实习,AI产品实习生（广告策略）-广告业务,https://jobs.bytedance.com/campus/position/7626571683482192181/detail,北京
运营,字节跳动,2026-08-24T18:43:44+00:00,bytedance:7626405832338557237,2026-08-24T21:20:16+00:00,2026-04-08T15:10:07+00:00,运营,字节跳动招聘,实习,葡语短剧运营实习生-TikTok,https://jobs.bytedance.com/campus/position/7626405832338557237/detail,北京
运营,字节跳动,2026-08-24T18:43:44+00:00,bytedance:7626403296945391877,2026-08-24T21:20:16+00:00,2026-04-08T15:02:32+00:00,运营,字节跳动招聘,实习,搜索安全策略运营实习生-TikTok,https://jobs.bytedance.com/campus/position/7626403296945391877/detail,北京
运营,字节跳动,2026-08-24T18:43:44+00:00,bytedance:7626335531035707701,2026-08-24T21:20:16+00:00,2026-04-08T10:37:44+00:00,运营,字节跳动招聘,实习,AI智能服务运营实习生-抖音生活服务,https://jobs.bytedance.com/campus/position/7626335531035707701/detail,上海
战略,字节跳动,2026-08-24T18:43:44+00:00,bytedance:7626287507378915637,2026-08-24T21:20:16+00:00,2026-04-08T07:31:17+00:00,运营,字节跳动招聘,实习,战略分析实习生-TikTok Shop,https://jobs.bytedance.com/campus/position/7626287507378915637/detail,上海
设计,字节跳动,2026-08-24T18:43:44+00:00,bytedance:7626283275377543429,2026-08-24T21:20:16+00:00,2026-04-08T07:14:28+00:00,设计,字节跳动招聘,实习,AI创新设计实习生-AI创新业务,https://jobs.bytedance.com/campus/position/7626283275377543429/detail,深圳
产品,字节跳动,2026-08-24T18:43:44+00:00,bytedance:7626256572440381749,2026-08-24T21:20:16+00:00,2026-04-08T05:32:23+00:00,产品,字节跳动招聘,实习,AI产品实习生-飞书,https://jobs.bytedance.com/campus/position/7626256572440381749/detail,北京
产品,字节跳动,2026-08-24T18:43:44+00:00,bytedance:7626256222968809733,2026-08-24T21:20:16+00:00,2026-04-08T05:31:40+00:00,产品,字节跳动招聘,实习,AI产品（AI coding方向）实习生-飞书,https://jobs.bytedance.com/campus/position/7626256222968809733/detail,杭州
产品,字节跳动,2026-08-24T18:43:44+00:00,bytedance:7626255405492963637,2026-08-24T21:20:16+00:00,2026-04-08T05:28:26+00:00,产品,字节跳动招聘,实习,AI产品实习生-飞书,https://jobs.bytedance.com/campus/position/7626255405492963637/detail,北京
产品,字节跳动,2026-08-24T18:43:44+00:00,bytedance:7626254214814517557,2026-08-24T21:20:16+00:00,2026-04-08T05:26:36+00:00,产品,字节跳动招聘,实习,AI产品实习生（Aily）-飞书,https://jobs.bytedance.com/campus/position/7626254214814517557/detail,杭州
运营,字节跳动,2026-08-24T18:43:44+00:00,bytedance:7626235306686040373,2026-08-24T21:20:16+00:00,2026-04-08T04:10:16+00:00,运营,字节跳动招聘,实习,电商内容策略运营实习生-TikTok Shop,https://jobs.bytedance.com/campus/position/7626235306686040373/detail,上海
战略,字节跳动,2026-08-24T18:43:44+00:00,bytedance:7626232264976107781,2026-08-24T21:20:16+00:00,2026-04-08T03:56:17+00:00,战略,字节跳动招聘,实习,战略/经营分析实习生 - 国际支付,https://jobs.bytedance.com/campus/position/7626232264976107781/detail,北京
职能,字节跳动,2026-08-24T18:43:44+00:00,bytedance:7625937032265468165,2026-08-24T21:20:16+00:00,2026-04-07T08:52:22+00:00,人力,字节跳动招聘,实习,组织效能实习生 - 研发中台,https://jobs.bytedance.com/campus/position/7625937032265468165/detail,上海 | 北京
运营,字节跳动,2026-08-24T18:43:44+00:00,bytedance:7625918837627668789,2026-08-24T21:20:16+00:00,2026-04-07T07:41:39+00:00,运营,字节跳动招聘,实习,商家运营实习生-TikTok生活服务,https://jobs.bytedance.com/campus/position/7625918837627668789/detail,上海
市场,字节跳动,2026-08-24T18:43:44+00:00,bytedance:7625893417145010437,2026-08-24T21:20:16+00:00,2026-04-07T06:02:46+00:00,市场,字节跳动招聘,实习,市场营销运营实习生 - 飞书商业化,https://jobs.bytedance.com/campus/position/7625893417145010437/detail,深圳
战略,字节跳动,2026-08-24T18:43:44+00:00,bytedance:7624480596735527221,2026-08-24T21:20:16+00:00,2026-04-03T10:38:59+00:00,运营,字节跳动招聘,实习,战略与经营实习生-TikTok Shop,https://jobs.bytedance.com/campus/position/7624480596735527221/detail,上海
运营,字节跳动,2026-08-24T18:43:44+00:00,bytedance:7624459505992042805,2026-08-24T21:20:16+00:00,2026-04-03T09:17:16+00:00,营销策划,字节跳动招聘,实习,泰语广告实习生-国际化内容社区,https://jobs.bytedance.com/campus/position/7624459505992042805/detail,上海
商业分析,字节跳动,2026-08-24T18:43:44+00:00,bytedance:7624374465837041973,2026-08-24T21:20:16+00:00,2026-04-03T03:47:25+00:00,运营,字节跳动招聘,实习,商业分析实习生 - 抖音生活服务,https://jobs.bytedance.com/campus/position/7624374465837041973/detail,上海
战略,字节跳动,2026-08-24T18:43:44+00:00,bytedance:7624373918984964357,2026-08-24T21:20:16+00:00,2026-04-03T03:44:52+00:00,运营,字节跳动招聘,实习,战略分析实习生 - 抖音生活服务,https://jobs.bytedance.com/campus/position/7624373918984964357/detail,上海
运营,字节跳动,2026-08-24T18:43:44+00:00,bytedance:7624366188260510005,2026-08-24T21:20:16+00:00,2026-04-03T03:15:03+00:00,运营,字节跳动招聘,实习,垂类内容运营实习生-抖音,https://jobs.bytedance.com/campus/position/7624366188260510005/detail,北京
运营,字节跳动,2026-08-24T18:43:44+00:00,bytedance:7624361319101647109,2026-08-24T21:20:16+00:00,2026-04-03T02:56:14+00:00,产品运营,字节跳动招聘,实习,AI数据服务平台产品运营实习生-TikTok,https://jobs.bytedance.com/campus/position/7624361319101647109/detail,上海
运营,字节跳动,2026-08-24T18:43:44+00:00,bytedance:7624128504213539077,2026-08-24T21:20:16+00:00,2026-04-02T11:54:16+00:00,产品运营,字节跳动招聘,实习,产品运营实习生-抖音生活服务,https://jobs.bytedance.com/campus/position/7624128504213539077/detail,北京
运营,字节跳动,2026-08-24T18:43:44+00:00,bytedance:7624114627055749381,2026-08-24T21:20:16+00:00,2026-04-02T10:59:45+00:00,运营,字节跳动招聘,实习,剧本策划实习生-TikTok,https://jobs.bytedance.com/campus/position/7624114627055749381/detail,北京
运营,字节跳动,2026-08-24T18:43:44+00:00,bytedance:7624110476470569221,2026-08-24T21:20:16+00:00,2026-04-02T10:43:49+00:00,运营,字节跳动招聘,实习,策略产品（内容标签方向）实习生 - 抖音UGC,https://jobs.bytedance.com/campus/position/7624110476470569221/detail,北京
设计,字节跳动,2026-08-24T18:43:44+00:00,bytedance:7624109397433977141,2026-08-24T21:20:16+00:00,2026-04-02T10:39:40+00:00,设计,字节跳动招聘,实习,社区产品设计实习生-TikTok设计,https://jobs.bytedance.com/campus/position/7624109397433977141/detail,上海
运营,字节跳动,2026-08-24T18:43:44+00:00,bytedance:7624108359245318405,2026-08-24T21:20:16+00:00,2026-04-02T10:34:25+00:00,运营,字节跳动招聘,实习,内容理解运营实习生-TikTok,https://jobs.bytedance.com/campus/position/7624108359245318405/detail,上海
增长,字节跳动,2026-08-24T18:43:44+00:00,bytedance:7624108365493225733,2026-08-24T21:20:16+00:00,2026-04-02T10:34:22+00:00,运营,字节跳动招聘,实习,增长营销实习生 - 抖音UGC,https://jobs.bytedance.com/campus/position/7624108365493225733/detail,北京
产品,字节跳动,2026-08-24T18:43:44+00:00,bytedance:7624106288553822517,2026-08-24T21:20:16+00:00,2026-04-02T10:27:46+00:00,产品经理,字节跳动招聘,实习,作者体验产品实习生-TikTok,https://jobs.bytedance.com/campus/position/7624106288553822517/detail,北京
商业分析,字节跳动,2026-08-24T18:43:44+00:00,bytedance:7624099337807038773,2026-08-24T21:20:16+00:00,2026-04-02T09:59:19+00:00,产品运营,字节跳动招聘,实习,数据分析运营实习生-TikTok安全产品,https://jobs.bytedance.com/campus/position/7624099337807038773/detail,北京
市场,字节跳动,2026-08-24T18:43:44+00:00,bytedance:7624099117158467845,2026-08-24T21:20:16+00:00,2026-04-02T09:58:33+00:00,运营,字节跳动招聘,实习,品牌活动实习生 - TikTok Shop,https://jobs.bytedance.com/campus/position/7624099117158467845/detail,深圳
运营,字节跳动,2026-08-24T18:43:44+00:00,bytedance:7624099117551290677,2026-08-24T21:20:16+00:00,2026-04-02T09:58:28+00:00,产品运营,字节跳动招聘,实习,风险评估实习生-TikTok安全产品,https://jobs.bytedance.com/campus/position/7624099117551290677/detail,北京
运营,字节跳动,2026-08-24T18:43:44+00:00,bytedance:7624098487618406709,2026-08-24T21:20:16+00:00,2026-04-02T09:57:17+00:00,产品运营,字节跳动招聘,实习,模型运营实习生-TikTok安全产品,https://jobs.bytedance.com/campus/position/7624098487618406709/detail,北京
产品,字节跳动,2026-08-24T18:43:44+00:00,bytedance:7624061652398852357,2026-08-24T21:20:16+00:00,2026-04-02T07:33:07+00:00,产品,字节跳动招聘,实习,大模型产品（治理方向）实习生-TikTok产品,https://jobs.bytedance.com/campus/position/7624061652398852357/detail,北京
运营,字节跳动,2026-08-24T18:43:44+00:00,bytedance:7624052550879070517,2026-08-24T21:20:16+00:00,2026-04-02T06:58:47+00:00,用户运营,字节跳动招聘,实习,AI英文短剧剧本创作实习生-TikTok,https://jobs.bytedance.com/campus/position/7624052550879070517/detail,北京
设计,字节跳动,2026-08-24T18:43:44+00:00,bytedance:7624033803509975349,2026-08-24T21:20:16+00:00,2026-04-02T05:45:50+00:00,人力,字节跳动招聘,实习,设计运营实习生 - 招聘中心,https://jobs.bytedance.com/campus/position/7624033803509975349/detail,上海
运营,字节跳动,2026-08-24T18:43:44+00:00,bytedance:7624028743058802949,2026-08-24T21:20:16+00:00,2026-04-02T05:25:20+00:00,运营,字节跳动招聘,实习,产品运营（分类方向）实习生-国际化内容社区,https://jobs.bytedance.com/campus/position/7624028743058802949/detail,上海
产品,字节跳动,2026-08-24T18:43:44+00:00,bytedance:7624015659337681205,2026-08-24T21:20:16+00:00,2026-04-02T04:39:59+00:00,产品,字节跳动招聘,实习,达人产品实习生-抖音运营,https://jobs.bytedance.com/campus/position/7624015659337681205/detail,上海
产品,字节跳动,2026-08-24T18:43:44+00:00,bytedance:7623750498327988533,2026-08-24T21:20:16+00:00,2026-04-01T11:27:06+00:00,产品,字节跳动招聘,实习,用户产品实习生-TikTok Shop,https://jobs.bytedance.com/campus/position/7623750498327988533/detail,上海
产品,字节跳动,2026-08-24T18:43:44+00:00,bytedance:7623748855549479221,2026-08-24T21:20:16+00:00,2026-04-01T11:20:36+00:00,产品,字节跳动招聘,实习,EU&UK直播产品实习生-TikTok Shop,https://jobs.bytedance.com/campus/position/7623748855549479221/detail,上海
运营,字节跳动,2026-08-24T18:43:44+00:00,bytedance:7623746084954818869,2026-08-24T21:20:16+00:00,2026-04-01T11:08:54+00:00,运营,字节跳动招聘,实习,大模型防控实习生-抖音生活服务,https://jobs.bytedance.com/campus/position/7623746084954818869/detail,北京
产品,字节跳动,2026-08-24T18:43:44+00:00,bytedance:7623744512733989173,2026-08-24T21:20:16+00:00,2026-04-01T11:03:19+00:00,产品经理,字节跳动招聘,实习,大模型对话（阿拉伯语/印尼语/马来语/越南语/泰语/西班牙语）实习生-AI数据与安全,https://jobs.bytedance.com/campus/position/7623744512733989173/detail,北京
运营,字节跳动,2026-08-24T18:43:44+00:00,bytedance:7623734847907170565,2026-08-24T21:20:16+00:00,2026-04-01T10:24:56+00:00,用户运营,字节跳动招聘,实习,用户运营实习生（AIGC创新方向）-抖音,https://jobs.bytedance.com/campus/position/7623734847907170565/detail,深圳
产品,字节跳动,2026-08-24T18:43:44+00:00,bytedance:7623733460372343045,2026-08-24T21:20:16+00:00,2026-04-01T10:19:34+00:00,产品经理,字节跳动招聘,实习,AIGC产品实习生（创作方向）-抖音,https://jobs.bytedance.com/campus/position/7623733460372343045/detail,深圳
职能,字节跳动,2026-08-24T18:43:44+00:00,bytedance:7623637228435048709,2026-08-24T21:20:16+00:00,2026-04-01T04:06:56+00:00,运营,字节跳动招聘,实习,合规产品运营实习生-国际支付,https://jobs.bytedance.com/campus/position/7623637228435048709/detail,北京
产品,字节跳动,2026-08-24T18:43:44+00:00,bytedance:7623622002952849669,2026-08-24T21:20:16+00:00,2026-04-01T03:07:43+00:00,产品,字节跳动招聘,实习,广告策略产品实习生（游戏行业）-广告业务,https://jobs.bytedance.com/campus/position/7623622002952849669/detail,深圳
产品,字节跳动,2026-08-24T18:43:44+00:00,bytedance:7623369352953891077,2026-08-24T21:20:16+00:00,2026-03-31T10:47:08+00:00,产品,字节跳动招聘,实习,用户产品实习生-汽水音乐,https://jobs.bytedance.com/campus/position/7623369352953891077/detail,北京
运营,字节跳动,2026-08-24T18:43:44+00:00,bytedance:7623356895722244405,2026-08-24T21:20:16+00:00,2026-03-31T09:59:52+00:00,用户运营,字节跳动招聘,实习,主播成长实习生-TikTok,https://jobs.bytedance.com/campus/position/7623356895722244405/detail,北京
运营,字节跳动,2026-08-24T18:43:44+00:00,bytedance:7623344501484538117,2026-08-24T21:20:16+00:00,2026-03-31T09:11:10+00:00,运营,字节跳动招聘,实习,数据运营（方言对话方向）实习生 - AI数据与安全,https://jobs.bytedance.com/campus/position/7623344501484538117/detail,北京
产品,字节跳动,2026-08-24T18:43:44+00:00,bytedance:7623319759612135685,2026-08-24T21:20:16+00:00,2026-03-31T07:35:33+00:00,产品经理,字节跳动招聘,实习,产品经理实习生-数据库,https://jobs.bytedance.com/campus/position/7623319759612135685/detail,成都
产品,字节跳动,2026-08-24T18:43:44+00:00,bytedance:7623319792427305221,2026-08-24T21:20:16+00:00,2026-03-31T07:34:19+00:00,产品经理,字节跳动招聘,实习,产品经理实习生-数据库,https://jobs.bytedance.com/campus/position/7623319792427305221/detail,深圳
运营,字节跳动,2026-08-24T18:43:44+00:00,bytedance:7623319113452308741,2026-08-24T21:20:16+00:00,2026-03-31T07:32:46+00:00,产品运营,字节跳动招聘,实习,AI数据服务平台产品运营实习生-TikTok,https://jobs.bytedance.com/campus/position/7623319113452308741/detail,北京
产品,字节跳动,2026-08-24T18:43:44+00:00,bytedance:7623318938009258245,2026-08-24T21:20:16+00:00,2026-03-31T07:31:31+00:00,产品经理,字节跳动招聘,实习,产品经理实习生-数据库,https://jobs.bytedance.com/campus/position/7623318938009258245/detail,北京
产品,字节跳动,2026-08-24T18:43:44+00:00,bytedance:7623318280938735877,2026-08-24T21:20:16+00:00,2026-03-31T07:28:43+00:00,产品经理,字节跳动招聘,实习,产品经理实习生-数据库,https://jobs.bytedance.com/campus/position/7623318280938735877/detail,杭州
运营,字节跳动,2026-08-24T18:43:44+00:00,bytedance:7623258052780558597,2026-08-24T21:20:16+00:00,2026-03-31T03:35:06+00:00,运营,字节跳动招聘,实习,交易数据支持实习生-飞书,https://jobs.bytedance.com/campus/position/7623258052780558597/detail,北京
战略,字节跳动,2026-08-24T18:43:44+00:00,bytedance:7623245043763988789,2026-08-24T21:20:16+00:00,2026-03-31T02:44:13+00:00,战略,字节跳动招聘,实习,AI战略实习生-TikTok,https://jobs.bytedance.com/campus/position/7623245043763988789/detail,上海
用户研究,字节跳动,2026-08-24T18:43:44+00:00,bytedance:7623018360788224309,2026-08-24T21:20:16+00:00,2026-03-30T12:04:38+00:00,产品经理,字节跳动招聘,实习,调研工具产品实习生-经营办公室（用户研究）,https://jobs.bytedance.com/campus/position/7623018360788224309/detail,深圳
商业分析,字节跳动,2026-08-24T18:43:44+00:00,bytedance:7622971928023124277,2026-08-24T21:20:16+00:00,2026-03-30T09:05:48+00:00,运营,字节跳动招聘,实习,商业分析实习生 - TikTok Shop,https://jobs.bytedance.com/campus/position/7622971928023124277/detail,北京 | 上海
产品,字节跳动,2026-08-24T18:43:44+00:00,bytedance:7622932352371263749,2026-08-24T21:20:16+00:00,2026-03-30T06:31:41+00:00,产品,字节跳动招聘,实习,推荐策略产品实习生-TikTok Shop,https://jobs.bytedance.com/campus/position/7622932352371263749/detail,上海
运营,字节跳动,2026-08-24T18:43:44+00:00,bytedance:7622877121341884677,2026-08-24T21:20:16+00:00,2026-03-30T02:56:29+00:00,运营,字节跳动招聘,实习,分析实习生-TikTok直播,https://jobs.bytedance.com/campus/position/7622877121341884677/detail,深圳
商业分析,字节跳动,2026-08-24T19:23:31+00:00,bytedance:7621874050630109445,2026-08-24T21:20:16+00:00,2026-03-27T10:07:07+00:00,数据分析,字节跳动招聘,实习,数据分析实习生（基础体验方向）-抖音,https://jobs.bytedance.com/campus/position/7621874050630109445/detail,北京
市场,字节跳动,2026-08-24T18:43:44+00:00,bytedance:7621870280403077381,2026-08-24T21:20:16+00:00,2026-03-27T09:49:38+00:00,运营,字节跳动招聘,实习,达人营销实习生-剪映CapCut,https://jobs.bytedance.com/campus/position/7621870280403077381/detail,北京
运营,字节跳动,2026-08-24T18:43:44+00:00,bytedance:7621843065141217589,2026-08-24T21:20:16+00:00,2026-03-27T08:04:44+00:00,运营,字节跳动招聘,实习,小游戏玩法运营实习生-抖音,https://jobs.bytedance.com/campus/position/7621843065141217589/detail,深圳
增长,字节跳动,2026-08-24T18:43:44+00:00,bytedance:7621838251519428917,2026-08-24T21:20:16+00:00,2026-03-27T07:46:10+00:00,运营,字节跳动招聘,实习,AI增长运营实习生-剪映CapCut,https://jobs.bytedance.com/campus/position/7621838251519428917/detail,北京
运营,字节跳动,2026-08-24T18:43:44+00:00,bytedance:7621837068327143733,2026-08-24T21:20:16+00:00,2026-03-27T07:41:38+00:00,用户运营,字节跳动招聘,实习,内容创作实习生-国际化内容社区,https://jobs.bytedance.com/campus/position/7621837068327143733/detail,北京
商业分析,字节跳动,2026-08-24T18:43:44+00:00,bytedance:7621749630068394245,2026-08-24T21:20:16+00:00,2026-03-27T02:04:08+00:00,商业运营,字节跳动招聘,实习,日本商家中台策略运营（数据分析方向）实习生 - TikTok Shop,https://jobs.bytedance.com/campus/position/7621749630068394245/detail,上海
运营,字节跳动,2026-08-24T18:43:44+00:00,bytedance:7621574054126586165,2026-08-24T21:20:16+00:00,2026-03-26T14:44:52+00:00,运营,字节跳动招聘,实习,快消行业品类运营实习生-TikTok Shop,https://jobs.bytedance.com/campus/position/7621574054126586165/detail,深圳
市场,字节跳动,2026-08-24T18:43:44+00:00,bytedance:7621569124894624005,2026-08-24T21:20:16+00:00,2026-03-26T14:26:34+00:00,运营,字节跳动招聘,实习,POP电商行业实习生（欧洲日本市场）-TikTok Shop,https://jobs.bytedance.com/campus/position/7621569124894624005/detail,深圳
市场,字节跳动,2026-08-24T18:43:44+00:00,bytedance:7621525798237473029,2026-08-24T21:20:16+00:00,2026-03-26T11:33:52+00:00,产品,字节跳动招聘,实习,激励营销产品实习生-悟空浏览器,https://jobs.bytedance.com/campus/position/7621525798237473029/detail,北京
设计,字节跳动,2026-08-24T18:43:44+00:00,bytedance:7621499556879173941,2026-08-24T21:20:16+00:00,2026-03-26T09:51:20+00:00,职能 / 支持,字节跳动招聘,实习,机电设计实习生 - Corporate Services,https://jobs.bytedance.com/campus/position/7621499556879173941/detail,北京
产品,字节跳动,2026-08-24T18:43:44+00:00,bytedance:7621492392957135157,2026-08-24T21:20:16+00:00,2026-03-26T09:24:01+00:00,产品经理,字节跳动招聘,实习,LLM大模型评测产品经理实习生-AI创新业务,https://jobs.bytedance.com/campus/position/7621492392957135157/detail,北京
产品,字节跳动,2026-08-24T18:43:44+00:00,bytedance:7621438328286415157,2026-08-24T21:20:16+00:00,2026-03-26T05:53:43+00:00,产品,字节跳动招聘,实习,AIGC策略产品实习生（AI素材方向）-中国交易与广告,https://jobs.bytedance.com/campus/position/7621438328286415157/detail,北京
运营,字节跳动,2026-08-24T18:43:44+00:00,bytedance:7621437475039234357,2026-08-24T21:20:16+00:00,2026-03-26T05:50:00+00:00,运营,字节跳动招聘,实习,音乐垂类运营实习生-抖音,https://jobs.bytedance.com/campus/position/7621437475039234357/detail,上海
运营,字节跳动,2026-08-24T18:43:44+00:00,bytedance:7621427487654136117,2026-08-24T21:20:16+00:00,2026-03-26T05:11:26+00:00,运营,字节跳动招聘,实习,电商运营实习生-TikTok Shop,https://jobs.bytedance.com/campus/position/7621427487654136117/detail,上海
运营,字节跳动,2026-08-24T18:43:44+00:00,bytedance:7621417111399942405,2026-08-24T21:20:16+00:00,2026-03-26T04:31:48+00:00,运营,字节跳动招聘,实习,信贷风控策略实习生-国际支付,https://jobs.bytedance.com/campus/position/7621417111399942405/detail,北京
运营,字节跳动,2026-08-24T18:43:44+00:00,bytedance:7621417006218299701,2026-08-24T21:20:16+00:00,2026-03-26T04:30:34+00:00,运营,字节跳动招聘,实习,信贷风控策略实习生-国际支付,https://jobs.bytedance.com/campus/position/7621417006218299701/detail,上海
职能,字节跳动,2026-08-24T18:43:44+00:00,bytedance:7621405333920155957,2026-08-24T21:20:16+00:00,2026-03-26T03:45:35+00:00,职能 / 支持,字节跳动招聘,实习,公共事务实习生-财经发展安全,https://jobs.bytedance.com/campus/position/7621405333920155957/detail,北京
增长,字节跳动,2026-08-24T18:43:44+00:00,bytedance:7621245489354688773,2026-08-24T21:20:16+00:00,2026-03-25T17:25:04+00:00,运营,字节跳动招聘,实习,用户增长实习生 - TRAE,https://jobs.bytedance.com/campus/position/7621245489354688773/detail,北京
市场,字节跳动,2026-08-24T18:43:44+00:00,bytedance:7621241349652678965,2026-08-24T21:20:16+00:00,2026-03-25T17:19:09+00:00,品牌,字节跳动招聘,实习,品牌市场实习生 - TRAE,https://jobs.bytedance.com/campus/position/7621241349652678965/detail,北京 | 上海
产品,字节跳动,2026-08-24T18:43:44+00:00,bytedance:7621136004598958389,2026-08-24T21:20:16+00:00,2026-03-25T10:21:05+00:00,产品经理,字节跳动招聘,实习,AI产品实习生（游戏方向）- TikTok产品,https://jobs.bytedance.com/campus/position/7621136004598958389/detail,深圳
产品,字节跳动,2026-08-24T18:43:44+00:00,bytedance:7621132124716370229,2026-08-24T21:20:16+00:00,2026-03-25T10:06:43+00:00,产品经理,字节跳动招聘,实习,AI产品实习生（用户产品方向）- TikTok直播,https://jobs.bytedance.com/campus/position/7621132124716370229/detail,北京
运营,字节跳动,2026-08-24T18:43:44+00:00,bytedance:7621075020119296309,2026-08-24T21:20:16+00:00,2026-03-25T06:24:48+00:00,运营,字节跳动招聘,实习,生活休闲运营实习生 - 抖音运营,https://jobs.bytedance.com/campus/position/7621075020119296309/detail,上海
运营,字节跳动,2026-08-24T18:43:44+00:00,bytedance:7621018446758725893,2026-08-24T21:20:16+00:00,2026-03-25T02:44:06+00:00,运营,字节跳动招聘,实习,榜单运营实习生-抖音生活服务,https://jobs.bytedance.com/campus/position/7621018446758725893/detail,上海
产品,字节跳动,2026-08-24T18:43:44+00:00,bytedance:7620786224986900789,2026-08-24T21:20:16+00:00,2026-03-24T11:44:27+00:00,产品,字节跳动招聘,实习,风控策略实习生-国际支付,https://jobs.bytedance.com/campus/position/7620786224986900789/detail,北京
市场,字节跳动,2026-08-24T18:43:44+00:00,bytedance:7620736080564668725,2026-08-24T21:20:16+00:00,2026-03-24T08:29:18+00:00,运营,字节跳动招聘,实习,平台营销运营实习生-TikTok Shop,https://jobs.bytedance.com/campus/position/7620736080564668725/detail,上海
运营,字节跳动,2026-08-24T18:43:44+00:00,bytedance:7620730330161924357,2026-08-24T21:20:16+00:00,2026-03-24T08:06:26+00:00,产品运营,字节跳动招聘,实习,模型运营实习生-TikTok,https://jobs.bytedance.com/campus/position/7620730330161924357/detail,上海
运营,字节跳动,2026-08-24T18:43:44+00:00,bytedance:7620715360819431733,2026-08-24T21:20:16+00:00,2026-03-24T07:08:24+00:00,产品运营,字节跳动招聘,实习,风险评估实习生-TikTok,https://jobs.bytedance.com/campus/position/7620715360819431733/detail,上海
商业分析,字节跳动,2026-08-24T18:43:44+00:00,bytedance:7620706914334263605,2026-08-24T21:20:16+00:00,2026-03-24T06:36:31+00:00,产品运营,字节跳动招聘,实习,数据分析运营实习生-TikTok,https://jobs.bytedance.com/campus/position/7620706914334263605/detail,上海
设计,字节跳动,2026-08-24T18:43:44+00:00,bytedance:7620702149246028037,2026-08-24T21:20:16+00:00,2026-03-24T06:17:35+00:00,产品,字节跳动招聘,实习,产品设计实习生-豆包,https://jobs.bytedance.com/campus/position/7620702149246028037/detail,北京
产品,字节跳动,2026-08-24T18:43:44+00:00,bytedance:7620701727268407605,2026-08-24T21:20:16+00:00,2026-03-24T06:15:32+00:00,产品,字节跳动招聘,实习,AI产品实习生（功能方向）-豆包,https://jobs.bytedance.com/campus/position/7620701727268407605/detail,上海
产品,字节跳动,2026-08-24T18:43:44+00:00,bytedance:7620699612697397509,2026-08-24T21:20:16+00:00,2026-03-24T06:07:35+00:00,产品,字节跳动招聘,实习,AI产品实习生（评测方向）-豆包,https://jobs.bytedance.com/campus/position/7620699612697397509/detail,北京
产品,字节跳动,2026-08-24T18:43:44+00:00,bytedance:7620699218393467141,2026-08-24T21:20:16+00:00,2026-03-24T06:06:17+00:00,产品,字节跳动招聘,实习,AI产品实习生（评测方向）-豆包,https://jobs.bytedance.com/campus/position/7620699218393467141/detail,北京
产品,字节跳动,2026-08-24T18:43:44+00:00,bytedance:7620698617706285317,2026-08-24T21:20:16+00:00,2026-03-24T06:04:35+00:00,产品,字节跳动招聘,实习,大模型策略产品实习生（写作办公）-豆包,https://jobs.bytedance.com/campus/position/7620698617706285317/detail,北京
设计,字节跳动,2026-08-24T18:43:44+00:00,bytedance:7620660442994329861,2026-08-24T21:20:16+00:00,2026-03-24T03:34:41+00:00,设计,字节跳动招聘,实习,3D动效设计实习生-TikTok,https://jobs.bytedance.com/campus/position/7620660442994329861/detail,北京
设计,字节跳动,2026-08-24T18:43:44+00:00,bytedance:7620660047936833797,2026-08-24T21:20:16+00:00,2026-03-24T03:33:35+00:00,设计,字节跳动招聘,实习,3D动效设计实习生-TikTok,https://jobs.bytedance.com/campus/position/7620660047936833797/detail,上海
产品,字节跳动,2026-08-24T18:43:44+00:00,bytedance:7620625806214203701,2026-08-24T21:20:16+00:00,2026-03-24T01:20:14+00:00,产品经理,字节跳动招聘,实习,产品经理实习生（搜索方向）-国际化内容与服务广告,https://jobs.bytedance.com/campus/position/7620625806214203701/detail,北京
商业分析,字节跳动,2026-08-24T19:23:31+00:00,bytedance:7620448434558552325,2026-08-24T21:20:16+00:00,2026-03-23T13:55:19+00:00,数据分析,字节跳动招聘,实习,数据分析实习生-AI创新业务,https://jobs.bytedance.com/campus/position/7620448434558552325/detail,上海
商务,字节跳动,2026-08-24T18:43:44+00:00,bytedance:7620446941437020469,2026-08-24T21:20:16+00:00,2026-03-23T13:52:39+00:00,运营,字节跳动招聘,实习,AI产品解决方案实习生（音视频方向）-飞书,https://jobs.bytedance.com/campus/position/7620446941437020469/detail,上海
运营,字节跳动,2026-08-24T18:43:44+00:00,bytedance:7620394806889023749,2026-08-24T21:20:16+00:00,2026-03-23T10:24:50+00:00,运营,字节跳动招聘,实习,大模型数据生产/分析实习生-AI数据与安全,https://jobs.bytedance.com/campus/position/7620394806889023749/detail,北京
职能,字节跳动,2026-08-24T18:43:44+00:00,bytedance:7620357719434250549,2026-08-24T21:20:16+00:00,2026-03-23T08:00:42+00:00,人力,字节跳动招聘,实习,HRBP实习生-广告,https://jobs.bytedance.com/campus/position/7620357719434250549/detail,上海
产品,字节跳动,2026-08-24T18:43:44+00:00,bytedance:7620337801713895685,2026-08-24T21:20:16+00:00,2026-03-23T06:43:03+00:00,产品经理,字节跳动招聘,实习,推荐策略产品实习生-TikTok直播,https://jobs.bytedance.com/campus/position/7620337801713895685/detail,上海
职能,字节跳动,2026-08-24T18:43:44+00:00,bytedance:7620280676891527429,2026-08-24T21:20:16+00:00,2026-03-23T03:02:00+00:00,产品,字节跳动招聘,实习,合规运营实习生-国际支付,https://jobs.bytedance.com/campus/position/7620280676891527429/detail,北京
职能,字节跳动,2026-08-24T18:43:44+00:00,bytedance:7620275252517423413,2026-08-24T21:20:16+00:00,2026-03-23T02:41:04+00:00,产品,字节跳动招聘,实习,合规运营实习生-国际支付,https://jobs.bytedance.com/campus/position/7620275252517423413/detail,上海
设计,字节跳动,2026-08-24T18:43:44+00:00,bytedance:7619318588369651973,2026-08-24T21:20:16+00:00,2026-03-20T12:50:32+00:00,设计,字节跳动招聘,实习,工业设计实习生-PICO,https://jobs.bytedance.com/campus/position/7619318588369651973/detail,上海
运营,字节跳动,2026-08-24T18:43:44+00:00,bytedance:7619266493684992261,2026-08-24T21:20:16+00:00,2026-03-20T09:25:33+00:00,产品运营,字节跳动招聘,实习,影视垂类运营实习生-TikTok,https://jobs.bytedance.com/campus/position/7619266493684992261/detail,上海
商业分析,字节跳动,2026-08-24T18:43:44+00:00,bytedance:7619255412860324149,2026-08-24T21:20:16+00:00,2026-03-20T08:43:11+00:00,运营,字节跳动招聘,实习,商业分析实习生-TikTok Shop,https://jobs.bytedance.com/campus/position/7619255412860324149/detail,上海
产品,字节跳动,2026-08-24T18:43:44+00:00,bytedance:7619253369384208693,2026-08-24T21:20:16+00:00,2026-03-20T08:35:33+00:00,产品,字节跳动招聘,实习,商业产品实习生（行业产品）-广告业务,https://jobs.bytedance.com/campus/position/7619253369384208693/detail,深圳
运营,字节跳动,2026-08-24T18:43:44+00:00,bytedance:7619253045898184965,2026-08-24T21:20:16+00:00,2026-03-20T08:34:30+00:00,产品运营,字节跳动招聘,实习,元数据运营实习生-国际化音乐,https://jobs.bytedance.com/campus/position/7619253045898184965/detail,上海
战略,字节跳动,2026-08-24T18:43:44+00:00,bytedance:7619252613506369845,2026-08-24T21:20:16+00:00,2026-03-20T08:32:29+00:00,运营,字节跳动招聘,实习,战略实习生（LATAM）-TikTok Shop,https://jobs.bytedance.com/campus/position/7619252613506369845/detail,北京
战略,字节跳动,2026-08-24T18:43:44+00:00,bytedance:7619248893821454645,2026-08-24T21:20:16+00:00,2026-03-20T08:18:07+00:00,运营,字节跳动招聘,实习,战略实习生（US）-TikTok Shop,https://jobs.bytedance.com/campus/position/7619248893821454645/detail,上海
运营,字节跳动,2026-08-24T18:43:44+00:00,bytedance:7618924813621364997,2026-08-24T21:20:16+00:00,2026-03-19T11:21:10+00:00,运营,字节跳动招聘,实习,AI智能体开发实习生（GUI Agent方向）-内容质量与数据服务平台,https://jobs.bytedance.com/campus/position/7618924813621364997/detail,北京
职能,字节跳动,2026-08-24T18:43:44+00:00,bytedance:7618913577961949493,2026-08-24T21:20:16+00:00,2026-03-19T10:38:39+00:00,产品,字节跳动招聘,实习,数据合规实习生-国际支付,https://jobs.bytedance.com/campus/position/7618913577961949493/detail,北京
产品,字节跳动,2026-08-24T18:43:44+00:00,bytedance:7618877100363745541,2026-08-24T21:20:16+00:00,2026-03-19T08:15:08+00:00,产品,字节跳动招聘,实习,推荐商城策略产品实习生-TikTok Shop,https://jobs.bytedance.com/campus/position/7618877100363745541/detail,北京
运营,字节跳动,2026-08-24T18:43:44+00:00,bytedance:7618869438995843333,2026-08-24T21:20:16+00:00,2026-03-19T07:45:47+00:00,运营,字节跳动招聘,实习,策略分析实习生-抖音生活服务,https://jobs.bytedance.com/campus/position/7618869438995843333/detail,北京
职能,字节跳动,2026-08-24T18:43:44+00:00,bytedance:7618832793917557045,2026-08-24T21:20:16+00:00,2026-03-19T05:24:10+00:00,人力,字节跳动招聘,实习,HR实习生（日语）-GBS,https://jobs.bytedance.com/campus/position/7618832793917557045/detail,北京
运营,字节跳动,2026-08-24T18:43:44+00:00,bytedance:7618589228593187077,2026-08-24T21:20:16+00:00,2026-03-18T13:38:57+00:00,运营,字节跳动招聘,实习,产品运营实习生（短剧）-抖音,https://jobs.bytedance.com/campus/position/7618589228593187077/detail,北京
运营,字节跳动,2026-08-24T18:43:44+00:00,bytedance:7618531462535170357,2026-08-24T21:20:16+00:00,2026-03-18T09:53:24+00:00,运营,字节跳动招聘,实习,AIGC内容制作实习生-TikTok Shop,https://jobs.bytedance.com/campus/position/7618531462535170357/detail,上海
运营,字节跳动,2026-08-24T18:43:44+00:00,bytedance:7618485444661643573,2026-08-24T21:20:16+00:00,2026-03-18T06:54:37+00:00,用户运营,字节跳动招聘,实习,AI产品运营实习生-TikTok,https://jobs.bytedance.com/campus/position/7618485444661643573/detail,北京
市场,字节跳动,2026-08-24T18:43:44+00:00,bytedance:7618437042020256053,2026-08-24T21:20:16+00:00,2026-03-18T03:47:36+00:00,市场,字节跳动招聘,实习,非遗项目实习生-CSR,https://jobs.bytedance.com/campus/position/7618437042020256053/detail,北京
市场,字节跳动,2026-08-24T18:43:44+00:00,bytedance:7618410949370824965,2026-08-24T21:20:16+00:00,2026-03-18T02:07:28+00:00,市场,字节跳动招聘,实习,市场营销实习生 - 飞书商业化,https://jobs.bytedance.com/campus/position/7618410949370824965/detail,杭州
职能,字节跳动,2026-08-24T18:43:44+00:00,bytedance:7618198497846954293,2026-08-24T21:20:16+00:00,2026-03-17T12:21:05+00:00,人力,字节跳动招聘,实习,企业文化研究实习生-企业文化,https://jobs.bytedance.com/campus/position/7618198497846954293/detail,北京
设计,字节跳动,2026-08-24T18:43:44+00:00,bytedance:7618192332379408645,2026-08-24T21:20:16+00:00,2026-03-17T11:59:05+00:00,设计,字节跳动招聘,实习,创意视觉设计实习生-Gauth,https://jobs.bytedance.com/campus/position/7618192332379408645/detail,北京
运营,字节跳动,2026-08-24T18:43:44+00:00,bytedance:7618158091456481589,2026-08-24T21:20:16+00:00,2026-03-17T09:44:54+00:00,运营,字节跳动招聘,实习,电商AIGC内容实习生 - TikTok Shop,https://jobs.bytedance.com/campus/position/7618158091456481589/detail,上海
设计,字节跳动,2026-08-24T18:43:44+00:00,bytedance:7618153708090198325,2026-08-24T21:20:16+00:00,2026-03-17T09:27:12+00:00,产品运营,字节跳动招聘,实习,AI特效运营实习生-TikTok,https://jobs.bytedance.com/campus/position/7618153708090198325/detail,上海
产品,字节跳动,2026-08-24T18:43:44+00:00,bytedance:7618131897457527093,2026-08-24T21:20:16+00:00,2026-03-17T08:03:31+00:00,产品,字节跳动招聘,实习,商城推荐策略产品经理实习生-TikTok Shop,https://jobs.bytedance.com/campus/position/7618131897457527093/detail,上海
运营,字节跳动,2026-08-24T18:43:44+00:00,bytedance:7618114940753053957,2026-08-24T21:20:16+00:00,2026-03-17T06:58:23+00:00,运营,字节跳动招聘,实习,产品运营实习生（分类方向）-国际化内容社区,https://jobs.bytedance.com/campus/position/7618114940753053957/detail,北京
运营,字节跳动,2026-08-24T18:43:44+00:00,bytedance:7618061905297361157,2026-08-24T21:20:16+00:00,2026-03-17T03:30:57+00:00,运营,字节跳动招聘,实习,安全产品运营实习生-TikTok 安全产品,https://jobs.bytedance.com/campus/position/7618061905297361157/detail,上海
运营,字节跳动,2026-08-24T18:43:44+00:00,bytedance:7618060546969717045,2026-08-24T21:20:16+00:00,2026-03-17T03:25:44+00:00,产品运营,字节跳动招聘,实习,生态治理策略实习生-TikTok产品,https://jobs.bytedance.com/campus/position/7618060546969717045/detail,北京
产品,字节跳动,2026-08-24T18:43:44+00:00,bytedance:7618057384311752965,2026-08-24T21:20:16+00:00,2026-03-17T03:13:30+00:00,产品经理,字节跳动招聘,实习,AI产品经理实习生（内容生态识别方向）-TikTok,https://jobs.bytedance.com/campus/position/7618057384311752965/detail,北京
运营,字节跳动,2026-08-24T18:43:44+00:00,bytedance:7618054833481337093,2026-08-24T21:20:16+00:00,2026-03-17T03:04:18+00:00,运营,字节跳动招聘,实习,国际商业运营实习生-Global Business Solutions,https://jobs.bytedance.com/campus/position/7618054833481337093/detail,北京
产品,字节跳动,2026-08-24T18:43:44+00:00,bytedance:7617818069306755333,2026-08-24T21:20:16+00:00,2026-03-16T11:44:48+00:00,产品,字节跳动招聘,实习,社区用户产品实习生（投稿和消费体验）-TikTok,https://jobs.bytedance.com/campus/position/7617818069306755333/detail,上海
战略,字节跳动,2026-08-24T18:43:44+00:00,bytedance:7617791258644105525,2026-08-24T21:20:16+00:00,2026-03-16T10:02:24+00:00,战略,字节跳动招聘,实习,东南亚战略资源管理实习生-TikTok Shop,https://jobs.bytedance.com/campus/position/7617791258644105525/detail,上海
运营,字节跳动,2026-08-24T18:43:44+00:00,bytedance:7617781815772760373,2026-08-24T21:20:16+00:00,2026-03-16T09:24:59+00:00,运营,字节跳动招聘,实习,企业效能咨询实习生-飞书,https://jobs.bytedance.com/campus/position/7617781815772760373/detail,上海
商务,字节跳动,2026-08-24T18:43:44+00:00,bytedance:7617733637643323701,2026-08-24T21:20:16+00:00,2026-03-16T06:17:38+00:00,运营,字节跳动招聘,实习,AI解决方案实习生-飞书,https://jobs.bytedance.com/campus/position/7617733637643323701/detail,深圳
职能,字节跳动,2026-08-24T18:43:44+00:00,bytedance:7616699022850492725,2026-08-24T21:20:16+00:00,2026-03-13T11:25:14+00:00,人力,字节跳动招聘,实习,招聘实习生-电商招聘,https://jobs.bytedance.com/campus/position/7616699022850492725/detail,上海
职能,字节跳动,2026-08-24T18:43:44+00:00,bytedance:7616698787239348533,2026-08-24T21:20:16+00:00,2026-03-13T11:24:33+00:00,人力,字节跳动招聘,实习,招聘实习生-抖音电商,https://jobs.bytedance.com/campus/position/7616698787239348533/detail,北京
运营,字节跳动,2026-08-24T18:43:44+00:00,bytedance:7616689985240369461,2026-08-24T21:20:16+00:00,2026-03-13T10:47:20+00:00,运营,字节跳动招聘,实习,增值服务运营实习生-飞书,https://jobs.bytedance.com/campus/position/7616689985240369461/detail,武汉
职能,字节跳动,2026-08-24T18:43:44+00:00,bytedance:7616665452568201525,2026-08-24T21:20:16+00:00,2026-03-13T09:12:02+00:00,人力,字节跳动招聘,实习,HR研发运营实习生-TikTok,https://jobs.bytedance.com/campus/position/7616665452568201525/detail,上海
运营,字节跳动,2026-08-24T18:43:44+00:00,bytedance:7616653584743303477,2026-08-24T21:20:16+00:00,2026-03-13T08:27:30+00:00,运营,字节跳动招聘,实习,AIGC视频制作实习生-TikTok Shop,https://jobs.bytedance.com/campus/position/7616653584743303477/detail,广州
产品,字节跳动,2026-08-24T18:43:44+00:00,bytedance:7616646831405189429,2026-08-24T21:20:16+00:00,2026-03-13T07:59:51+00:00,产品,字节跳动招聘,实习,行业治理策略产品实习生-TikTok,https://jobs.bytedance.com/campus/position/7616646831405189429/detail,北京
运营,字节跳动,2026-08-24T18:43:44+00:00,bytedance:7616636822508161285,2026-08-24T21:20:16+00:00,2026-03-13T07:20:59+00:00,运营,字节跳动招聘,实习,平台运营（Agent Plan/模型众测方向）实习生-火山方舟,https://jobs.bytedance.com/campus/position/7616636822508161285/detail,杭州
运营,字节跳动,2026-08-24T18:43:44+00:00,bytedance:7616620260864493829,2026-08-24T21:20:16+00:00,2026-03-13T06:17:51+00:00,运营,字节跳动招聘,实习,数据标注（AI应用方向）实习生-TikTok,https://jobs.bytedance.com/campus/position/7616620260864493829/detail,上海
运营,字节跳动,2026-08-24T18:43:44+00:00,bytedance:7616615557756471557,2026-08-24T21:20:16+00:00,2026-03-13T05:58:29+00:00,运营,字节跳动招聘,实习,欧日跨境商家运营实习生-TikTok Shop,https://jobs.bytedance.com/campus/position/7616615557756471557/detail,上海
运营,字节跳动,2026-08-24T18:43:44+00:00,bytedance:7616614438183012661,2026-08-24T21:20:16+00:00,2026-03-13T05:54:38+00:00,运营,字节跳动招聘,实习,商品治理策略运营实习生-TikTok Shop,https://jobs.bytedance.com/campus/position/7616614438183012661/detail,上海
运营,字节跳动,2026-08-24T18:43:44+00:00,bytedance:7616613700250061109,2026-08-24T21:20:16+00:00,2026-03-13T05:51:52+00:00,运营,字节跳动招聘,实习,商品策略运营实习生-TikTok Shop,https://jobs.bytedance.com/campus/position/7616613700250061109/detail,上海
运营,字节跳动,2026-08-24T18:43:44+00:00,bytedance:7616591614852663557,2026-08-24T21:20:16+00:00,2026-03-13T04:28:03+00:00,运营,字节跳动招聘,实习,商家方法论研究实习生-TikTok Shop,https://jobs.bytedance.com/campus/position/7616591614852663557/detail,上海
运营,字节跳动,2026-08-24T18:43:44+00:00,bytedance:7616589343853152517,2026-08-24T21:20:16+00:00,2026-03-13T04:16:44+00:00,运营,字节跳动招聘,实习,经营策略实习生-TikTok Shop,https://jobs.bytedance.com/campus/position/7616589343853152517/detail,上海
运营,字节跳动,2026-08-24T18:43:44+00:00,bytedance:7616344859521091845,2026-08-24T21:20:16+00:00,2026-03-12T12:30:31+00:00,运营,字节跳动招聘,实习,模型综合评估运营实习生-大模型数据服务中心,https://jobs.bytedance.com/campus/position/7616344859521091845/detail,北京
设计,字节跳动,2026-08-24T18:43:44+00:00,bytedance:7616313875478628661,2026-08-24T21:20:16+00:00,2026-03-12T10:28:07+00:00,设计,字节跳动招聘,实习,AI工程/设计（内容设计与本地化方向）实习生-TikTok,https://jobs.bytedance.com/campus/position/7616313875478628661/detail,北京
设计,字节跳动,2026-08-24T18:43:44+00:00,bytedance:7616313253196908805,2026-08-24T21:20:16+00:00,2026-03-12T10:26:15+00:00,设计,字节跳动招聘,实习,AI工程/设计实习生（内容设计与本地化方向）-TikTok,https://jobs.bytedance.com/campus/position/7616313253196908805/detail,上海
产品,字节跳动,2026-08-24T18:43:44+00:00,bytedance:7616292669404563717,2026-08-24T21:20:16+00:00,2026-03-12T09:06:15+00:00,产品,字节跳动招聘,实习,用户产品经理实习生-TikTok Shop,https://jobs.bytedance.com/campus/position/7616292669404563717/detail,上海
产品,字节跳动,2026-08-24T18:43:44+00:00,bytedance:7616246417796188469,2026-08-24T21:20:16+00:00,2026-03-12T06:07:32+00:00,产品,字节跳动招聘,实习,技术产品实习生（算法协作方向）-中国交易与广告,https://jobs.bytedance.com/campus/position/7616246417796188469/detail,上海
运营,字节跳动,2026-08-24T18:43:44+00:00,bytedance:7615883494935267589,2026-08-24T21:20:16+00:00,2026-03-11T06:37:39+00:00,产品运营,字节跳动招聘,实习,创作工具产品运营实习生-TikTok,https://jobs.bytedance.com/campus/position/7615883494935267589/detail,上海
商业分析,字节跳动,2026-08-24T18:43:44+00:00,bytedance:7615836750145227061,2026-08-24T21:20:16+00:00,2026-03-11T03:36:52+00:00,产品,字节跳动招聘,实习,智能化经营分析产品实习生-TikTok Shop,https://jobs.bytedance.com/campus/position/7615836750145227061/detail,上海
运营,字节跳动,2026-08-24T18:43:44+00:00,bytedance:7615832668840495413,2026-08-24T21:20:16+00:00,2026-03-11T03:21:05+00:00,运营,字节跳动招聘,实习,产品运营实习生-广告业务,https://jobs.bytedance.com/campus/position/7615832668840495413/detail,北京
设计,字节跳动,2026-08-24T18:43:44+00:00,bytedance:7615589582203275525,2026-08-24T21:20:16+00:00,2026-03-10T11:38:41+00:00,设计,字节跳动招聘,实习,AIGC模型效果实习生（视频大模型方向）-抖音,https://jobs.bytedance.com/campus/position/7615589582203275525/detail,北京
产品,字节跳动,2026-08-24T18:43:44+00:00,bytedance:7615581474781104389,2026-08-24T21:20:16+00:00,2026-03-10T11:06:16+00:00,产品,字节跳动招聘,实习,大模型评测平台产品实习生 - 模型数据工程,https://jobs.bytedance.com/campus/position/7615581474781104389/detail,北京
产品,字节跳动,2026-08-24T18:43:44+00:00,bytedance:7615539534780844341,2026-08-24T21:20:16+00:00,2026-03-10T08:23:57+00:00,产品,字节跳动招聘,实习,广告策略产品实习生（文娱行业）-广告业务,https://jobs.bytedance.com/campus/position/7615539534780844341/detail,北京
运营,字节跳动,2026-08-24T18:43:44+00:00,bytedance:7615529325718767877,2026-08-24T21:20:16+00:00,2026-03-10T07:43:58+00:00,运营,字节跳动招聘,实习,美国大促运营实习生-TikTok Shop,https://jobs.bytedance.com/campus/position/7615529325718767877/detail,上海
产品,字节跳动,2026-08-24T18:43:44+00:00,bytedance:7615522531928246581,2026-08-24T21:20:16+00:00,2026-03-10T07:16:55+00:00,产品经理,字节跳动招聘,实习,AI产品实习生（企业应用方向）-集团信息系统,https://jobs.bytedance.com/campus/position/7615522531928246581/detail,北京
运营,字节跳动,2026-08-24T18:43:44+00:00,bytedance:7615519928013850885,2026-08-24T21:20:16+00:00,2026-03-10T07:07:31+00:00,运营,字节跳动招聘,实习,商家策略运营实习生-TikTok Shop,https://jobs.bytedance.com/campus/position/7615519928013850885/detail,上海
战略,字节跳动,2026-08-24T18:43:44+00:00,bytedance:7615512105886910725,2026-08-24T21:20:16+00:00,2026-03-10T06:36:45+00:00,运营,字节跳动招聘,实习,战略分析实习生-TikTok Shop,https://jobs.bytedance.com/campus/position/7615512105886910725/detail,上海
战略,字节跳动,2026-08-24T18:43:44+00:00,bytedance:7615507242066938117,2026-08-24T21:20:16+00:00,2026-03-10T06:18:46+00:00,战略,字节跳动招聘,实习,战略资源管理实习生-TikTok Shop,https://jobs.bytedance.com/campus/position/7615507242066938117/detail,上海
运营,字节跳动,2026-08-24T18:43:44+00:00,bytedance:7615463278974273845,2026-08-24T21:20:16+00:00,2026-03-10T03:27:01+00:00,运营,字节跳动招聘,实习,直播安全运营实习生-TikTok产品,https://jobs.bytedance.com/campus/position/7615463278974273845/detail,北京
增长,字节跳动,2026-08-24T18:43:44+00:00,bytedance:7615440613752604981,2026-08-24T21:20:16+00:00,2026-03-10T02:01:30+00:00,运营,字节跳动招聘,实习,外部资源与增长渠道运营实习生-AI数据与安全,https://jobs.bytedance.com/campus/position/7615440613752604981/detail,北京
运营,字节跳动,2026-08-24T18:43:44+00:00,bytedance:7615278719363942709,2026-08-24T21:20:16+00:00,2026-03-09T15:33:19+00:00,运营,字节跳动招聘,实习,大模型应用实习生（内容生态方向）-内容质量与数据服务平台,https://jobs.bytedance.com/campus/position/7615278719363942709/detail,北京
运营,字节跳动,2026-08-24T18:43:44+00:00,bytedance:7615264807541393717,2026-08-24T21:20:16+00:00,2026-03-09T14:37:31+00:00,运营,字节跳动招聘,实习,本地创意行业策略运营实习生-抖音生活服务,https://jobs.bytedance.com/campus/position/7615264807541393717/detail,上海
运营,字节跳动,2026-08-24T18:43:44+00:00,bytedance:7615264704035096885,2026-08-24T21:20:16+00:00,2026-03-09T14:36:33+00:00,运营,字节跳动招聘,实习,本地创意行业策略运营实习生-抖音生活服务,https://jobs.bytedance.com/campus/position/7615264704035096885/detail,北京
产品,字节跳动,2026-08-24T18:43:44+00:00,bytedance:7615251669972158725,2026-08-24T21:20:16+00:00,2026-03-09T13:48:12+00:00,产品,字节跳动招聘,实习,用户产品实习生-财经业务,https://jobs.bytedance.com/campus/position/7615251669972158725/detail,北京
职能,字节跳动,2026-08-24T18:43:44+00:00,bytedance:7615251234740422965,2026-08-24T21:20:16+00:00,2026-03-09T13:46:12+00:00,运营,字节跳动招聘,实习,行业运营实习生-财经业务,https://jobs.bytedance.com/campus/position/7615251234740422965/detail,北京
产品,字节跳动,2026-08-24T18:43:44+00:00,bytedance:7615250935105734917,2026-08-24T21:20:16+00:00,2026-03-09T13:43:18+00:00,产品,字节跳动招聘,实习,行业产品实习生-财经业务,https://jobs.bytedance.com/campus/position/7615250935105734917/detail,北京
产品,字节跳动,2026-08-24T18:43:44+00:00,bytedance:7615248852074498309,2026-08-24T21:20:16+00:00,2026-03-09T13:37:06+00:00,产品,字节跳动招聘,实习,商户及平台产品实习生-财经业务,https://jobs.bytedance.com/campus/position/7615248852074498309/detail,北京
运营,字节跳动,2026-08-24T18:43:44+00:00,bytedance:7615225371454802181,2026-08-24T21:20:16+00:00,2026-03-09T12:06:10+00:00,运营,字节跳动招聘,实习,智能策略运营实习生-体验与服务,https://jobs.bytedance.com/campus/position/7615225371454802181/detail,北京
销售,字节跳动,2026-08-24T18:43:44+00:00,bytedance:7615223656565803317,2026-08-24T21:20:16+00:00,2026-03-09T11:57:17+00:00,产品,字节跳动招聘,实习,AI产品实习生（智能销售）-广告业务,https://jobs.bytedance.com/campus/position/7615223656565803317/detail,北京
运营,字节跳动,2026-08-24T18:43:44+00:00,bytedance:7615198187162257669,2026-08-24T21:20:16+00:00,2026-03-09T10:19:09+00:00,运营,字节跳动招聘,实习,创作工具产品运营实习生-TikTok,https://jobs.bytedance.com/campus/position/7615198187162257669/detail,上海
商务,字节跳动,2026-08-24T18:43:44+00:00,bytedance:7615185887873337653,2026-08-24T21:20:16+00:00,2026-03-09T09:31:03+00:00,产品运营,字节跳动招聘,实习,产品解决方案实习生-集团信息系统,https://jobs.bytedance.com/campus/position/7615185887873337653/detail,北京
运营,字节跳动,2026-08-24T18:43:44+00:00,bytedance:7615166213271259397,2026-08-24T21:20:16+00:00,2026-03-09T08:15:25+00:00,运营,字节跳动招聘,实习,UGC运营实习生-抖音生活服务,https://jobs.bytedance.com/campus/position/7615166213271259397/detail,上海
运营,字节跳动,2026-08-24T18:43:44+00:00,bytedance:7615102750667409669,2026-08-24T21:20:16+00:00,2026-03-09T04:09:14+00:00,运营,字节跳动招聘,实习,作者运营实习生（醒图）-剪映CapCut,https://jobs.bytedance.com/campus/position/7615102750667409669/detail,深圳
运营,字节跳动,2026-08-24T18:43:44+00:00,bytedance:7615073969175972101,2026-08-24T21:20:16+00:00,2026-03-09T02:19:48+00:00,运营,字节跳动招聘,实习,主播/活动运营实习生-TikTok直播,https://jobs.bytedance.com/campus/position/7615073969175972101/detail,北京
运营,字节跳动,2026-08-24T18:43:44+00:00,bytedance:7615074501546133765,2026-08-24T21:20:16+00:00,2026-03-09T02:19:25+00:00,运营,字节跳动招聘,实习,主播/活动运营实习生-TikTok直播,https://jobs.bytedance.com/campus/position/7615074501546133765/detail,深圳
战略,字节跳动,2026-08-24T18:43:44+00:00,bytedance:7615064689273374981,2026-08-24T21:20:16+00:00,2026-03-09T01:41:00+00:00,运营,字节跳动招聘,实习,商业分析实习生（东南亚战略）-TikTok Shop,https://jobs.bytedance.com/campus/position/7615064689273374981/detail,上海
运营,字节跳动,2026-08-24T18:43:44+00:00,bytedance:7614887091553945909,2026-08-24T21:20:16+00:00,2026-03-08T14:12:01+00:00,用户运营,字节跳动招聘,实习,开发者运营实习生-TRAE,https://jobs.bytedance.com/campus/position/7614887091553945909/detail,上海
设计,字节跳动,2026-08-24T18:43:44+00:00,bytedance:7614806113496205573,2026-08-24T21:20:16+00:00,2026-03-08T09:01:43+00:00,设计,字节跳动招聘,实习,产品设计实习生-抖音效果与创作,https://jobs.bytedance.com/campus/position/7614806113496205573/detail,杭州
市场,字节跳动,2026-08-24T18:43:44+00:00,bytedance:7614805311024679173,2026-08-24T21:20:16+00:00,2026-03-08T08:58:05+00:00,设计,字节跳动招聘,实习,品牌与活动设计实习生-抖音效果与创作,https://jobs.bytedance.com/campus/position/7614805311024679173/detail,上海
设计,字节跳动,2026-08-24T18:43:44+00:00,bytedance:7614796685426542853,2026-08-24T21:20:16+00:00,2026-03-08T08:21:53+00:00,设计,字节跳动招聘,实习,产品设计实习生-TikTok,https://jobs.bytedance.com/campus/position/7614796685426542853/detail,深圳
产品,字节跳动,2026-08-24T18:43:44+00:00,bytedance:7614785182202448181,2026-08-24T21:20:16+00:00,2026-03-08T07:35:51+00:00,产品经理,字节跳动招聘,实习,平台产品实习生-TikTok直播,https://jobs.bytedance.com/campus/position/7614785182202448181/detail,北京
产品,字节跳动,2026-08-24T18:43:44+00:00,bytedance:7614784165129652533,2026-08-24T21:20:16+00:00,2026-03-08T07:31:41+00:00,产品经理,字节跳动招聘,实习,平台产品实习生-TikTok直播,https://jobs.bytedance.com/campus/position/7614784165129652533/detail,上海
产品,字节跳动,2026-08-24T18:43:44+00:00,bytedance:7614108946477222149,2026-08-24T21:20:16+00:00,2026-03-06T11:53:48+00:00,产品,字节跳动招聘,实习,B端产品实习生-抖音生活服务,https://jobs.bytedance.com/campus/position/7614108946477222149/detail,上海
产品,字节跳动,2026-08-24T18:43:44+00:00,bytedance:7614107884229740853,2026-08-24T21:20:16+00:00,2026-03-06T11:49:28+00:00,产品,字节跳动招聘,实习,策略产品实习生-抖音生活服务,https://jobs.bytedance.com/campus/position/7614107884229740853/detail,上海
运营,字节跳动,2026-08-24T18:43:44+00:00,bytedance:7614105648628681013,2026-08-24T21:20:16+00:00,2026-03-06T11:43:40+00:00,产品运营,字节跳动招聘,实习,AI产品运营实习生-抖音生活服务,https://jobs.bytedance.com/campus/position/7614105648628681013/detail,北京
产品,字节跳动,2026-08-24T18:43:44+00:00,bytedance:7614102455196862725,2026-08-24T21:20:16+00:00,2026-03-06T11:28:47+00:00,产品,字节跳动招聘,实习,用户产品实习生-抖音生活服务,https://jobs.bytedance.com/campus/position/7614102455196862725/detail,上海
产品,字节跳动,2026-08-24T18:43:44+00:00,bytedance:7614102120972044597,2026-08-24T21:20:16+00:00,2026-03-06T11:27:46+00:00,产品,字节跳动招聘,实习,用户产品实习生-抖音生活服务,https://jobs.bytedance.com/campus/position/7614102120972044597/detail,北京
运营,字节跳动,2026-08-24T18:43:44+00:00,bytedance:7614063457025607941,2026-08-24T21:20:16+00:00,2026-03-06T08:55:33+00:00,运营,字节跳动招聘,实习,平台产品运营实习生-TikTok直播,https://jobs.bytedance.com/campus/position/7614063457025607941/detail,上海
运营,字节跳动,2026-08-24T18:43:44+00:00,bytedance:7614053082968394037,2026-08-24T21:20:16+00:00,2026-03-06T08:15:45+00:00,运营,字节跳动招聘,实习,大模型自动评测（ToB图片/视频生成方向）实习生-AI数据与安全,https://jobs.bytedance.com/campus/position/7614053082968394037/detail,北京
运营,字节跳动,2026-08-24T18:43:44+00:00,bytedance:7614053213651650821,2026-08-24T21:20:16+00:00,2026-03-06T08:15:12+00:00,运营,字节跳动招聘,实习,AI数据运营（ToB方向）实习生-AI数据与安全,https://jobs.bytedance.com/campus/position/7614053213651650821/detail,北京
产品,字节跳动,2026-08-24T18:43:44+00:00,bytedance:7614030415414888757,2026-08-24T21:20:16+00:00,2026-03-06T06:48:16+00:00,产品,字节跳动招聘,实习,交易产品经理实习生-国际支付,https://jobs.bytedance.com/campus/position/7614030415414888757/detail,北京
运营,字节跳动,2026-08-24T18:43:44+00:00,bytedance:7614024322212464901,2026-08-24T21:20:16+00:00,2026-03-06T06:23:19+00:00,产品运营,字节跳动招聘,实习,运营实习生（People）-集团信息系统,https://jobs.bytedance.com/campus/position/7614024322212464901/detail,广州
运营,字节跳动,2026-08-24T18:43:44+00:00,bytedance:7613972468890470661,2026-08-24T21:20:16+00:00,2026-03-06T03:02:52+00:00,运营,字节跳动招聘,实习,商家策略分析实习生-抖音生活服务,https://jobs.bytedance.com/campus/position/7613972468890470661/detail,上海
运营,字节跳动,2026-08-24T18:43:44+00:00,bytedance:7613972331657857285,2026-08-24T21:20:16+00:00,2026-03-06T03:01:56+00:00,运营,字节跳动招聘,实习,商家策略分析实习生-抖音生活服务,https://jobs.bytedance.com/campus/position/7613972331657857285/detail,北京
商业分析,字节跳动,2026-08-24T18:43:44+00:00,bytedance:7613744270163314949,2026-08-24T21:20:16+00:00,2026-03-05T12:16:24+00:00,运营,字节跳动招聘,实习,商业分析实习生-抖音生活服务,https://jobs.bytedance.com/campus/position/7613744270163314949/detail,北京
战略,字节跳动,2026-08-24T18:43:44+00:00,bytedance:7613743250763417861,2026-08-24T21:20:16+00:00,2026-03-05T12:13:56+00:00,运营,字节跳动招聘,实习,战略运营实习生-抖音生活服务,https://jobs.bytedance.com/campus/position/7613743250763417861/detail,北京
运营,字节跳动,2026-08-24T18:43:44+00:00,bytedance:7613711642752911621,2026-08-24T21:20:16+00:00,2026-03-05T10:10:24+00:00,运营,字节跳动招聘,实习,商家策略运营实习生-TikTok Shop,https://jobs.bytedance.com/campus/position/7613711642752911621/detail,深圳
产品,字节跳动,2026-08-24T18:43:44+00:00,bytedance:7613708737415416069,2026-08-24T21:20:16+00:00,2026-03-05T09:59:35+00:00,产品经理,字节跳动招聘,实习,推荐策略产品实习生-TikTok直播,https://jobs.bytedance.com/campus/position/7613708737415416069/detail,北京
运营,字节跳动,2026-08-24T18:43:44+00:00,bytedance:7613656611042724149,2026-08-24T21:20:16+00:00,2026-03-05T06:36:14+00:00,运营,字节跳动招聘,实习,AI生态和赛事运营实习生-抖音,https://jobs.bytedance.com/campus/position/7613656611042724149/detail,北京
运营,字节跳动,2026-08-24T18:43:44+00:00,bytedance:7613617924792633605,2026-08-24T21:20:16+00:00,2026-03-05T04:06:53+00:00,运营,字节跳动招聘,实习,行业直播中台实习生-TikTok Shop,https://jobs.bytedance.com/campus/position/7613617924792633605/detail,珠海
商务,字节跳动,2026-08-24T18:43:44+00:00,bytedance:7613608661021772037,2026-08-24T21:20:16+00:00,2026-03-05T03:30:52+00:00,用户运营,字节跳动招聘,实习,企业效能实习生（消费行业）-飞书商业化,https://jobs.bytedance.com/campus/position/7613608661021772037/detail,深圳
战略,字节跳动,2026-08-24T18:43:44+00:00,bytedance:7613601702212192517,2026-08-24T21:20:16+00:00,2026-03-05T03:04:27+00:00,战略,字节跳动招聘,实习,拉美战略实习生-国际支付,https://jobs.bytedance.com/campus/position/7613601702212192517/detail,北京
运营,字节跳动,2026-08-24T18:43:44+00:00,bytedance:7613588855234791685,2026-08-24T21:20:16+00:00,2026-03-05T02:15:27+00:00,运营,字节跳动招聘,实习,企业效能顾问实习生-飞书,https://jobs.bytedance.com/campus/position/7613588855234791685/detail,北京
产品,字节跳动,2026-08-24T18:43:44+00:00,bytedance:7613397060186392837,2026-08-24T21:20:16+00:00,2026-03-04T13:58:33+00:00,产品经理,字节跳动招聘,实习,官网平台产品经理实习生-火山引擎,https://jobs.bytedance.com/campus/position/7613397060186392837/detail,上海
产品,字节跳动,2026-08-24T18:43:44+00:00,bytedance:7613351995801831685,2026-08-24T21:20:16+00:00,2026-03-04T10:55:26+00:00,游戏策划,字节跳动招聘,实习,游戏战斗策划实习生 - 心光工作室,https://jobs.bytedance.com/campus/position/7613351995801831685/detail,杭州
产品,字节跳动,2026-08-24T18:43:44+00:00,bytedance:7613344867431762181,2026-08-24T21:20:16+00:00,2026-03-04T10:28:02+00:00,产品经理,字节跳动招聘,实习,官网平台产品经理实习生-火山引擎,https://jobs.bytedance.com/campus/position/7613344867431762181/detail,北京
运营,字节跳动,2026-08-24T18:43:44+00:00,bytedance:7613316902267898117,2026-08-24T21:20:16+00:00,2026-03-04T08:38:33+00:00,运营,字节跳动招聘,实习,政策风险策略与分析实习生 - 内容质量与数据服务平台,https://jobs.bytedance.com/campus/position/7613316902267898117/detail,北京
设计,字节跳动,2026-08-24T18:43:44+00:00,bytedance:7613313848719706373,2026-08-24T21:20:16+00:00,2026-03-04T08:26:06+00:00,设计,字节跳动招聘,实习,创意视觉设计实习生-飞书设计,https://jobs.bytedance.com/campus/position/7613313848719706373/detail,北京
战略,字节跳动,2026-08-24T18:43:44+00:00,bytedance:7613313433695553797,2026-08-24T21:20:16+00:00,2026-03-04T08:24:36+00:00,运营,字节跳动招聘,实习,战略分析实习生-TikTok Shop,https://jobs.bytedance.com/campus/position/7613313433695553797/detail,上海
设计,字节跳动,2026-08-24T18:43:44+00:00,bytedance:7613312932672719157,2026-08-24T21:20:16+00:00,2026-03-04T08:22:49+00:00,设计,字节跳动招聘,实习,产品设计实习生（AI方向）-飞书设计,https://jobs.bytedance.com/campus/position/7613312932672719157/detail,深圳
设计,字节跳动,2026-08-24T18:43:44+00:00,bytedance:7613312741419370757,2026-08-24T21:20:16+00:00,2026-03-04T08:21:55+00:00,设计,字节跳动招聘,实习,产品设计实习生（AI方向）-飞书设计,https://jobs.bytedance.com/campus/position/7613312741419370757/detail,北京
产品,字节跳动,2026-08-24T18:43:44+00:00,bytedance:7613310427354794293,2026-08-24T21:20:16+00:00,2026-03-04T08:13:17+00:00,产品,字节跳动招聘,实习,商家达人产品实习生（AI智能化服务）-TikTok Shop,https://jobs.bytedance.com/campus/position/7613310427354794293/detail,北京
设计,字节跳动,2026-08-24T18:43:44+00:00,bytedance:7613295435822811445,2026-08-24T21:20:16+00:00,2026-03-04T07:14:44+00:00,设计,字节跳动招聘,实习,产品设计（AI方向）实习生-TikTok Shop,https://jobs.bytedance.com/campus/position/7613295435822811445/detail,上海
运营,字节跳动,2026-08-24T18:43:44+00:00,bytedance:7613291842046494981,2026-08-24T21:20:16+00:00,2026-03-04T07:00:43+00:00,运营,字节跳动招聘,实习,小游戏产品运营实习生-广告业务,https://jobs.bytedance.com/campus/position/7613291842046494981/detail,广州
职能,字节跳动,2026-08-24T18:43:44+00:00,bytedance:7612994672537667893,2026-08-24T21:20:16+00:00,2026-03-03T11:47:34+00:00,人力,字节跳动招聘,实习,招聘实习生-招聘中心,https://jobs.bytedance.com/campus/position/7612994672537667893/detail,南京
职能,字节跳动,2026-08-24T18:43:44+00:00,bytedance:7612994221945358597,2026-08-24T21:20:16+00:00,2026-03-03T11:46:09+00:00,人力,字节跳动招聘,实习,招聘实习生-招聘中心,https://jobs.bytedance.com/campus/position/7612994221945358597/detail,武汉
职能,字节跳动,2026-08-24T18:43:44+00:00,bytedance:7612993031356860725,2026-08-24T21:20:16+00:00,2026-03-03T11:43:47+00:00,人力,字节跳动招聘,实习,招聘实习生-招聘中心,https://jobs.bytedance.com/campus/position/7612993031356860725/detail,武汉
职能,字节跳动,2026-08-24T18:43:44+00:00,bytedance:7612992990646503733,2026-08-24T21:20:16+00:00,2026-03-03T11:41:04+00:00,人力,字节跳动招聘,实习,招聘实习生-招聘中心,https://jobs.bytedance.com/campus/position/7612992990646503733/detail,成都
职能,字节跳动,2026-08-24T18:43:44+00:00,bytedance:7612991999764875525,2026-08-24T21:20:16+00:00,2026-03-03T11:37:47+00:00,人力,字节跳动招聘,实习,招聘实习生-招聘中心,https://jobs.bytedance.com/campus/position/7612991999764875525/detail,上海
运营,字节跳动,2026-08-24T18:43:44+00:00,bytedance:7612985620599867701,2026-08-24T21:20:16+00:00,2026-03-03T11:13:07+00:00,运营,字节跳动招聘,实习,创作者运营实习生（APP方向）-剪映CapCut,https://jobs.bytedance.com/campus/position/7612985620599867701/detail,北京
职能,字节跳动,2026-08-24T18:43:44+00:00,bytedance:7612958500266346757,2026-08-24T21:20:16+00:00,2026-03-03T09:28:28+00:00,人力,字节跳动招聘,实习,招聘实习生-番茄与头条,https://jobs.bytedance.com/campus/position/7612958500266346757/detail,北京
运营,字节跳动,2026-08-24T18:43:44+00:00,bytedance:7612958345125136645,2026-08-24T21:20:16+00:00,2026-03-03T09:27:35+00:00,运营,字节跳动招聘,实习,小程序行业支持实习生-内容质量与数据服务平台,https://jobs.bytedance.com/campus/position/7612958345125136645/detail,成都
运营,字节跳动,2026-08-24T18:43:44+00:00,bytedance:7612955759533590837,2026-08-24T21:20:16+00:00,2026-03-03T09:17:21+00:00,运营,字节跳动招聘,实习,开放平台运营实习生-内容质量与数据服务平台,https://jobs.bytedance.com/campus/position/7612955759533590837/detail,北京
运营,字节跳动,2026-08-24T18:43:44+00:00,bytedance:7612908712303724853,2026-08-24T21:20:16+00:00,2026-03-03T06:14:03+00:00,运营,字节跳动招聘,实习,Xpert内容运营实习生 - 模型数据工程,https://jobs.bytedance.com/campus/position/7612908712303724853/detail,北京
职能,字节跳动,2026-08-24T18:43:44+00:00,bytedance:7612908366088374581,2026-08-24T21:20:16+00:00,2026-03-03T06:13:15+00:00,人力,字节跳动招聘,实习,招聘实习生-研发中台,https://jobs.bytedance.com/campus/position/7612908366088374581/detail,上海
增长,字节跳动,2026-08-24T18:43:44+00:00,bytedance:7612907718000691509,2026-08-24T21:20:16+00:00,2026-03-03T06:10:49+00:00,运营,字节跳动招聘,实习,增长策略运营实习生-Coze,https://jobs.bytedance.com/campus/position/7612907718000691509/detail,北京
商务,字节跳动,2026-08-24T18:43:44+00:00,bytedance:7612907461444454709,2026-08-24T21:20:16+00:00,2026-03-03T06:09:30+00:00,运营,字节跳动招聘,实习,商业化运营实习生-Coze,https://jobs.bytedance.com/campus/position/7612907461444454709/detail,北京
市场,字节跳动,2026-08-24T18:43:44+00:00,bytedance:7612907086997244213,2026-08-24T21:20:16+00:00,2026-03-03T06:08:19+00:00,运营,字节跳动招聘,实习,品牌运营实习生-Coze,https://jobs.bytedance.com/campus/position/7612907086997244213/detail,北京
职能,字节跳动,2026-08-24T18:43:44+00:00,bytedance:7612886173838903557,2026-08-24T21:20:16+00:00,2026-03-03T04:50:31+00:00,人力,字节跳动招聘,实习,全球招聘运营实习生-国际化,https://jobs.bytedance.com/campus/position/7612886173838903557/detail,北京
运营,字节跳动,2026-08-24T18:43:44+00:00,bytedance:7612875460321610037,2026-08-24T21:20:16+00:00,2026-03-03T04:05:20+00:00,运营,字节跳动招聘,实习,欧盟电商运营实习生-TikTok Shop,https://jobs.bytedance.com/campus/position/7612875460321610037/detail,深圳
运营,字节跳动,2026-08-24T18:43:44+00:00,bytedance:7612859293822437685,2026-08-24T21:20:16+00:00,2026-03-03T03:02:22+00:00,运营,字节跳动招聘,实习,大客户技术支持实习生（云计算、AI方向）-火山引擎,https://jobs.bytedance.com/campus/position/7612859293822437685/detail,深圳
运营,字节跳动,2026-08-24T18:43:44+00:00,bytedance:7612858696792295733,2026-08-24T21:20:16+00:00,2026-03-03T03:00:48+00:00,运营,字节跳动招聘,实习,大客户技术支持实习生（云计算、AI方向）-火山引擎,https://jobs.bytedance.com/campus/position/7612858696792295733/detail,上海
运营,字节跳动,2026-08-24T18:43:44+00:00,bytedance:7612856840651245877,2026-08-24T21:20:16+00:00,2026-03-03T02:54:36+00:00,运营,字节跳动招聘,实习,大客户技术支持实习生（云计算、AI方向）-火山引擎,https://jobs.bytedance.com/campus/position/7612856840651245877/detail,北京
运营,字节跳动,2026-08-24T18:43:44+00:00,bytedance:7612613850824886533,2026-08-24T21:20:16+00:00,2026-03-02T11:10:34+00:00,运营,字节跳动招聘,实习,内容治理实习生-国际化内容社区,https://jobs.bytedance.com/campus/position/7612613850824886533/detail,北京
增长,字节跳动,2026-08-24T18:43:44+00:00,bytedance:7612577382213667125,2026-08-24T21:20:16+00:00,2026-03-02T08:48:31+00:00,产品,字节跳动招聘,实习,搜索增长产品实习生（垂类增长方向）-TikTok,https://jobs.bytedance.com/campus/position/7612577382213667125/detail,北京
增长,字节跳动,2026-08-24T18:43:44+00:00,bytedance:7612576933059807493,2026-08-24T21:20:16+00:00,2026-03-02T08:47:03+00:00,产品,字节跳动招聘,实习,搜索增长产品实习生（经验决策方向）-TikTok,https://jobs.bytedance.com/campus/position/7612576933059807493/detail,北京
运营,字节跳动,2026-08-24T18:43:44+00:00,bytedance:7612570536502364421,2026-08-24T21:20:16+00:00,2026-03-02T08:22:57+00:00,商务拓展BD,字节跳动招聘,实习,媒体与合作实习生-中国内容与合作,https://jobs.bytedance.com/campus/position/7612570536502364421/detail,北京
商务,字节跳动,2026-08-24T18:43:44+00:00,bytedance:7612564565500463365,2026-08-24T21:20:16+00:00,2026-03-02T07:58:36+00:00,运营,字节跳动招聘,实习,AI解决方案实习生-飞书,https://jobs.bytedance.com/campus/position/7612564565500463365/detail,北京
职能,字节跳动,2026-08-24T18:43:44+00:00,bytedance:7612551974765398325,2026-08-24T21:20:16+00:00,2026-03-02T07:10:48+00:00,人力,字节跳动招聘,实习,招聘实习生-招聘中心,https://jobs.bytedance.com/campus/position/7612551974765398325/detail,北京
产品,字节跳动,2026-08-24T18:43:44+00:00,bytedance:7612548724779206965,2026-08-24T21:20:16+00:00,2026-03-02T06:58:23+00:00,产品,字节跳动招聘,实习,交易产品实习生-TikTok生活服务,https://jobs.bytedance.com/campus/position/7612548724779206965/detail,上海
运营,字节跳动,2026-08-24T18:43:44+00:00,bytedance:7612500035337373957,2026-08-24T21:20:16+00:00,2026-03-02T03:48:32+00:00,运营,字节跳动招聘,实习,技术支持实习生-飞书,https://jobs.bytedance.com/campus/position/7612500035337373957/detail,深圳
运营,字节跳动,2026-08-24T18:43:44+00:00,bytedance:7612492457599437109,2026-08-24T21:20:16+00:00,2026-03-02T03:18:50+00:00,运营,字节跳动招聘,实习,企业效能实习生-飞书,https://jobs.bytedance.com/campus/position/7612492457599437109/detail,北京
产品,字节跳动,2026-08-24T18:43:44+00:00,bytedance:7612486770311301381,2026-08-24T21:20:16+00:00,2026-03-02T02:57:22+00:00,产品,字节跳动招聘,实习,搜索评测产品实习生（综合搜索方向）-TikTok,https://jobs.bytedance.com/campus/position/7612486770311301381/detail,北京
产品,字节跳动,2026-08-24T18:43:44+00:00,bytedance:7612483323847625013,2026-08-24T21:20:16+00:00,2026-03-02T02:43:34+00:00,产品,字节跳动招聘,实习,评测产品经理实习生-Seed,https://jobs.bytedance.com/campus/position/7612483323847625013/detail,北京
产品,字节跳动,2026-08-24T18:43:44+00:00,bytedance:7612482999435528453,2026-08-24T21:20:16+00:00,2026-03-02T02:42:37+00:00,产品,字节跳动招聘,实习,AI搜索产品实习生（生活服务方向）-TikTok,https://jobs.bytedance.com/campus/position/7612482999435528453/detail,北京
产品,字节跳动,2026-08-24T18:43:44+00:00,bytedance:7612482801703078197,2026-08-24T21:20:16+00:00,2026-03-02T02:41:48+00:00,产品,字节跳动招聘,实习,搜索产品经理实习生（经验决策方向）-TikTok,https://jobs.bytedance.com/campus/position/7612482801703078197/detail,北京
设计,字节跳动,2026-08-24T18:43:44+00:00,bytedance:7612482568229849349,2026-08-24T21:20:16+00:00,2026-03-02T02:40:51+00:00,产品,字节跳动招聘,实习,搜索产品经理实习生（体验交互方向）-TikTok,https://jobs.bytedance.com/campus/position/7612482568229849349/detail,北京
产品,字节跳动,2026-08-24T18:43:44+00:00,bytedance:7612481421572442421,2026-08-24T21:20:16+00:00,2026-03-02T02:36:42+00:00,产品,字节跳动招聘,实习,搜索评测产品实习生（经验决策方向）-TikTok,https://jobs.bytedance.com/campus/position/7612481421572442421/detail,北京
产品,字节跳动,2026-08-24T18:43:44+00:00,bytedance:7612481443608709381,2026-08-24T21:20:16+00:00,2026-03-02T02:36:26+00:00,产品,字节跳动招聘,实习,大模型策略产品实习生-TikTok,https://jobs.bytedance.com/campus/position/7612481443608709381/detail,北京
产品,字节跳动,2026-08-24T18:43:44+00:00,bytedance:7612481411820472629,2026-08-24T21:20:16+00:00,2026-03-02T02:35:59+00:00,产品,字节跳动招聘,实习,AI策略产品（大模型策略产品）实习生-TikTok,https://jobs.bytedance.com/campus/position/7612481411820472629/detail,北京
产品,字节跳动,2026-08-24T18:43:44+00:00,bytedance:7612481131757603125,2026-08-24T21:20:16+00:00,2026-03-02T02:35:21+00:00,产品,字节跳动招聘,实习,Feed产品实习生（互动方向）-TikTok,https://jobs.bytedance.com/campus/position/7612481131757603125/detail,上海
产品,字节跳动,2026-08-24T18:43:44+00:00,bytedance:7612480888792238341,2026-08-24T21:20:16+00:00,2026-03-02T02:35:10+00:00,产品,字节跳动招聘,实习,Feed产品实习生（视频消费方向）-TikTok,https://jobs.bytedance.com/campus/position/7612480888792238341/detail,上海
产品,字节跳动,2026-08-24T18:43:44+00:00,bytedance:7612480968992065797,2026-08-24T21:20:16+00:00,2026-03-02T02:34:50+00:00,产品,字节跳动招聘,实习,Feed产品实习生（跨语言AI方向）-TikTok,https://jobs.bytedance.com/campus/position/7612480968992065797/detail,上海
产品,字节跳动,2026-08-24T18:43:44+00:00,bytedance:7612480607798905093,2026-08-24T21:20:16+00:00,2026-03-02T02:33:41+00:00,产品,字节跳动招聘,实习,产品实习生（主架构基础体验）-TikTok,https://jobs.bytedance.com/campus/position/7612480607798905093/detail,北京
产品,字节跳动,2026-08-24T18:43:44+00:00,bytedance:7611855816731724037,2026-08-24T21:20:16+00:00,2026-02-28T10:13:13+00:00,产品经理,字节跳动招聘,实习,流量策略产品经理实习生-TikTok,https://jobs.bytedance.com/campus/position/7611855816731724037/detail,北京
产品,字节跳动,2026-08-24T18:43:44+00:00,bytedance:7611856006695373109,2026-08-24T21:20:16+00:00,2026-02-28T10:10:09+00:00,产品经理,字节跳动招聘,实习,生态策略产品经理实习生-TikTok,https://jobs.bytedance.com/campus/position/7611856006695373109/detail,北京
设计,字节跳动,2026-08-24T18:43:44+00:00,bytedance:7611826461696330037,2026-08-24T21:20:16+00:00,2026-02-28T08:14:42+00:00,设计,字节跳动招聘,实习,产品设计（AI方向）实习生-飞书设计,https://jobs.bytedance.com/campus/position/7611826461696330037/detail,上海
职能,字节跳动,2026-08-24T18:43:44+00:00,bytedance:7611799789552453893,2026-08-24T21:20:16+00:00,2026-02-28T06:32:46+00:00,职能 / 支持,字节跳动招聘,实习,校招人才策略实习生-人力与管理部,https://jobs.bytedance.com/campus/position/7611799789552453893/detail,北京
运营,字节跳动,2026-08-24T18:43:44+00:00,bytedance:7611791363275753733,2026-08-24T21:20:16+00:00,2026-02-28T05:59:04+00:00,运营,字节跳动招聘,实习,风险治理运营实习生-内容质量与数据服务平台,https://jobs.bytedance.com/campus/position/7611791363275753733/detail,成都
设计,字节跳动,2026-08-24T18:43:44+00:00,bytedance:7611756099684059445,2026-08-24T21:20:16+00:00,2026-02-28T03:42:20+00:00,设计,字节跳动招聘,实习,效果设计实习生-TikTok,https://jobs.bytedance.com/campus/position/7611756099684059445/detail,上海
设计,字节跳动,2026-08-24T18:43:44+00:00,bytedance:7611750159030716677,2026-08-24T21:20:16+00:00,2026-02-28T03:18:34+00:00,设计,字节跳动招聘,实习,多媒体创意设计实习生-TikTok,https://jobs.bytedance.com/campus/position/7611750159030716677/detail,北京
设计,字节跳动,2026-08-24T18:43:44+00:00,bytedance:7611744591902116149,2026-08-24T21:20:16+00:00,2026-02-28T02:57:59+00:00,设计,字节跳动招聘,实习,AI产品设计（创意工程方向）实习生-TikTok,https://jobs.bytedance.com/campus/position/7611744591902116149/detail,上海
设计,字节跳动,2026-08-24T18:43:44+00:00,bytedance:7611744228109289781,2026-08-24T21:20:16+00:00,2026-02-28T02:56:27+00:00,设计,字节跳动招聘,实习,AI产品设计（创意工程方向）实习生-TikTok,https://jobs.bytedance.com/campus/position/7611744228109289781/detail,北京
设计,字节跳动,2026-08-24T18:43:44+00:00,bytedance:7611537464993564981,2026-08-24T21:20:16+00:00,2026-02-27T13:33:43+00:00,设计,字节跳动招聘,实习,创意设计实习生-TikTok,https://jobs.bytedance.com/campus/position/7611537464993564981/detail,上海
设计,字节跳动,2026-08-24T18:43:44+00:00,bytedance:7611533984990120197,2026-08-24T21:20:16+00:00,2026-02-27T13:23:28+00:00,设计,字节跳动招聘,实习,创意设计实习生-TikTok,https://jobs.bytedance.com/campus/position/7611533984990120197/detail,深圳
设计,字节跳动,2026-08-24T18:43:44+00:00,bytedance:7611532609621821749,2026-08-24T21:20:16+00:00,2026-02-27T13:18:42+00:00,设计,字节跳动招聘,实习,创意设计实习生-TikTok,https://jobs.bytedance.com/campus/position/7611532609621821749/detail,北京
设计,字节跳动,2026-08-24T18:43:44+00:00,bytedance:7611528591633516853,2026-08-24T21:20:16+00:00,2026-02-27T12:58:30+00:00,设计,字节跳动招聘,实习,产品设计实习生-TikTok,https://jobs.bytedance.com/campus/position/7611528591633516853/detail,上海
运营,字节跳动,2026-08-24T18:43:44+00:00,bytedance:7611525354448128261,2026-08-24T21:20:16+00:00,2026-02-27T12:47:35+00:00,运营,字节跳动招聘,实习,用户体验运营实习生 - 商业生态与安全,https://jobs.bytedance.com/campus/position/7611525354448128261/detail,成都
设计,字节跳动,2026-08-24T18:43:44+00:00,bytedance:7611520161888127285,2026-08-24T21:20:16+00:00,2026-02-27T12:27:01+00:00,设计,字节跳动招聘,实习,产品设计实习生-TikTok,https://jobs.bytedance.com/campus/position/7611520161888127285/detail,北京
运营,字节跳动,2026-08-24T18:43:44+00:00,bytedance:7611466693205920053,2026-08-24T21:20:16+00:00,2026-02-27T08:59:02+00:00,运营,字节跳动招聘,实习,达人&内容策略分析实习生-TikTok Shop,https://jobs.bytedance.com/campus/position/7611466693205920053/detail,上海
设计,字节跳动,2026-08-24T18:43:44+00:00,bytedance:7611465027368323333,2026-08-24T21:20:16+00:00,2026-02-27T08:53:01+00:00,运营,字节跳动招聘,实习,视觉生成策略运营实习生（图片数据方向）-大模型数据服务中心,https://jobs.bytedance.com/campus/position/7611465027368323333/detail,北京
运营,字节跳动,2026-08-24T18:43:44+00:00,bytedance:7611463549874587909,2026-08-24T21:20:16+00:00,2026-02-27T08:46:54+00:00,运营,字节跳动招聘,实习,语音大模型数据实习生 - AI数据与安全,https://jobs.bytedance.com/campus/position/7611463549874587909/detail,北京
设计,字节跳动,2026-08-24T18:43:44+00:00,bytedance:7611443387098630453,2026-08-24T21:20:16+00:00,2026-02-27T07:27:44+00:00,运营,字节跳动招聘,实习,视觉理解大模型数据实习生-AI数据与安全,https://jobs.bytedance.com/campus/position/7611443387098630453/detail,北京
职能,字节跳动,2026-08-24T18:43:44+00:00,bytedance:7611425500636170501,2026-08-24T21:20:16+00:00,2026-02-27T06:18:56+00:00,运营,字节跳动招聘,实习,大模型合规隐私运营（自动化方向）实习生-AI数据与安全,https://jobs.bytedance.com/campus/position/7611425500636170501/detail,北京
产品,字节跳动,2026-08-24T18:43:44+00:00,bytedance:7611390428725774597,2026-08-24T21:20:16+00:00,2026-02-27T04:02:43+00:00,产品经理,字节跳动招聘,实习,AI产品实习生（用户产品方向）-TikTok直播,https://jobs.bytedance.com/campus/position/7611390428725774597/detail,上海
运营,字节跳动,2026-08-24T18:43:44+00:00,bytedance:7611389753640110341,2026-08-24T21:20:16+00:00,2026-02-27T04:00:17+00:00,运营,字节跳动招聘,实习,营收产品运营实习生-TikTok直播,https://jobs.bytedance.com/campus/position/7611389753640110341/detail,北京
产品,字节跳动,2026-08-24T18:43:44+00:00,bytedance:7611389495284910389,2026-08-24T21:20:16+00:00,2026-02-27T03:59:51+00:00,产品经理,字节跳动招聘,实习,AI产品实习生（营收方向）-TikTok直播,https://jobs.bytedance.com/campus/position/7611389495284910389/detail,北京
产品,字节跳动,2026-08-24T18:43:44+00:00,bytedance:7611152199452215605,2026-08-24T21:20:16+00:00,2026-02-26T12:39:20+00:00,产品,字节跳动招聘,实习,AI策略产品实习生-TikTok,https://jobs.bytedance.com/campus/position/7611152199452215605/detail,北京
增长,字节跳动,2026-08-24T18:43:44+00:00,bytedance:7611138022881003829,2026-08-24T21:20:16+00:00,2026-02-26T11:45:06+00:00,产品运营,字节跳动招聘,实习,国际化增长营销实习生-国际化内容社区,https://jobs.bytedance.com/campus/position/7611138022881003829/detail,上海
职能,字节跳动,2026-08-24T18:43:44+00:00,bytedance:7611117363446368565,2026-08-24T21:20:16+00:00,2026-02-26T10:25:00+00:00,人力,字节跳动招聘,实习,招聘实习生-抖音电商,https://jobs.bytedance.com/campus/position/7611117363446368565/detail,北京
产品,字节跳动,2026-08-24T18:43:44+00:00,bytedance:7611073748368116021,2026-08-24T21:20:16+00:00,2026-02-26T07:34:34+00:00,产品,字节跳动招聘,实习,风控策略实习生-国际支付,https://jobs.bytedance.com/campus/position/7611073748368116021/detail,北京
商业分析,字节跳动,2026-08-24T19:23:31+00:00,bytedance:7611022627243673909,2026-08-24T21:20:16+00:00,2026-02-26T04:16:48+00:00,数据分析,字节跳动招聘,实习,大数据分析实习生-音视频技术,https://jobs.bytedance.com/campus/position/7611022627243673909/detail,北京
运营,字节跳动,2026-08-24T18:43:44+00:00,bytedance:7610991464701708597,2026-08-24T21:20:16+00:00,2026-02-26T02:14:09+00:00,商业运营,字节跳动招聘,实习,广告产品运营实习生-Pangle,https://jobs.bytedance.com/campus/position/7610991464701708597/detail,深圳
产品,字节跳动,2026-08-24T18:43:44+00:00,bytedance:7610814334232086789,2026-08-24T21:20:16+00:00,2026-02-25T14:50:50+00:00,产品,字节跳动招聘,实习,AI产品实习生（社交/创作方向）-TikTok,https://jobs.bytedance.com/campus/position/7610814334232086789/detail,上海
运营,字节跳动,2026-08-24T18:43:44+00:00,bytedance:7610738067548948789,2026-08-24T21:20:16+00:00,2026-02-25T09:50:44+00:00,运营,字节跳动招聘,实习,AIGC短剧编导实习生-TikTok,https://jobs.bytedance.com/campus/position/7610738067548948789/detail,北京
设计,字节跳动,2026-08-24T18:43:44+00:00,bytedance:7610704641881491765,2026-08-24T21:20:16+00:00,2026-02-25T07:42:07+00:00,设计,字节跳动招聘,实习,内容设计实习生-剪映CapCut,https://jobs.bytedance.com/campus/position/7610704641881491765/detail,上海
产品,字节跳动,2026-08-24T18:43:44+00:00,bytedance:7610685224804534581,2026-08-24T21:20:16+00:00,2026-02-25T06:26:03+00:00,产品,字节跳动招聘,实习,信贷风控策略实习生-国际支付,https://jobs.bytedance.com/campus/position/7610685224804534581/detail,北京
产品,字节跳动,2026-08-24T18:43:44+00:00,bytedance:7610684314860013829,2026-08-24T21:20:16+00:00,2026-02-25T06:23:53+00:00,产品,字节跳动招聘,实习,信贷风控策略实习生-国际支付,https://jobs.bytedance.com/campus/position/7610684314860013829/detail,上海
用户研究,字节跳动,2026-08-24T18:43:44+00:00,bytedance:7610628495240710453,2026-08-24T21:20:16+00:00,2026-02-25T02:47:16+00:00,用户研究,字节跳动招聘,实习,用户研究实习生-TikTok,https://jobs.bytedance.com/campus/position/7610628495240710453/detail,上海
运营,字节跳动,2026-08-24T18:43:44+00:00,bytedance:7610347962300844341,2026-08-24T21:20:16+00:00,2026-02-24T08:36:54+00:00,运营,字节跳动招聘,实习,电商联盟达人业务实习生-TikTok Shop,https://jobs.bytedance.com/campus/position/7610347962300844341/detail,上海
运营,字节跳动,2026-08-24T18:43:44+00:00,bytedance:7610344942537525509,2026-08-24T21:20:16+00:00,2026-02-24T08:25:43+00:00,用户运营,字节跳动招聘,实习,潮流运动用户运营实习生-抖音UGC,https://jobs.bytedance.com/campus/position/7610344942537525509/detail,北京
商业分析,字节跳动,2026-08-24T18:43:44+00:00,bytedance:7606634071700244789,2026-08-24T21:20:16+00:00,2026-02-14T08:35:06+00:00,运营,字节跳动招聘,实习,商业分析实习生（US）-TikTok Shop,https://jobs.bytedance.com/campus/position/7606634071700244789/detail,北京
销售,字节跳动,2026-08-24T18:43:44+00:00,bytedance:7606628646386125061,2026-08-24T21:20:16+00:00,2026-02-14T08:12:33+00:00,产品,字节跳动招聘,实习,渠道产品实习生-国际支付,https://jobs.bytedance.com/campus/position/7606628646386125061/detail,深圳
销售,字节跳动,2026-08-24T18:43:44+00:00,bytedance:7606628996687841541,2026-08-24T21:20:16+00:00,2026-02-14T08:10:25+00:00,产品,字节跳动招聘,实习,渠道产品实习生-国际支付,https://jobs.bytedance.com/campus/position/7606628996687841541/detail,上海
产品,字节跳动,2026-08-24T18:43:44+00:00,bytedance:7606627880256702773,2026-08-24T21:20:16+00:00,2026-02-14T08:05:25+00:00,产品,字节跳动招聘,实习,风控策略实习生-国际支付,https://jobs.bytedance.com/campus/position/7606627880256702773/detail,上海
产品,字节跳动,2026-08-24T18:43:44+00:00,bytedance:7606626486871099701,2026-08-24T21:20:16+00:00,2026-02-14T07:56:55+00:00,产品,字节跳动招聘,实习,风控策略实习生-国际支付,https://jobs.bytedance.com/campus/position/7606626486871099701/detail,上海
职能,字节跳动,2026-08-24T18:43:44+00:00,bytedance:7606623735366224181,2026-08-24T21:20:16+00:00,2026-02-14T07:49:29+00:00,产品,字节跳动招聘,实习,合规策略实习生-国际支付,https://jobs.bytedance.com/campus/position/7606623735366224181/detail,上海
职能,字节跳动,2026-08-24T18:43:44+00:00,bytedance:7606622357954054405,2026-08-24T21:20:16+00:00,2026-02-14T07:48:24+00:00,产品,字节跳动招聘,实习,合规策略实习生-国际支付,https://jobs.bytedance.com/campus/position/7606622357954054405/detail,北京
产品,字节跳动,2026-08-24T18:43:44+00:00,bytedance:7606620072049395973,2026-08-24T21:20:16+00:00,2026-02-14T07:41:25+00:00,产品,字节跳动招聘,实习,合规产品经理实习生-国际支付,https://jobs.bytedance.com/campus/position/7606620072049395973/detail,北京
运营,字节跳动,2026-08-24T18:43:44+00:00,bytedance:7606612990741989685,2026-08-24T21:20:16+00:00,2026-02-14T07:09:41+00:00,产品,字节跳动招聘,实习,金融风控运营实习生-国际支付,https://jobs.bytedance.com/campus/position/7606612990741989685/detail,北京
产品,字节跳动,2026-08-24T18:43:44+00:00,bytedance:7606607729366599941,2026-08-24T21:20:16+00:00,2026-02-14T06:49:44+00:00,产品,字节跳动招聘,实习,金融风控产品实习生-国际支付,https://jobs.bytedance.com/campus/position/7606607729366599941/detail,上海
产品,字节跳动,2026-08-24T18:43:44+00:00,bytedance:7606607539121834245,2026-08-24T21:20:16+00:00,2026-02-14T06:48:01+00:00,产品,字节跳动招聘,实习,金融风控产品实习生-国际支付,https://jobs.bytedance.com/campus/position/7606607539121834245/detail,北京
产品,字节跳动,2026-08-24T18:43:44+00:00,bytedance:7606585185296058629,2026-08-24T21:20:16+00:00,2026-02-14T05:16:48+00:00,产品,字节跳动招聘,实习,技术产品实习生（AI基础与应用方向）-中国交易与广告,https://jobs.bytedance.com/campus/position/7606585185296058629/detail,成都
产品,字节跳动,2026-08-24T18:43:44+00:00,bytedance:7606584149928298805,2026-08-24T21:20:16+00:00,2026-02-14T05:15:30+00:00,产品,字节跳动招聘,实习,技术产品实习生（AI基础与应用方向）-中国交易与广告,https://jobs.bytedance.com/campus/position/7606584149928298805/detail,杭州
产品,字节跳动,2026-08-24T18:43:44+00:00,bytedance:7606582380115839285,2026-08-24T21:20:16+00:00,2026-02-14T05:14:43+00:00,产品,字节跳动招聘,实习,技术产品实习生（AI基础与应用方向）-中国交易与广告,https://jobs.bytedance.com/campus/position/7606582380115839285/detail,北京
产品,字节跳动,2026-08-24T18:43:44+00:00,bytedance:7606584149520877877,2026-08-24T21:20:16+00:00,2026-02-14T05:12:28+00:00,产品,字节跳动招聘,实习,技术产品实习生（数据方向）-中国交易与广告,https://jobs.bytedance.com/campus/position/7606584149520877877/detail,成都
产品,字节跳动,2026-08-24T18:43:44+00:00,bytedance:7606584149910571269,2026-08-24T21:20:16+00:00,2026-02-14T05:11:27+00:00,产品,字节跳动招聘,实习,技术产品实习生（数据方向）-中国交易与广告,https://jobs.bytedance.com/campus/position/7606584149910571269/detail,上海
产品,字节跳动,2026-08-24T18:43:44+00:00,bytedance:7606583910744410373,2026-08-24T21:20:16+00:00,2026-02-14T05:10:34+00:00,产品,字节跳动招聘,实习,技术产品实习生（数据方向）-中国交易与广告,https://jobs.bytedance.com/campus/position/7606583910744410373/detail,北京
产品,字节跳动,2026-08-24T18:43:44+00:00,bytedance:7606560008058751285,2026-08-24T21:20:16+00:00,2026-02-14T03:42:03+00:00,产品,字节跳动招聘,实习,支付风控产品实习生-国际支付,https://jobs.bytedance.com/campus/position/7606560008058751285/detail,上海
产品,字节跳动,2026-08-24T18:43:44+00:00,bytedance:7606559583201773829,2026-08-24T21:20:16+00:00,2026-02-14T03:41:16+00:00,产品,字节跳动招聘,实习,支付风控产品实习生-国际支付,https://jobs.bytedance.com/campus/position/7606559583201773829/detail,北京
产品,字节跳动,2026-08-24T18:43:44+00:00,bytedance:7606285579219880245,2026-08-24T21:20:16+00:00,2026-02-13T09:54:20+00:00,产品,字节跳动招聘,实习,收银产品经理实习生-国际支付,https://jobs.bytedance.com/campus/position/7606285579219880245/detail,深圳
产品,字节跳动,2026-08-24T18:43:44+00:00,bytedance:7606285669983963397,2026-08-24T21:20:16+00:00,2026-02-13T09:53:32+00:00,产品,字节跳动招聘,实习,收银产品经理实习生-国际支付,https://jobs.bytedance.com/campus/position/7606285669983963397/detail,上海
产品,字节跳动,2026-08-24T18:43:44+00:00,bytedance:7606283143117981957,2026-08-24T21:20:16+00:00,2026-02-13T09:43:34+00:00,产品,字节跳动招聘,实习,产品经理实习生-国际支付,https://jobs.bytedance.com/campus/position/7606283143117981957/detail,上海
产品,字节跳动,2026-08-24T18:43:44+00:00,bytedance:7606281763964422405,2026-08-24T21:20:16+00:00,2026-02-13T09:42:50+00:00,产品,字节跳动招聘,实习,产品经理实习生-国际支付,https://jobs.bytedance.com/campus/position/7606281763964422405/detail,深圳
产品,字节跳动,2026-08-24T18:43:44+00:00,bytedance:7606281174759065861,2026-08-24T21:20:16+00:00,2026-02-13T09:37:36+00:00,产品,字节跳动招聘,实习,产品经理实习生-国际支付,https://jobs.bytedance.com/campus/position/7606281174759065861/detail,深圳
产品,字节跳动,2026-08-24T18:43:44+00:00,bytedance:7606280863462017285,2026-08-24T21:20:16+00:00,2026-02-13T09:36:38+00:00,产品,字节跳动招聘,实习,产品经理实习生-国际支付,https://jobs.bytedance.com/campus/position/7606280863462017285/detail,上海
运营,字节跳动,2026-08-24T18:43:44+00:00,bytedance:7606273602255014197,2026-08-24T21:20:16+00:00,2026-02-13T09:06:21+00:00,运营,字节跳动招聘,实习,AIGC视频制作实习生-TikTok Shop,https://jobs.bytedance.com/campus/position/7606273602255014197/detail,广州
产品,字节跳动,2026-08-24T18:43:44+00:00,bytedance:7606268434293262645,2026-08-24T21:20:16+00:00,2026-02-13T08:54:41+00:00,产品,字节跳动招聘,实习,产品经理实习生-国际支付,https://jobs.bytedance.com/campus/position/7606268434293262645/detail,深圳
产品,字节跳动,2026-08-24T18:43:44+00:00,bytedance:7606268995093104901,2026-08-24T21:20:16+00:00,2026-02-13T08:53:13+00:00,产品,字节跳动招聘,实习,产品经理实习生-国际支付,https://jobs.bytedance.com/campus/position/7606268995093104901/detail,上海
产品,字节跳动,2026-08-24T18:43:44+00:00,bytedance:7606263973436262661,2026-08-24T21:20:16+00:00,2026-02-13T08:31:31+00:00,产品,字节跳动招聘,实习,产品经理实习生-国际支付,https://jobs.bytedance.com/campus/position/7606263973436262661/detail,上海
产品,字节跳动,2026-08-24T18:43:44+00:00,bytedance:7606261581065144629,2026-08-24T21:20:16+00:00,2026-02-13T08:21:20+00:00,产品,字节跳动招聘,实习,核算产品经理实习生-国际支付,https://jobs.bytedance.com/campus/position/7606261581065144629/detail,北京
产品,字节跳动,2026-08-24T18:43:44+00:00,bytedance:7606260840591493381,2026-08-24T21:20:16+00:00,2026-02-13T08:19:16+00:00,产品,字节跳动招聘,实习,核算产品经理实习生-国际支付,https://jobs.bytedance.com/campus/position/7606260840591493381/detail,上海
产品,字节跳动,2026-08-24T18:43:44+00:00,bytedance:7606256694435367221,2026-08-24T21:20:16+00:00,2026-02-13T08:06:08+00:00,产品,字节跳动招聘,实习,清算产品经理实习生-国际支付,https://jobs.bytedance.com/campus/position/7606256694435367221/detail,上海
产品,字节跳动,2026-08-24T18:43:44+00:00,bytedance:7606253880936401157,2026-08-24T21:20:16+00:00,2026-02-13T07:52:34+00:00,产品,字节跳动招聘,实习,B端产品实习生-国际支付,https://jobs.bytedance.com/campus/position/7606253880936401157/detail,北京
产品,字节跳动,2026-08-24T18:43:44+00:00,bytedance:7606252839210289413,2026-08-24T21:20:16+00:00,2026-02-13T07:49:42+00:00,产品,字节跳动招聘,实习,产品实习生-国际支付,https://jobs.bytedance.com/campus/position/7606252839210289413/detail,深圳
产品,字节跳动,2026-08-24T18:43:44+00:00,bytedance:7606252384842860853,2026-08-24T21:20:16+00:00,2026-02-13T07:47:05+00:00,产品,字节跳动招聘,实习,B端产品实习生-国际支付,https://jobs.bytedance.com/campus/position/7606252384842860853/detail,上海
产品,字节跳动,2026-08-24T18:43:44+00:00,bytedance:7606174402031814965,2026-08-24T21:20:16+00:00,2026-02-13T02:44:24+00:00,产品,字节跳动招聘,实习,企业全球钱包产品实习生-国际支付,https://jobs.bytedance.com/campus/position/7606174402031814965/detail,上海
运营,字节跳动,2026-08-24T18:43:44+00:00,bytedance:7605903404720769285,2026-08-24T21:20:16+00:00,2026-02-12T09:09:50+00:00,运营,字节跳动招聘,实习,产品运营实习生（游戏垂类运营）-TikTok,https://jobs.bytedance.com/campus/position/7605903404720769285/detail,深圳
职能,字节跳动,2026-08-24T18:43:44+00:00,bytedance:7605530694518065461,2026-08-24T21:20:16+00:00,2026-02-11T09:03:42+00:00,人力,字节跳动招聘,实习,招聘实习生 - 人力与管理部,https://jobs.bytedance.com/campus/position/7605530694518065461/detail,杭州
商务,字节跳动,2026-08-24T18:43:44+00:00,bytedance:7605504546127595829,2026-08-24T21:20:16+00:00,2026-02-11T07:22:33+00:00,运营,字节跳动招聘,实习,运营实习生 - 飞书商业化,https://jobs.bytedance.com/campus/position/7605504546127595829/detail,上海
销售,字节跳动,2026-08-24T18:43:44+00:00,bytedance:7605479719404980485,2026-08-24T21:20:16+00:00,2026-02-11T05:45:42+00:00,运营,字节跳动招聘,实习,数据渠道运营实习生 - AI数据与安全,https://jobs.bytedance.com/campus/position/7605479719404980485/detail,北京
销售,字节跳动,2026-08-24T18:43:44+00:00,bytedance:7605477349482285317,2026-08-24T21:20:16+00:00,2026-02-11T05:41:11+00:00,运营,字节跳动招聘,实习,数据渠道运营实习生 - AI数据与安全,https://jobs.bytedance.com/campus/position/7605477349482285317/detail,北京
产品,字节跳动,2026-08-24T18:43:44+00:00,bytedance:7605227998735911221,2026-08-24T21:20:16+00:00,2026-02-10T13:29:42+00:00,产品,字节跳动招聘,实习,搜索策略产品经理实习生-TikTok,https://jobs.bytedance.com/campus/position/7605227998735911221/detail,北京
产品,字节跳动,2026-08-24T18:43:44+00:00,bytedance:7605217982356326709,2026-08-24T21:20:16+00:00,2026-02-10T12:50:08+00:00,产品经理,字节跳动招聘,实习,产品实习生（财务系统）-集团信息系统,https://jobs.bytedance.com/campus/position/7605217982356326709/detail,北京
产品,字节跳动,2026-08-24T18:43:44+00:00,bytedance:7605150852676405509,2026-08-24T21:20:16+00:00,2026-02-10T08:29:41+00:00,产品经理,字节跳动招聘,实习,产品实习生（财务系统）-集团信息系统,https://jobs.bytedance.com/campus/position/7605150852676405509/detail,北京
运营,字节跳动,2026-08-24T18:43:44+00:00,bytedance:7605147262444767493,2026-08-24T21:20:16+00:00,2026-02-10T08:17:02+00:00,运营,字节跳动招聘,实习,综合行业运营实习生-抖音生活服务,https://jobs.bytedance.com/campus/position/7605147262444767493/detail,上海
运营,字节跳动,2026-08-24T18:43:44+00:00,bytedance:7605127155101993269,2026-08-24T21:20:16+00:00,2026-02-10T06:59:51+00:00,用户运营,字节跳动招聘,实习,客户管理运营实习生-飞书,https://jobs.bytedance.com/campus/position/7605127155101993269/detail,上海
运营,字节跳动,2026-08-24T18:43:44+00:00,bytedance:7605071072648530229,2026-08-24T21:20:16+00:00,2026-02-10T03:20:12+00:00,运营,字节跳动招聘,实习,泛知识运营实习生-抖音,https://jobs.bytedance.com/campus/position/7605071072648530229/detail,北京
产品,字节跳动,2026-08-24T18:43:44+00:00,bytedance:7604808048792766773,2026-08-24T21:20:16+00:00,2026-02-09T10:22:14+00:00,产品,字节跳动招聘,实习,AI产品经理实习生-AI创新业务,https://jobs.bytedance.com/campus/position/7604808048792766773/detail,北京
运营,字节跳动,2026-08-24T18:43:44+00:00,bytedance:7604774588666136837,2026-08-24T21:20:16+00:00,2026-02-09T08:11:42+00:00,运营,字节跳动招聘,实习,金融风控运营实习生-国际支付,https://jobs.bytedance.com/campus/position/7604774588666136837/detail,北京
增长,字节跳动,2026-08-24T18:43:44+00:00,bytedance:7603679304824047877,2026-08-24T21:20:16+00:00,2026-02-06T09:19:09+00:00,产品经理,字节跳动招聘,实习,激励增长产品实习生-TikTok,https://jobs.bytedance.com/campus/position/7603679304824047877/detail,北京
职能,字节跳动,2026-08-24T18:43:44+00:00,bytedance:7603679178224011573,2026-08-24T21:20:16+00:00,2026-02-06T09:18:42+00:00,人力,字节跳动招聘,实习,HR实习生-飞书,https://jobs.bytedance.com/campus/position/7603679178224011573/detail,杭州
职能,字节跳动,2026-08-24T18:43:44+00:00,bytedance:7603678360305174837,2026-08-24T21:20:16+00:00,2026-02-06T09:17:01+00:00,人力,字节跳动招聘,实习,HR实习生-飞书,https://jobs.bytedance.com/campus/position/7603678360305174837/detail,上海
产品,字节跳动,2026-08-24T18:43:44+00:00,bytedance:7603615713863223557,2026-08-24T21:20:16+00:00,2026-02-06T05:12:32+00:00,产品,字节跳动招聘,实习,搜索评测产品（垂搜方向）实习生-TikTok,https://jobs.bytedance.com/campus/position/7603615713863223557/detail,北京
产品,字节跳动,2026-08-24T18:43:44+00:00,bytedance:7603600442215368965,2026-08-24T21:20:16+00:00,2026-02-06T04:16:04+00:00,产品,字节跳动招聘,实习,用户产品实习生（导购方向）-抖音生活服务,https://jobs.bytedance.com/campus/position/7603600442215368965/detail,北京
运营,字节跳动,2026-08-24T18:43:44+00:00,bytedance:7603308892667857205,2026-08-24T21:20:16+00:00,2026-02-05T09:23:48+00:00,运营,字节跳动招聘,实习,美妆垂类运营实习生-抖音,https://jobs.bytedance.com/campus/position/7603308892667857205/detail,北京
战略,字节跳动,2026-08-24T18:43:44+00:00,bytedance:7603304789758855429,2026-08-24T21:20:16+00:00,2026-02-05T09:06:27+00:00,运营,字节跳动招聘,实习,战略分析实习生 - 抖音生活服务,https://jobs.bytedance.com/campus/position/7603304789758855429/detail,北京 | 上海
运营,字节跳动,2026-08-24T18:43:44+00:00,bytedance:7603299889778690309,2026-08-24T21:20:16+00:00,2026-02-05T08:47:20+00:00,运营,字节跳动招聘,实习,美国商家运营实习生-TikTok Shop,https://jobs.bytedance.com/campus/position/7603299889778690309/detail,深圳
产品,字节跳动,2026-08-24T18:43:44+00:00,bytedance:7603272792119625989,2026-08-24T21:20:16+00:00,2026-02-05T07:03:48+00:00,产品,字节跳动招聘,实习,产品经理实习生-集团信息系统,https://jobs.bytedance.com/campus/position/7603272792119625989/detail,成都
产品,字节跳动,2026-08-24T18:43:44+00:00,bytedance:7603227201404291381,2026-08-24T21:20:16+00:00,2026-02-05T04:05:15+00:00,产品经理,字节跳动招聘,实习,AI产品实习生-飞书,https://jobs.bytedance.com/campus/position/7603227201404291381/detail,上海
增长,字节跳动,2026-08-24T18:43:44+00:00,bytedance:7602953883749927173,2026-08-24T21:20:16+00:00,2026-02-04T10:25:32+00:00,产品,字节跳动招聘,实习,增长策略产品实习生-TikTok,https://jobs.bytedance.com/campus/position/7602953883749927173/detail,北京
增长,字节跳动,2026-08-24T18:43:44+00:00,bytedance:7602952383157750069,2026-08-24T21:20:16+00:00,2026-02-04T10:19:38+00:00,产品运营,字节跳动招聘,实习,增长策略分析实习生-TikTok,https://jobs.bytedance.com/campus/position/7602952383157750069/detail,北京
运营,字节跳动,2026-08-24T18:43:44+00:00,bytedance:7602949788648687925,2026-08-24T21:20:16+00:00,2026-02-04T10:09:42+00:00,产品运营,字节跳动招聘,实习,开放平台运营实习生-TikTok,https://jobs.bytedance.com/campus/position/7602949788648687925/detail,北京
销售,字节跳动,2026-08-24T18:43:44+00:00,bytedance:7602942834777835781,2026-08-24T21:20:16+00:00,2026-02-04T09:41:30+00:00,用户运营,字节跳动招聘,实习,渠道运营伙伴实习生-飞书,https://jobs.bytedance.com/campus/position/7602942834777835781/detail,北京
增长,字节跳动,2026-08-24T18:43:44+00:00,bytedance:7602931162383288581,2026-08-24T21:20:16+00:00,2026-02-04T08:57:37+00:00,产品运营,字节跳动招聘,实习,激励增长产品运营实习生-TikTok,https://jobs.bytedance.com/campus/position/7602931162383288581/detail,北京
增长,字节跳动,2026-08-24T18:43:44+00:00,bytedance:7602929961154201909,2026-08-24T21:20:16+00:00,2026-02-04T08:51:21+00:00,产品运营,字节跳动招聘,实习,激励增长平台运营实习生-TikTok,https://jobs.bytedance.com/campus/position/7602929961154201909/detail,北京
运营,字节跳动,2026-08-24T18:43:44+00:00,bytedance:7602913810516937013,2026-08-24T21:20:16+00:00,2026-02-04T07:48:57+00:00,运营,字节跳动招聘,实习,内容标准运营实习生-抖音生活服务,https://jobs.bytedance.com/campus/position/7602913810516937013/detail,上海
产品,字节跳动,2026-08-24T18:43:44+00:00,bytedance:7602912207186217269,2026-08-24T21:20:16+00:00,2026-02-04T07:43:11+00:00,产品经理,字节跳动招聘,实习,AI产品实习生（音视频）-飞书,https://jobs.bytedance.com/campus/position/7602912207186217269/detail,上海
市场,字节跳动,2026-08-24T18:43:44+00:00,bytedance:7602912204656544005,2026-08-24T21:20:16+00:00,2026-02-04T07:42:27+00:00,运营,字节跳动招聘,实习,B端整合营销实习生-TikTok生活服务,https://jobs.bytedance.com/campus/position/7602912204656544005/detail,北京
增长,字节跳动,2026-08-24T18:43:44+00:00,bytedance:7602848498828986677,2026-08-24T21:20:16+00:00,2026-02-04T03:35:49+00:00,数据分析,字节跳动招聘,实习,用户增长数据分析实习生-TikTok产品,https://jobs.bytedance.com/campus/position/7602848498828986677/detail,北京
产品,字节跳动,2026-08-24T18:43:44+00:00,bytedance:7602654306181613877,2026-08-24T21:20:16+00:00,2026-02-03T15:09:41+00:00,产品,字节跳动招聘,实习,POI产品实习生-TikTok生活服务,https://jobs.bytedance.com/campus/position/7602654306181613877/detail,北京
运营,字节跳动,2026-08-24T18:43:44+00:00,bytedance:7602576368497592629,2026-08-24T21:20:16+00:00,2026-02-03T10:00:00+00:00,人力,字节跳动招聘,实习,AI人才运营实习生-飞书,https://jobs.bytedance.com/campus/position/7602576368497592629/detail,北京
商务,字节跳动,2026-08-24T18:43:44+00:00,bytedance:7602520315970701573,2026-08-24T21:20:16+00:00,2026-02-03T06:22:08+00:00,商业运营,字节跳动招聘,实习,西班牙语翻译实习生-飞书商业化,https://jobs.bytedance.com/campus/position/7602520315970701573/detail,北京
运营,字节跳动,2026-08-24T18:43:44+00:00,bytedance:7602516954364889349,2026-08-24T21:20:16+00:00,2026-02-03T06:09:19+00:00,产品运营,字节跳动招聘,实习,英语搜索运营实习生-国际化内容社区,https://jobs.bytedance.com/campus/position/7602516954364889349/detail,北京
运营,字节跳动,2026-08-24T18:43:44+00:00,bytedance:7602514038233991429,2026-08-24T21:20:16+00:00,2026-02-03T05:59:00+00:00,产品运营,字节跳动招聘,实习,泰语搜索运营实习生-国际化内容社区,https://jobs.bytedance.com/campus/position/7602514038233991429/detail,北京
运营,字节跳动,2026-08-24T18:43:44+00:00,bytedance:7602512852025166133,2026-08-24T21:20:16+00:00,2026-02-03T05:54:01+00:00,产品运营,字节跳动招聘,实习,日语搜索运营实习生-国际化内容社区,https://jobs.bytedance.com/campus/position/7602512852025166133/detail,北京
产品,字节跳动,2026-08-24T18:43:44+00:00,bytedance:7602502814237395253,2026-08-24T21:20:16+00:00,2026-02-03T05:15:07+00:00,产品经理,字节跳动招聘,实习,交易风控产品实习生-国际化广告业务,https://jobs.bytedance.com/campus/position/7602502814237395253/detail,北京
增长,字节跳动,2026-08-24T18:43:44+00:00,bytedance:7602500593490020613,2026-08-24T21:20:16+00:00,2026-02-03T05:11:43+00:00,产品,字节跳动招聘,实习,用户增长数据产品实习生-TikTok,https://jobs.bytedance.com/campus/position/7602500593490020613/detail,北京
产品,字节跳动,2026-08-24T18:43:44+00:00,bytedance:7602498391453026565,2026-08-24T21:20:16+00:00,2026-02-03T05:08:40+00:00,产品经理,字节跳动招聘,实习,商业产品经理实习生-国际化广告业务,https://jobs.bytedance.com/campus/position/7602498391453026565/detail,上海
职能,字节跳动,2026-08-24T18:43:44+00:00,bytedance:7602481862665832757,2026-08-24T21:20:16+00:00,2026-02-03T03:52:45+00:00,人力,字节跳动招聘,实习,招聘实习生-国际招聘中心,https://jobs.bytedance.com/campus/position/7602481862665832757/detail,上海
市场,字节跳动,2026-08-24T18:43:44+00:00,bytedance:7602212802519304501,2026-08-24T21:20:16+00:00,2026-02-02T10:30:33+00:00,运营,字节跳动招聘,实习,B端整合营销实习生-TikTok生活服务,https://jobs.bytedance.com/campus/position/7602212802519304501/detail,上海
产品,字节跳动,2026-08-24T18:43:44+00:00,bytedance:7601073634417133829,2026-08-24T21:20:16+00:00,2026-01-30T08:48:02+00:00,产品,字节跳动招聘,实习,内容产品实习生-TikTok,https://jobs.bytedance.com/campus/position/7601073634417133829/detail,北京
运营,字节跳动,2026-08-24T18:43:44+00:00,bytedance:7601003444502120709,2026-08-24T21:20:16+00:00,2026-01-30T04:17:17+00:00,运营,字节跳动招聘,实习,AIGC图文内容实习生-TikTok Shop,https://jobs.bytedance.com/campus/position/7601003444502120709/detail,北京
运营,字节跳动,2026-08-24T18:43:44+00:00,bytedance:7600779080779303173,2026-08-24T21:20:16+00:00,2026-01-29T13:45:50+00:00,运营,字节跳动招聘,实习,体验运营实习生-剪映CapCut,https://jobs.bytedance.com/campus/position/7600779080779303173/detail,北京
产品,字节跳动,2026-08-24T18:43:44+00:00,bytedance:7600767711141136693,2026-08-24T21:20:16+00:00,2026-01-29T13:02:42+00:00,产品,字节跳动招聘,实习,产品经理实习生-集团信息系统,https://jobs.bytedance.com/campus/position/7600767711141136693/detail,成都
运营,字节跳动,2026-08-24T18:43:44+00:00,bytedance:7600753387539826949,2026-08-24T21:20:16+00:00,2026-01-29T12:05:30+00:00,运营,字节跳动招聘,实习,AIGC图文内容实习生-TikTok Shop,https://jobs.bytedance.com/campus/position/7600753387539826949/detail,上海
产品,字节跳动,2026-08-24T18:43:44+00:00,bytedance:7600412527109130549,2026-08-24T21:20:16+00:00,2026-01-28T14:07:49+00:00,产品经理,字节跳动招聘,实习,AI产品实习生（评测方向）-飞书,https://jobs.bytedance.com/campus/position/7600412527109130549/detail,北京
产品,字节跳动,2026-08-24T18:43:44+00:00,bytedance:7600376032197708037,2026-08-24T21:20:16+00:00,2026-01-28T11:45:08+00:00,产品经理,字节跳动招聘,实习,AI产品实习生（豆包大模型方向）-火山方舟,https://jobs.bytedance.com/campus/position/7600376032197708037/detail,上海
产品,字节跳动,2026-08-24T18:43:44+00:00,bytedance:7600360530310416693,2026-08-24T21:20:16+00:00,2026-01-28T10:41:02+00:00,产品,字节跳动招聘,实习,产品实习生-TikTok,https://jobs.bytedance.com/campus/position/7600360530310416693/detail,北京
产品,字节跳动,2026-08-24T18:43:44+00:00,bytedance:7600358125481691445,2026-08-24T21:20:16+00:00,2026-01-28T10:35:42+00:00,产品,字节跳动招聘,实习,AI产品实习生-TikTok,https://jobs.bytedance.com/campus/position/7600358125481691445/detail,深圳
产品,字节跳动,2026-08-24T18:43:44+00:00,bytedance:7600339877369366837,2026-08-24T21:20:16+00:00,2026-01-28T09:23:11+00:00,产品经理,字节跳动招聘,实习,AI产品实习生-飞书,https://jobs.bytedance.com/campus/position/7600339877369366837/detail,上海
商务,字节跳动,2026-08-24T18:43:44+00:00,bytedance:7600321778931190021,2026-08-24T21:20:16+00:00,2026-01-28T08:11:36+00:00,运营,字节跳动招聘,实习,商业化运营实习生 - Global Business Solutions,https://jobs.bytedance.com/campus/position/7600321778931190021/detail,上海
产品,字节跳动,2026-08-24T18:43:44+00:00,bytedance:7600295644015921461,2026-08-24T21:20:16+00:00,2026-01-28T06:29:07+00:00,产品经理,字节跳动招聘,实习,AI大模型产品实习生-飞书,https://jobs.bytedance.com/campus/position/7600295644015921461/detail,北京
产品,字节跳动,2026-08-24T18:43:44+00:00,bytedance:7600293680599795973,2026-08-24T21:20:16+00:00,2026-01-28T06:21:25+00:00,产品经理,字节跳动招聘,实习,AI大模型产品实习生（知识问答）-飞书,https://jobs.bytedance.com/campus/position/7600293680599795973/detail,深圳
运营,字节跳动,2026-08-24T18:43:44+00:00,bytedance:7600237416825964805,2026-08-24T21:20:16+00:00,2026-01-28T02:43:00+00:00,运营,字节跳动招聘,实习,AI技术运营实习生-大模型数据服务中心,https://jobs.bytedance.com/campus/position/7600237416825964805/detail,北京
产品,字节跳动,2026-08-24T18:43:44+00:00,bytedance:7599952289071237429,2026-08-24T21:20:16+00:00,2026-01-27T08:16:36+00:00,产品,字节跳动招聘,实习,大模型评测产品实习生-AI数据与安全,https://jobs.bytedance.com/campus/position/7599952289071237429/detail,北京
销售,字节跳动,2026-08-24T18:43:44+00:00,bytedance:7599868078125926709,2026-08-24T21:20:16+00:00,2026-01-27T02:50:52+00:00,用户运营,字节跳动招聘,实习,客户成功实习生-飞书,https://jobs.bytedance.com/campus/position/7599868078125926709/detail,深圳
销售,字节跳动,2026-08-24T18:43:44+00:00,bytedance:7599868019804768565,2026-08-24T21:20:16+00:00,2026-01-27T02:49:42+00:00,用户运营,字节跳动招聘,实习,客户成功实习生-飞书,https://jobs.bytedance.com/campus/position/7599868019804768565/detail,深圳
商业分析,字节跳动,2026-08-24T19:23:31+00:00,bytedance:7599862033589438773,2026-08-24T21:20:16+00:00,2026-01-27T02:27:53+00:00,数据分析,字节跳动招聘,实习,Agent开发实习生（数据治理）-IT,https://jobs.bytedance.com/campus/position/7599862033589438773/detail,上海
产品,字节跳动,2026-08-24T18:43:44+00:00,bytedance:7599664981143079221,2026-08-24T21:20:16+00:00,2026-01-26T13:42:02+00:00,产品经理,字节跳动招聘,实习,AI产品实习生（People）-集团信息系统,https://jobs.bytedance.com/campus/position/7599664981143079221/detail,广州
产品,字节跳动,2026-08-24T18:43:44+00:00,bytedance:7599663471820474629,2026-08-24T21:20:16+00:00,2026-01-26T13:40:21+00:00,产品经理,字节跳动招聘,实习,AI产品实习生（People）-集团信息系统,https://jobs.bytedance.com/campus/position/7599663471820474629/detail,成都
产品,字节跳动,2026-08-24T18:43:44+00:00,bytedance:7599658907801291013,2026-08-24T21:20:16+00:00,2026-01-26T13:18:55+00:00,产品经理,字节跳动招聘,实习,产品实习生（People）-集团信息系统,https://jobs.bytedance.com/campus/position/7599658907801291013/detail,北京
产品,字节跳动,2026-08-24T18:43:44+00:00,bytedance:7599652552112933173,2026-08-24T21:20:16+00:00,2026-01-26T12:57:15+00:00,产品经理,字节跳动招聘,实习,产品实习生（财务系统）-集团信息系统,https://jobs.bytedance.com/campus/position/7599652552112933173/detail,杭州
产品,字节跳动,2026-08-24T18:43:44+00:00,bytedance:7599647313761421621,2026-08-24T21:20:16+00:00,2026-01-26T12:34:25+00:00,产品经理,字节跳动招聘,实习,产品实习生（财务系统）-集团信息系统,https://jobs.bytedance.com/campus/position/7599647313761421621/detail,上海
产品,字节跳动,2026-08-24T18:43:44+00:00,bytedance:7599645169255860533,2026-08-24T21:20:16+00:00,2026-01-26T12:25:36+00:00,产品经理,字节跳动招聘,实习,产品实习生（财务系统）-集团信息系统,https://jobs.bytedance.com/campus/position/7599645169255860533/detail,北京
职能,字节跳动,2026-08-24T18:43:44+00:00,bytedance:7599580227479881989,2026-08-24T21:20:16+00:00,2026-01-26T08:12:55+00:00,人力,字节跳动招聘,实习,高招实习生-管理研究院,https://jobs.bytedance.com/campus/position/7599580227479881989/detail,上海
商务,字节跳动,2026-08-24T18:43:44+00:00,bytedance:7599567618412415237,2026-08-24T21:20:16+00:00,2026-01-26T07:23:44+00:00,数据分析,字节跳动招聘,实习,AI数据策略运营（国际化商业化广告方向）实习生 - 国际化商业安全,https://jobs.bytedance.com/campus/position/7599567618412415237/detail,上海
职能,字节跳动,2026-08-24T18:43:44+00:00,bytedance:7599563862279162117,2026-08-24T21:20:16+00:00,2026-01-26T07:10:13+00:00,职能 / 支持,字节跳动招聘,实习,IT支持BP实习生-IT,https://jobs.bytedance.com/campus/position/7599563862279162117/detail,上海
职能,字节跳动,2026-08-24T18:43:44+00:00,bytedance:7599563332866033925,2026-08-24T21:20:16+00:00,2026-01-26T07:08:28+00:00,职能 / 支持,字节跳动招聘,实习,经营管理实习生-IT,https://jobs.bytedance.com/campus/position/7599563332866033925/detail,深圳
职能,字节跳动,2026-08-24T18:43:44+00:00,bytedance:7599555152248932613,2026-08-24T21:20:16+00:00,2026-01-26T06:35:43+00:00,职能 / 支持,字节跳动招聘,实习,IT支持BP实习生-IT,https://jobs.bytedance.com/campus/position/7599555152248932613/detail,北京
产品,字节跳动,2026-08-24T18:43:44+00:00,bytedance:7599551919621474565,2026-08-24T21:20:16+00:00,2026-01-26T06:22:50+00:00,产品,字节跳动招聘,实习,订阅产品会员权益实习生 - 剪映CapCut,https://jobs.bytedance.com/campus/position/7599551919621474565/detail,北京
产品,字节跳动,2026-08-24T18:43:44+00:00,bytedance:7599546915902458165,2026-08-24T21:20:16+00:00,2026-01-26T06:03:59+00:00,产品经理,字节跳动招聘,实习,策略产品实习生-财经业务,https://jobs.bytedance.com/campus/position/7599546915902458165/detail,北京
增长,字节跳动,2026-08-24T18:43:44+00:00,bytedance:7598544528874522933,2026-08-24T21:20:16+00:00,2026-01-23T13:14:16+00:00,产品经理,字节跳动招聘,实习,用户增长策略实习生-财经业务,https://jobs.bytedance.com/campus/position/7598544528874522933/detail,北京
职能,字节跳动,2026-08-24T18:43:44+00:00,bytedance:7598464482352531717,2026-08-24T21:20:16+00:00,2026-01-23T08:03:26+00:00,职能 / 支持,字节跳动招聘,实习,经营管理实习生-IT,https://jobs.bytedance.com/campus/position/7598464482352531717/detail,北京
职能,字节跳动,2026-08-24T18:43:44+00:00,bytedance:7598461327727774005,2026-08-24T21:20:16+00:00,2026-01-23T07:52:43+00:00,职能 / 支持,字节跳动招聘,实习,招聘实习生-集团职能,https://jobs.bytedance.com/campus/position/7598461327727774005/detail,北京
职能,字节跳动,2026-08-24T18:43:44+00:00,bytedance:7598461327707687173,2026-08-24T21:20:16+00:00,2026-01-23T07:51:31+00:00,职能 / 支持,字节跳动招聘,实习,招聘实习生-集团职能,https://jobs.bytedance.com/campus/position/7598461327707687173/detail,上海
运营,字节跳动,2026-08-24T18:43:44+00:00,bytedance:7598440159810210101,2026-08-24T21:20:16+00:00,2026-01-23T06:30:05+00:00,运营,字节跳动招聘,实习,具身数据运营实习生 - Seed,https://jobs.bytedance.com/campus/position/7598440159810210101/detail,北京
商业分析,字节跳动,2026-08-24T18:43:44+00:00,bytedance:7598222045805201717,2026-08-24T21:20:16+00:00,2026-01-22T16:23:08+00:00,产品,字节跳动招聘,实习,大模型数据分析/产品实习生-AI数据与安全,https://jobs.bytedance.com/campus/position/7598222045805201717/detail,北京
产品,字节跳动,2026-08-24T18:43:44+00:00,bytedance:7598219830978005253,2026-08-24T21:20:16+00:00,2026-01-22T16:13:49+00:00,产品,字节跳动招聘,实习,模型训练产品实习生-AI数据与安全,https://jobs.bytedance.com/campus/position/7598219830978005253/detail,北京
销售,字节跳动,2026-08-24T18:43:44+00:00,bytedance:7598108331613473029,2026-08-24T21:20:16+00:00,2026-01-22T09:01:10+00:00,销售运营,字节跳动招聘,实习,交易数据支持实习生-飞书,https://jobs.bytedance.com/campus/position/7598108331613473029/detail,北京
商务,字节跳动,2026-08-24T18:43:44+00:00,bytedance:7598098713497979141,2026-08-24T21:20:16+00:00,2026-01-22T08:24:35+00:00,销售运营,字节跳动招聘,实习,商业化业务经营实习生-IT,https://jobs.bytedance.com/campus/position/7598098713497979141/detail,北京
运营,字节跳动,2026-08-24T18:43:44+00:00,bytedance:7598095169546389765,2026-08-24T21:20:16+00:00,2026-01-22T08:11:05+00:00,IT支持,字节跳动招聘,实习,音视频项目运营实习生-IT,https://jobs.bytedance.com/campus/position/7598095169546389765/detail,北京
运营,字节跳动,2026-08-24T18:43:44+00:00,bytedance:7598094982919457029,2026-08-24T21:20:16+00:00,2026-01-22T08:09:56+00:00,IT支持,字节跳动招聘,实习,音视频项目运营实习生-IT,https://jobs.bytedance.com/campus/position/7598094982919457029/detail,北京
职能,字节跳动,2026-08-24T19:23:31+00:00,bytedance:7598090472569243909,2026-08-24T21:20:16+00:00,2026-01-22T07:53:23+00:00,IT支持,字节跳动招聘,实习,供应链实习生-IT,https://jobs.bytedance.com/campus/position/7598090472569243909/detail,北京
职能,字节跳动,2026-08-24T19:23:31+00:00,bytedance:7598087743488100613,2026-08-24T21:20:16+00:00,2026-01-22T07:41:23+00:00,IT支持,字节跳动招聘,实习,硬件资产管理实习生-IT,https://jobs.bytedance.com/campus/position/7598087743488100613/detail,北京
职能,字节跳动,2026-08-24T18:43:44+00:00,bytedance:7598057243939391749,2026-08-24T21:20:16+00:00,2026-01-22T05:44:35+00:00,财务,字节跳动招聘,实习,财务实习生,https://jobs.bytedance.com/campus/position/7598057243939391749/detail,北京
产品,字节跳动,2026-08-24T18:43:44+00:00,bytedance:7598034445736429877,2026-08-24T21:20:16+00:00,2026-01-22T04:20:25+00:00,产品,字节跳动招聘,实习,垂直搜索产品实习生-TikTok,https://jobs.bytedance.com/campus/position/7598034445736429877/detail,北京
运营,字节跳动,2026-08-24T18:43:44+00:00,bytedance:7597837887681530117,2026-08-24T21:20:16+00:00,2026-01-21T15:35:25+00:00,产品运营,字节跳动招聘,实习,产品运营实习生-国际化内容与服务广告,https://jobs.bytedance.com/campus/position/7597837887681530117/detail,北京
运营,字节跳动,2026-08-24T18:43:44+00:00,bytedance:7597837534655252789,2026-08-24T21:20:16+00:00,2026-01-21T15:31:49+00:00,产品运营,字节跳动招聘,实习,产品运营实习生-国际化中小企业客户产品,https://jobs.bytedance.com/campus/position/7597837534655252789/detail,上海
产品,字节跳动,2026-08-24T18:43:44+00:00,bytedance:7597797411016771893,2026-08-24T21:20:16+00:00,2026-01-21T12:56:48+00:00,产品,字节跳动招聘,实习,AI产品实习生-AI数据与安全,https://jobs.bytedance.com/campus/position/7597797411016771893/detail,北京
运营,字节跳动,2026-08-24T18:43:44+00:00,bytedance:7597761515602462981,2026-08-24T21:20:16+00:00,2026-01-21T10:38:29+00:00,运营,字节跳动招聘,实习,电商机审大模型运营实习生-内容质量与数据服务平台,https://jobs.bytedance.com/campus/position/7597761515602462981/detail,西安
产品,字节跳动,2026-08-24T18:43:44+00:00,bytedance:7597723530893953285,2026-08-24T21:20:16+00:00,2026-01-21T08:07:52+00:00,产品,字节跳动招聘,实习,平台产品实习生-抖音,https://jobs.bytedance.com/campus/position/7597723530893953285/detail,北京
职能,字节跳动,2026-08-24T18:43:44+00:00,bytedance:7597683525878089989,2026-08-24T21:20:16+00:00,2026-01-21T05:34:24+00:00,职能 / 支持,字节跳动招聘,实习,HR实习生-研发中台,https://jobs.bytedance.com/campus/position/7597683525878089989/detail,上海
产品,字节跳动,2026-08-24T18:43:44+00:00,bytedance:7597436365229361413,2026-08-24T21:20:16+00:00,2026-01-20T13:33:50+00:00,产品经理,字节跳动招聘,实习,体验产品经理实习生-抖音用户体验,https://jobs.bytedance.com/campus/position/7597436365229361413/detail,北京
商业分析,字节跳动,2026-08-24T19:23:31+00:00,bytedance:7597433454284507445,2026-08-24T21:20:16+00:00,2026-01-20T13:22:32+00:00,数据分析,字节跳动招聘,实习,数据分析实习生-抖音用户产品基础,https://jobs.bytedance.com/campus/position/7597433454284507445/detail,深圳
商业分析,字节跳动,2026-08-24T19:23:31+00:00,bytedance:7597429959502580021,2026-08-24T21:20:16+00:00,2026-01-20T13:11:42+00:00,数据分析,字节跳动招聘,实习,数据分析实习生-抖音用户体验,https://jobs.bytedance.com/campus/position/7597429959502580021/detail,北京
运营,字节跳动,2026-08-24T18:43:44+00:00,bytedance:7597361055125555461,2026-08-24T21:20:16+00:00,2026-01-20T08:43:16+00:00,产品运营,字节跳动招聘,实习,生态治理策略实习生-TikTok,https://jobs.bytedance.com/campus/position/7597361055125555461/detail,北京
产品,字节跳动,2026-08-24T18:43:44+00:00,bytedance:7597356153670322437,2026-08-24T21:20:16+00:00,2026-01-20T08:22:33+00:00,产品经理,字节跳动招聘,实习,资产管理平台产品实习生-财经业务,https://jobs.bytedance.com/campus/position/7597356153670322437/detail,北京
商务,字节跳动,2026-08-24T18:43:44+00:00,bytedance:7597350617202379013,2026-08-24T21:20:16+00:00,2026-01-20T08:00:57+00:00,商业运营,字节跳动招聘,实习,行业运营（美妆日化服饰）实习生 - 商业化,https://jobs.bytedance.com/campus/position/7597350617202379013/detail,上海
商务,字节跳动,2026-08-24T18:43:44+00:00,bytedance:7597350493685942533,2026-08-24T21:20:16+00:00,2026-01-20T08:00:25+00:00,商业运营,字节跳动招聘,实习,行业运营实习生（美妆日化服饰）-商业化,https://jobs.bytedance.com/campus/position/7597350493685942533/detail,广州
产品,字节跳动,2026-08-24T18:43:44+00:00,bytedance:7597340158527047989,2026-08-24T21:20:16+00:00,2026-01-20T07:20:05+00:00,产品经理,字节跳动招聘,实习,基础产品实习生-财经业务,https://jobs.bytedance.com/campus/position/7597340158527047989/detail,北京
产品,字节跳动,2026-08-24T18:43:44+00:00,bytedance:7597338697114487093,2026-08-24T21:20:16+00:00,2026-01-20T07:14:19+00:00,产品经理,字节跳动招聘,实习,用户产品实习生 - 财经业务,https://jobs.bytedance.com/campus/position/7597338697114487093/detail,北京
职能,字节跳动,2026-08-24T18:43:44+00:00,bytedance:7597338220474304773,2026-08-24T21:20:16+00:00,2026-01-20T07:14:06+00:00,人力,字节跳动招聘,实习,招聘实习生-广告,https://jobs.bytedance.com/campus/position/7597338220474304773/detail,北京
职能,字节跳动,2026-08-24T18:43:44+00:00,bytedance:7597320713553791285,2026-08-24T21:20:16+00:00,2026-01-20T06:05:40+00:00,产品经理,字节跳动招聘,实习,欺诈/安全策略实习生-财经业务,https://jobs.bytedance.com/campus/position/7597320713553791285/detail,北京
职能,字节跳动,2026-08-24T19:23:31+00:00,bytedance:7597278516148832565,2026-08-24T21:20:16+00:00,2026-01-20T03:21:12+00:00,数据分析,字节跳动招聘,实习,风控策略实习生-财经业务,https://jobs.bytedance.com/campus/position/7597278516148832565/detail,北京
市场,字节跳动,2026-08-24T18:43:44+00:00,bytedance:7597276958779935029,2026-08-24T21:20:16+00:00,2026-01-20T03:16:37+00:00,运营,字节跳动招聘,实习,营销数据产品运营实习生-广告度量信号与隐私保护,https://jobs.bytedance.com/campus/position/7597276958779935029/detail,上海
商务,字节跳动,2026-08-24T18:43:44+00:00,bytedance:7596997866292300037,2026-08-24T21:20:16+00:00,2026-01-19T09:12:37+00:00,运营,字节跳动招聘,实习,资金商务实习生-财经业务,https://jobs.bytedance.com/campus/position/7596997866292300037/detail,北京
产品,字节跳动,2026-08-24T18:43:44+00:00,bytedance:7596995162703874357,2026-08-24T21:20:16+00:00,2026-01-19T09:02:56+00:00,产品,字节跳动招聘,实习,平台产品实习生-财经业务,https://jobs.bytedance.com/campus/position/7596995162703874357/detail,北京
产品,字节跳动,2026-08-24T18:43:44+00:00,bytedance:7596994630080989493,2026-08-24T21:20:16+00:00,2026-01-19T09:01:53+00:00,产品,字节跳动招聘,实习,AI产品实习生（To C）-财经业务,https://jobs.bytedance.com/campus/position/7596994630080989493/detail,北京
产品,字节跳动,2026-08-24T18:43:44+00:00,bytedance:7596991649151092997,2026-08-24T21:20:16+00:00,2026-01-19T08:48:42+00:00,产品经理,字节跳动招聘,实习,AI产品实习生-飞书多维表格,https://jobs.bytedance.com/campus/position/7596991649151092997/detail,北京
产品,字节跳动,2026-08-24T18:43:44+00:00,bytedance:7596985918906665269,2026-08-24T21:20:16+00:00,2026-01-19T08:26:27+00:00,产品经理,字节跳动招聘,实习,AI多模态音视频产品实习生-音视频技术,https://jobs.bytedance.com/campus/position/7596985918906665269/detail,北京
产品,字节跳动,2026-08-24T18:43:44+00:00,bytedance:7596954037016054069,2026-08-24T21:20:16+00:00,2026-01-19T06:22:59+00:00,产品经理,字节跳动招聘,实习,策略产品实习生-财经业务,https://jobs.bytedance.com/campus/position/7596954037016054069/detail,北京
市场,字节跳动,2026-08-24T18:43:44+00:00,bytedance:7596953786521848069,2026-08-24T21:20:16+00:00,2026-01-19T06:22:23+00:00,产品经理,字节跳动招聘,实习,营销产品实习生-财经业务,https://jobs.bytedance.com/campus/position/7596953786521848069/detail,北京
产品,字节跳动,2026-08-24T18:43:44+00:00,bytedance:7596935036591769861,2026-08-24T21:20:16+00:00,2026-01-19T05:11:52+00:00,产品经理,字节跳动招聘,实习,AI产品实习生（People）-集团信息系统,https://jobs.bytedance.com/campus/position/7596935036591769861/detail,北京
产品,字节跳动,2026-08-24T18:43:44+00:00,bytedance:7595913838462667061,2026-08-24T21:20:16+00:00,2026-01-16T11:08:28+00:00,产品,字节跳动招聘,实习,AI产品实习生-Coze,https://jobs.bytedance.com/campus/position/7595913838462667061/detail,深圳
产品,字节跳动,2026-08-24T18:43:44+00:00,bytedance:7595913831979829509,2026-08-24T21:20:16+00:00,2026-01-16T11:06:12+00:00,产品,字节跳动招聘,实习,AI产品实习生-Coze,https://jobs.bytedance.com/campus/position/7595913831979829509/detail,北京
产品,字节跳动,2026-08-24T18:43:44+00:00,bytedance:7595875863703324933,2026-08-24T21:20:16+00:00,2026-01-16T08:37:51+00:00,产品,字节跳动招聘,实习,豆包AI大模型产品实习生-火山方舟,https://jobs.bytedance.com/campus/position/7595875863703324933/detail,上海
运营,字节跳动,2026-08-24T18:43:44+00:00,bytedance:7595865313439959349,2026-08-24T21:20:16+00:00,2026-01-16T07:57:34+00:00,用户运营,字节跳动招聘,实习,大模型产品运营实习生 - TikTok,https://jobs.bytedance.com/campus/position/7595865313439959349/detail,北京
职能,字节跳动,2026-08-24T18:43:44+00:00,bytedance:7595862777341200693,2026-08-24T21:20:16+00:00,2026-01-16T07:47:18+00:00,人力,字节跳动招聘,实习,招聘策略与运营实习生-Data,https://jobs.bytedance.com/campus/position/7595862777341200693/detail,北京
市场,字节跳动,2026-08-24T18:43:44+00:00,bytedance:7595812390256937269,2026-08-24T21:20:16+00:00,2026-01-16T04:33:26+00:00,用户运营,字节跳动招聘,实习,海外品牌市场实习生-TRAE,https://jobs.bytedance.com/campus/position/7595812390256937269/detail,北京
运营,字节跳动,2026-08-24T18:43:44+00:00,bytedance:7595565625968199989,2026-08-24T21:20:16+00:00,2026-01-15T12:34:02+00:00,运营,字节跳动招聘,实习,商家成长运营实习生-抖音生活服务,https://jobs.bytedance.com/campus/position/7595565625968199989/detail,上海
增长,字节跳动,2026-08-24T18:43:44+00:00,bytedance:7595564914178394373,2026-08-24T21:20:16+00:00,2026-01-15T12:31:50+00:00,运营,字节跳动招聘,实习,商家增长运营实习生（AI相关）-抖音生活服务,https://jobs.bytedance.com/campus/position/7595564914178394373/detail,北京
职能,字节跳动,2026-08-24T18:43:44+00:00,bytedance:7595561293253282053,2026-08-24T21:20:16+00:00,2026-01-15T12:19:09+00:00,财务,字节跳动招聘,实习,国际支付财务实习生-国际支付,https://jobs.bytedance.com/campus/position/7595561293253282053/detail,北京
运营,字节跳动,2026-08-24T18:43:44+00:00,bytedance:7595559811464562997,2026-08-24T21:20:16+00:00,2026-01-15T12:13:12+00:00,运营,字节跳动招聘,实习,业务运营实习生-抖音生活服务,https://jobs.bytedance.com/campus/position/7595559811464562997/detail,武汉
运营,字节跳动,2026-08-24T18:43:44+00:00,bytedance:7595558445270305077,2026-08-24T21:20:16+00:00,2026-01-15T12:06:30+00:00,运营,字节跳动招聘,实习,员工培训运营实习生-抖音生活服务,https://jobs.bytedance.com/campus/position/7595558445270305077/detail,武汉
运营,字节跳动,2026-08-24T18:43:44+00:00,bytedance:7595557163687430453,2026-08-24T21:20:16+00:00,2026-01-15T12:02:10+00:00,运营,字节跳动招聘,实习,行业运营实习生-抖音生活服务,https://jobs.bytedance.com/campus/position/7595557163687430453/detail,上海
运营,字节跳动,2026-08-24T18:43:44+00:00,bytedance:7595557058280278325,2026-08-24T21:20:16+00:00,2026-01-15T12:00:49+00:00,运营,字节跳动招聘,实习,行业运营实习生-抖音生活服务,https://jobs.bytedance.com/campus/position/7595557058280278325/detail,北京
产品,字节跳动,2026-08-24T18:43:44+00:00,bytedance:7595517802715547957,2026-08-24T21:20:16+00:00,2026-01-15T09:28:23+00:00,产品,字节跳动招聘,实习,AI搜索产品（策略）实习生-火山方舟,https://jobs.bytedance.com/campus/position/7595517802715547957/detail,北京
职能,字节跳动,2026-08-24T18:43:44+00:00,bytedance:7595512836852943157,2026-08-24T21:20:16+00:00,2026-01-15T09:10:49+00:00,人力,字节跳动招聘,实习,HR实习生（招聘方向）-抖音,https://jobs.bytedance.com/campus/position/7595512836852943157/detail,北京
设计,字节跳动,2026-08-24T18:43:44+00:00,bytedance:7595491837268527413,2026-08-24T21:20:16+00:00,2026-01-15T07:48:46+00:00,运营,字节跳动招聘,实习,视觉视频制作设计实习生-TikTok,https://jobs.bytedance.com/campus/position/7595491837268527413/detail,上海
产品,字节跳动,2026-08-24T18:43:44+00:00,bytedance:7595467419597342981,2026-08-24T21:20:16+00:00,2026-01-15T06:14:49+00:00,产品,字节跳动招聘,实习,AI产品实习生（即创AI）-广告业务,https://jobs.bytedance.com/campus/position/7595467419597342981/detail,北京
产品,字节跳动,2026-08-24T18:43:44+00:00,bytedance:7595436785866623285,2026-08-24T21:20:16+00:00,2026-01-15T04:14:27+00:00,产品经理,字节跳动招聘,实习,推荐中台产品实习生-Data-抖音/直播/电商/剪映,https://jobs.bytedance.com/campus/position/7595436785866623285/detail,北京
职能,字节跳动,2026-08-24T18:43:44+00:00,bytedance:7595189757471295797,2026-08-24T21:20:16+00:00,2026-01-14T12:16:21+00:00,人力,字节跳动招聘,实习,招聘实习生-电商,https://jobs.bytedance.com/campus/position/7595189757471295797/detail,北京
运营,字节跳动,2026-08-24T18:43:44+00:00,bytedance:7595148442877888773,2026-08-24T21:20:16+00:00,2026-01-14T09:36:46+00:00,运营,字节跳动招聘,实习,墨西哥大促运营实习生-TikTok Shop,https://jobs.bytedance.com/campus/position/7595148442877888773/detail,上海
增长,字节跳动,2026-08-24T18:43:44+00:00,bytedance:7595124115188795701,2026-08-24T21:20:16+00:00,2026-01-14T08:01:10+00:00,运营,字节跳动招聘,实习,增长策略运营实习生-Coze,https://jobs.bytedance.com/campus/position/7595124115188795701/detail,北京
设计,字节跳动,2026-08-24T18:43:44+00:00,bytedance:7595123939371354421,2026-08-24T21:20:16+00:00,2026-01-14T08:00:12+00:00,设计,字节跳动招聘,实习,产品设计实习生-国际化广告商业平台,https://jobs.bytedance.com/campus/position/7595123939371354421/detail,上海
产品,字节跳动,2026-08-24T18:43:44+00:00,bytedance:7595116968530659589,2026-08-24T21:20:16+00:00,2026-01-14T07:33:18+00:00,产品经理,字节跳动招聘,实习,平台产品实习生（服务架构）-TikTok Shop,https://jobs.bytedance.com/campus/position/7595116968530659589/detail,杭州
销售,字节跳动,2026-08-24T18:43:44+00:00,bytedance:7594830846430497029,2026-08-24T21:20:16+00:00,2026-01-13T13:03:58+00:00,销售运营,字节跳动招聘,实习,渠道运营实习生-飞书,https://jobs.bytedance.com/campus/position/7594830846430497029/detail,北京
销售,字节跳动,2026-08-24T18:43:44+00:00,bytedance:7594819774333864245,2026-08-24T21:20:16+00:00,2026-01-13T12:22:37+00:00,销售运营,字节跳动招聘,实习,销售运营实习生-飞书,https://jobs.bytedance.com/campus/position/7594819774333864245/detail,北京
产品,字节跳动,2026-08-24T18:43:44+00:00,bytedance:7594813904392636677,2026-08-24T21:20:16+00:00,2026-01-13T11:57:02+00:00,产品,字节跳动招聘,实习,产品实习生-存储,https://jobs.bytedance.com/campus/position/7594813904392636677/detail,杭州
产品,字节跳动,2026-08-24T18:43:44+00:00,bytedance:7594811786128492805,2026-08-24T21:20:16+00:00,2026-01-13T11:49:48+00:00,产品,字节跳动招聘,实习,产品实习生-存储,https://jobs.bytedance.com/campus/position/7594811786128492805/detail,北京
运营,字节跳动,2026-08-24T18:43:44+00:00,bytedance:7594783233462176005,2026-08-24T21:20:16+00:00,2026-01-13T09:59:59+00:00,产品,字节跳动招聘,实习,智能视频云国际产品运营实习生-音视频技术,https://jobs.bytedance.com/campus/position/7594783233462176005/detail,深圳
产品,字节跳动,2026-08-24T18:43:44+00:00,bytedance:7594783232512969013,2026-08-24T21:20:16+00:00,2026-01-13T09:58:32+00:00,产品经理,字节跳动招聘,实习,智能视频云国际产品实习生-音视频技术,https://jobs.bytedance.com/campus/position/7594783232512969013/detail,深圳
运营,字节跳动,2026-08-24T18:43:44+00:00,bytedance:7594782886479251765,2026-08-24T21:20:16+00:00,2026-01-13T09:57:38+00:00,产品,字节跳动招聘,实习,智能视频云国际产品运营实习生-音视频技术,https://jobs.bytedance.com/campus/position/7594782886479251765/detail,北京
产品,字节跳动,2026-08-24T18:43:44+00:00,bytedance:7594772465022208261,2026-08-24T21:20:16+00:00,2026-01-13T09:17:25+00:00,产品经理,字节跳动招聘,实习,智能视频云国际产品实习生-音视频技术,https://jobs.bytedance.com/campus/position/7594772465022208261/detail,北京
产品,字节跳动,2026-08-24T19:23:31+00:00,bytedance:7594768409081415941,2026-08-24T21:20:16+00:00,2026-01-13T09:01:39+00:00,游戏数值策划,字节跳动招聘,实习,游戏数值策划实习生（派对游戏）-江南工作室,https://jobs.bytedance.com/campus/position/7594768409081415941/detail,杭州
商业分析,字节跳动,2026-08-24T19:23:31+00:00,bytedance:7594707779928672565,2026-08-24T21:20:16+00:00,2026-01-13T05:06:15+00:00,数据分析,字节跳动招聘,实习,数据分析（东南亚业务）实习生 - TikTok Shop,https://jobs.bytedance.com/campus/position/7594707779928672565/detail,上海
产品,字节跳动,2026-08-24T18:43:44+00:00,bytedance:7594688848291875077,2026-08-24T21:20:16+00:00,2026-01-13T03:51:43+00:00,产品,字节跳动招聘,实习,AI产品实习生（泛抖音）-数据平台,https://jobs.bytedance.com/campus/position/7594688848291875077/detail,杭州
产品,字节跳动,2026-08-24T18:43:44+00:00,bytedance:7594469374153541941,2026-08-24T21:20:16+00:00,2026-01-12T13:41:01+00:00,产品,字节跳动招聘,实习,LLM/VLM模型训练产品实习生 - AI数据与安全,https://jobs.bytedance.com/campus/position/7594469374153541941/detail,北京
产品,字节跳动,2026-08-24T18:43:44+00:00,bytedance:7594401397208025397,2026-08-24T21:20:16+00:00,2026-01-12T09:17:12+00:00,产品,字节跳动招聘,实习,用户产品实习生-今日头条,https://jobs.bytedance.com/campus/position/7594401397208025397/detail,深圳
运营,字节跳动,2026-08-24T18:43:44+00:00,bytedance:7594386037607598389,2026-08-24T21:20:16+00:00,2026-01-12T08:17:50+00:00,运营,字节跳动招聘,实习,策略运营实习生-TikTok Shop,https://jobs.bytedance.com/campus/position/7594386037607598389/detail,上海
增长,字节跳动,2026-08-24T18:43:44+00:00,bytedance:7594366910302980405,2026-08-24T21:20:16+00:00,2026-01-12T07:02:41+00:00,数据分析,字节跳动招聘,实习,数据分析实习生-TikTok用户增长,https://jobs.bytedance.com/campus/position/7594366910302980405/detail,上海
产品,字节跳动,2026-08-24T18:43:44+00:00,bytedance:7594356866569160965,2026-08-24T21:20:16+00:00,2026-01-12T06:23:29+00:00,产品,字节跳动招聘,实习,国际化产品实习生-番茄小说,https://jobs.bytedance.com/campus/position/7594356866569160965/detail,上海
运营,字节跳动,2026-08-24T18:43:44+00:00,bytedance:7594349417018149173,2026-08-24T21:20:16+00:00,2026-01-12T05:54:36+00:00,运营,字节跳动招聘,实习,策略运营实习生-飞书,https://jobs.bytedance.com/campus/position/7594349417018149173/detail,北京
市场,字节跳动,2026-08-24T18:43:44+00:00,bytedance:7594305045907523893,2026-08-24T21:20:16+00:00,2026-01-12T03:03:19+00:00,运营,字节跳动招聘,实习,市场营销运营实习生 - 飞书商业化,https://jobs.bytedance.com/campus/position/7594305045907523893/detail,北京
职能,字节跳动,2026-08-24T19:23:31+00:00,bytedance:7594289771743774981,2026-08-24T21:20:16+00:00,2026-01-12T02:07:23+00:00,数据分析,字节跳动招聘,实习,数据实习生-财经业务,https://jobs.bytedance.com/campus/position/7594289771743774981/detail,北京
商业分析,字节跳动,2026-08-24T19:23:31+00:00,bytedance:7593302467804449077,2026-08-24T21:20:16+00:00,2026-01-09T10:13:55+00:00,数据分析,字节跳动招聘,实习,数据分析实习生（社交与互动）-抖音,https://jobs.bytedance.com/campus/position/7593302467804449077/detail,上海
商业分析,字节跳动,2026-08-24T19:23:31+00:00,bytedance:7593302122012330293,2026-08-24T21:20:16+00:00,2026-01-09T10:12:05+00:00,数据分析,字节跳动招聘,实习,数据分析实习生（效果与创作）-抖音,https://jobs.bytedance.com/campus/position/7593302122012330293/detail,北京
运营,字节跳动,2026-08-24T18:43:44+00:00,bytedance:7593291919411988741,2026-08-24T21:20:16+00:00,2026-01-09T09:32:23+00:00,产品,字节跳动招聘,实习,情报策略运营实习生-风控,https://jobs.bytedance.com/campus/position/7593291919411988741/detail,杭州
运营,字节跳动,2026-08-24T18:43:44+00:00,bytedance:7593289019699841285,2026-08-24T21:20:16+00:00,2026-01-09T09:19:33+00:00,运营,字节跳动招聘,实习,节目运营实习生-抖音,https://jobs.bytedance.com/campus/position/7593289019699841285/detail,北京
运营,字节跳动,2026-08-24T18:43:44+00:00,bytedance:7593211387334691125,2026-08-24T21:20:16+00:00,2026-01-09T04:22:41+00:00,运营,字节跳动招聘,实习,用户体验分析实习生-抖音生活服务,https://jobs.bytedance.com/campus/position/7593211387334691125/detail,北京
设计,字节跳动,2026-08-24T18:43:44+00:00,bytedance:7593188018070473013,2026-08-24T21:20:16+00:00,2026-01-09T02:47:58+00:00,设计,字节跳动招聘,实习,产品设计实习生-飞书设计,https://jobs.bytedance.com/campus/position/7593188018070473013/detail,杭州
产品,字节跳动,2026-08-24T18:43:44+00:00,bytedance:7593032687017445637,2026-08-24T21:20:16+00:00,2026-01-08T16:48:23+00:00,产品经理,字节跳动招聘,实习,产品（评测方向）实习生-AI Platform,https://jobs.bytedance.com/campus/position/7593032687017445637/detail,上海
产品,字节跳动,2026-08-24T18:43:44+00:00,bytedance:7593023333070604549,2026-08-24T21:20:16+00:00,2026-01-08T16:20:05+00:00,产品经理,字节跳动招聘,实习,AI产品实习生（研发平台方向）-开发者服务,https://jobs.bytedance.com/campus/position/7593023333070604549/detail,北京
产品,字节跳动,2026-08-24T18:43:44+00:00,bytedance:7593026010477152565,2026-08-24T21:20:16+00:00,2026-01-08T16:18:58+00:00,产品经理,字节跳动招聘,实习,AI产品实习生（研发平台方向）-开发者服务,https://jobs.bytedance.com/campus/position/7593026010477152565/detail,杭州
产品,字节跳动,2026-08-24T18:43:44+00:00,bytedance:7593021539598928133,2026-08-24T21:20:16+00:00,2026-01-08T16:02:33+00:00,产品经理,字节跳动招聘,实习,Aime产品实习生-TRAE,https://jobs.bytedance.com/campus/position/7593021539598928133/detail,北京
产品,字节跳动,2026-08-24T18:43:44+00:00,bytedance:7593017196742314293,2026-08-24T21:20:16+00:00,2026-01-08T15:45:37+00:00,产品经理,字节跳动招聘,实习,AI产品实习生-TRAE,https://jobs.bytedance.com/campus/position/7593017196742314293/detail,上海
产品,字节跳动,2026-08-24T18:43:44+00:00,bytedance:7593016144672950533,2026-08-24T21:20:16+00:00,2026-01-08T15:44:18+00:00,产品经理,字节跳动招聘,实习,AI产品实习生-TRAE,https://jobs.bytedance.com/campus/position/7593016144672950533/detail,北京
运营,字节跳动,2026-08-24T18:43:44+00:00,bytedance:7592926869768587525,2026-08-24T21:20:16+00:00,2026-01-08T09:54:45+00:00,运营,字节跳动招聘,实习,服饰直播运营实习生-TikTok Shop,https://jobs.bytedance.com/campus/position/7592926869768587525/detail,广州
产品,字节跳动,2026-08-24T18:43:44+00:00,bytedance:7592925902420003077,2026-08-24T21:20:16+00:00,2026-01-08T09:50:29+00:00,产品,字节跳动招聘,实习,AI产品实习生（即创AI）-广告业务,https://jobs.bytedance.com/campus/position/7592925902420003077/detail,上海
产品,字节跳动,2026-08-24T18:43:44+00:00,bytedance:7592923078537988357,2026-08-24T21:20:16+00:00,2026-01-08T09:41:21+00:00,产品,字节跳动招聘,实习,UGC内容策略产品实习生-TikTok,https://jobs.bytedance.com/campus/position/7592923078537988357/detail,北京
职能,字节跳动,2026-08-24T19:23:31+00:00,bytedance:7592911154697619717,2026-08-24T21:20:16+00:00,2026-01-08T08:55:03+00:00,内审,字节跳动招聘,实习,内控数据实习生-内控,https://jobs.bytedance.com/campus/position/7592911154697619717/detail,上海
战略,字节跳动,2026-08-24T18:43:44+00:00,bytedance:7592882718640556341,2026-08-24T21:20:16+00:00,2026-01-08T07:02:57+00:00,战略,字节跳动招聘,实习,战略分析实习生-广告业务,https://jobs.bytedance.com/campus/position/7592882718640556341/detail,北京
战略,字节跳动,2026-08-24T18:43:44+00:00,bytedance:7592866509657606405,2026-08-24T21:20:16+00:00,2026-01-08T06:01:38+00:00,运营,字节跳动招聘,实习,战略资源管理实习生-TikTok Shop,https://jobs.bytedance.com/campus/position/7592866509657606405/detail,上海
商业分析,字节跳动,2026-08-24T19:23:31+00:00,bytedance:7592862652252506373,2026-08-24T21:20:16+00:00,2026-01-08T05:47:23+00:00,数据分析,字节跳动招聘,实习,数据分析实习生-TikTok隐私安全,https://jobs.bytedance.com/campus/position/7592862652252506373/detail,上海
产品,字节跳动,2026-08-24T18:43:44+00:00,bytedance:7592855055473281285,2026-08-24T21:20:16+00:00,2026-01-08T05:18:57+00:00,产品经理,字节跳动招聘,实习,产品实习生-国际化商业安全,https://jobs.bytedance.com/campus/position/7592855055473281285/detail,北京
职能,字节跳动,2026-08-24T18:43:44+00:00,bytedance:7592615398794135861,2026-08-24T21:20:16+00:00,2026-01-07T13:51:59+00:00,人力,字节跳动招聘,实习,招聘实习生-抖音,https://jobs.bytedance.com/campus/position/7592615398794135861/detail,深圳
产品,字节跳动,2026-08-24T18:43:44+00:00,bytedance:7592521108691175685,2026-08-24T21:20:16+00:00,2026-01-07T07:40:59+00:00,产品经理,字节跳动招聘,实习,AI产品实习生-风控,https://jobs.bytedance.com/campus/position/7592521108691175685/detail,北京
产品,字节跳动,2026-08-24T18:43:44+00:00,bytedance:7592520840450181429,2026-08-24T21:20:16+00:00,2026-01-07T07:39:39+00:00,产品,字节跳动招聘,实习,AI产品实习生-风控,https://jobs.bytedance.com/campus/position/7592520840450181429/detail,杭州
产品,字节跳动,2026-08-24T18:43:44+00:00,bytedance:7592520172445747461,2026-08-24T21:20:16+00:00,2026-01-07T07:37:04+00:00,产品,字节跳动招聘,实习,AI产品实习生-风控,https://jobs.bytedance.com/campus/position/7592520172445747461/detail,深圳
产品,字节跳动,2026-08-24T18:43:44+00:00,bytedance:7592519727835728181,2026-08-24T21:20:16+00:00,2026-01-07T07:34:50+00:00,产品经理,字节跳动招聘,实习,反作弊产品实习生-风控,https://jobs.bytedance.com/campus/position/7592519727835728181/detail,杭州
产品,字节跳动,2026-08-24T18:43:44+00:00,bytedance:7592519302153177349,2026-08-24T21:20:16+00:00,2026-01-07T07:33:36+00:00,产品经理,字节跳动招聘,实习,反作弊产品实习生-风控,https://jobs.bytedance.com/campus/position/7592519302153177349/detail,上海
产品,字节跳动,2026-08-24T18:43:44+00:00,bytedance:7592519170010106117,2026-08-24T21:20:16+00:00,2026-01-07T07:32:32+00:00,产品经理,字节跳动招聘,实习,AI产品实习生（反作弊方向）-风控,https://jobs.bytedance.com/campus/position/7592519170010106117/detail,北京
产品,字节跳动,2026-08-24T18:43:44+00:00,bytedance:7592518665774713093,2026-08-24T21:20:16+00:00,2026-01-07T07:31:12+00:00,产品经理,字节跳动招聘,实习,反作弊产品实习生-风控,https://jobs.bytedance.com/campus/position/7592518665774713093/detail,深圳
运营,字节跳动,2026-08-24T18:43:44+00:00,bytedance:7592514803101993269,2026-08-24T21:20:16+00:00,2026-01-07T07:15:22+00:00,内容运营,字节跳动招聘,实习,马来语/印尼语内容运营实习生-国际化社区,https://jobs.bytedance.com/campus/position/7592514803101993269/detail,上海
产品,字节跳动,2026-08-24T18:43:44+00:00,bytedance:7592475185988290821,2026-08-24T21:20:16+00:00,2026-01-07T04:50:47+00:00,产品经理,字节跳动招聘,实习,AI产品实习生-GenAI,https://jobs.bytedance.com/campus/position/7592475185988290821/detail,北京
职能,字节跳动,2026-08-24T18:43:44+00:00,bytedance:7592466953128691973,2026-08-24T21:20:16+00:00,2026-01-07T04:09:39+00:00,职能 / 支持,字节跳动招聘,实习,HR实习生-产品研发,https://jobs.bytedance.com/campus/position/7592466953128691973/detail,北京
商业分析,字节跳动,2026-08-24T19:23:31+00:00,bytedance:7592458777560746293,2026-08-24T21:20:16+00:00,2026-01-07T03:40:00+00:00,数据分析,字节跳动招聘,实习,数据分析实习生-抖音生活服务,https://jobs.bytedance.com/campus/position/7592458777560746293/detail,成都
职能,字节跳动,2026-08-24T18:43:44+00:00,bytedance:7592226019765307653,2026-08-24T21:20:16+00:00,2026-01-06T12:34:35+00:00,职能 / 支持,字节跳动招聘,实习,HR实习生-产品研发,https://jobs.bytedance.com/campus/position/7592226019765307653/detail,北京
产品,字节跳动,2026-08-24T18:43:44+00:00,bytedance:7592211522851506437,2026-08-24T21:20:16+00:00,2026-01-06T11:41:23+00:00,产品经理,字节跳动招聘,实习,云数仓产品实习生-数据平台,https://jobs.bytedance.com/campus/position/7592211522851506437/detail,杭州
产品,字节跳动,2026-08-24T18:43:44+00:00,bytedance:7592211499902322997,2026-08-24T21:20:16+00:00,2026-01-06T11:41:02+00:00,产品经理,字节跳动招聘,实习,云数仓产品实习生-数据平台,https://jobs.bytedance.com/campus/position/7592211499902322997/detail,上海
产品,字节跳动,2026-08-24T18:43:44+00:00,bytedance:7592212030995646725,2026-08-24T21:20:16+00:00,2026-01-06T11:40:41+00:00,产品经理,字节跳动招聘,实习,云数仓产品实习生-数据平台,https://jobs.bytedance.com/campus/position/7592212030995646725/detail,北京
产品,字节跳动,2026-08-24T18:43:44+00:00,bytedance:7592211499600136453,2026-08-24T21:20:16+00:00,2026-01-06T11:40:18+00:00,产品经理,字节跳动招聘,实习,大模型数据产品实习生-数据平台,https://jobs.bytedance.com/campus/position/7592211499600136453/detail,杭州
产品,字节跳动,2026-08-24T18:43:44+00:00,bytedance:7592211501749422341,2026-08-24T21:20:16+00:00,2026-01-06T11:39:56+00:00,产品经理,字节跳动招聘,实习,AI产品实习生（数据产品）-数据平台,https://jobs.bytedance.com/campus/position/7592211501749422341/detail,北京
商务,字节跳动,2026-08-24T18:43:44+00:00,bytedance:7592188813104449797,2026-08-24T21:20:16+00:00,2026-01-06T10:11:07+00:00,运营,字节跳动招聘,实习,商业化运营实习生-Coze,https://jobs.bytedance.com/campus/position/7592188813104449797/detail,北京
商业分析,字节跳动,2026-08-24T19:23:31+00:00,bytedance:7592165864003897653,2026-08-24T21:20:16+00:00,2026-01-06T08:42:24+00:00,数据分析,字节跳动招聘,实习,数据分析实习生-业务中台,https://jobs.bytedance.com/campus/position/7592165864003897653/detail,上海
产品,字节跳动,2026-08-24T18:43:44+00:00,bytedance:7592161783022356789,2026-08-24T21:20:16+00:00,2026-01-06T08:26:25+00:00,产品经理,字节跳动招聘,实习,AI产品实习生-GenAI,https://jobs.bytedance.com/campus/position/7592161783022356789/detail,北京
设计,字节跳动,2026-08-24T18:43:44+00:00,bytedance:7592135686120851765,2026-08-24T21:20:16+00:00,2026-01-06T06:45:19+00:00,运营,字节跳动招聘,实习,创意视觉设计（AIGC导向）实习生-安全与风控,https://jobs.bytedance.com/campus/position/7592135686120851765/detail,北京
运营,字节跳动,2026-08-24T18:43:44+00:00,bytedance:7592077800796768517,2026-08-24T21:20:16+00:00,2026-01-06T02:59:43+00:00,运营,字节跳动招聘,实习,AI产品运营实习生-TikTok,https://jobs.bytedance.com/campus/position/7592077800796768517/detail,上海
商业分析,字节跳动,2026-08-24T19:23:31+00:00,bytedance:7591935073256147205,2026-08-24T21:20:16+00:00,2026-01-05T17:51:58+00:00,数据分析,字节跳动招聘,实习,数据策略分析实习生-飞书,https://jobs.bytedance.com/campus/position/7591935073256147205/detail,杭州
商业分析,字节跳动,2026-08-24T19:23:31+00:00,bytedance:7591936451530115381,2026-08-24T21:20:16+00:00,2026-01-05T17:50:57+00:00,数据分析,字节跳动招聘,实习,数据策略分析实习生-飞书,https://jobs.bytedance.com/campus/position/7591936451530115381/detail,北京
商业分析,字节跳动,2026-08-24T19:23:31+00:00,bytedance:7591930681347787013,2026-08-24T21:20:16+00:00,2026-01-05T17:45:33+00:00,数据分析,字节跳动招聘,实习,数据分析实习生-飞书,https://jobs.bytedance.com/campus/position/7591930681347787013/detail,北京
商业分析,字节跳动,2026-08-24T19:23:31+00:00,bytedance:7591932160152815877,2026-08-24T21:20:16+00:00,2026-01-05T17:40:43+00:00,数据分析,字节跳动招聘,实习,数据分析实习生-飞书,https://jobs.bytedance.com/campus/position/7591932160152815877/detail,杭州
商务,字节跳动,2026-08-24T18:43:44+00:00,bytedance:7591924994512357637,2026-08-24T21:20:16+00:00,2026-01-05T17:08:46+00:00,产品经理,字节跳动招聘,实习,商业化系统产品实习生-飞书,https://jobs.bytedance.com/campus/position/7591924994512357637/detail,北京
商务,字节跳动,2026-08-24T18:43:44+00:00,bytedance:7591922928521611525,2026-08-24T21:20:16+00:00,2026-01-05T17:06:27+00:00,产品经理,字节跳动招聘,实习,商业化系统产品实习生-飞书,https://jobs.bytedance.com/campus/position/7591922928521611525/detail,上海
商务,字节跳动,2026-08-24T18:43:44+00:00,bytedance:7591922856633125173,2026-08-24T21:20:16+00:00,2026-01-05T17:05:47+00:00,产品经理,字节跳动招聘,实习,商业化系统产品实习生-飞书,https://jobs.bytedance.com/campus/position/7591922856633125173/detail,杭州
产品,字节跳动,2026-08-24T18:43:44+00:00,bytedance:7591868000171542789,2026-08-24T21:20:16+00:00,2026-01-05T13:26:49+00:00,产品,字节跳动招聘,实习,AI产品实习生-风控,https://jobs.bytedance.com/campus/position/7591868000171542789/detail,上海
产品,字节跳动,2026-08-24T18:43:44+00:00,bytedance:7591800608638765365,2026-08-24T21:20:16+00:00,2026-01-05T09:03:51+00:00,产品,字节跳动招聘,实习,数据产品实习生-数据平台,https://jobs.bytedance.com/campus/position/7591800608638765365/detail,上海
职能,字节跳动,2026-08-24T18:43:44+00:00,bytedance:7591765227014097205,2026-08-24T21:20:16+00:00,2026-01-05T06:47:38+00:00,人力,字节跳动招聘,实习,HR实习生-飞书,https://jobs.bytedance.com/campus/position/7591765227014097205/detail,深圳
职能,字节跳动,2026-08-24T18:43:44+00:00,bytedance:7591765222605015349,2026-08-24T21:20:16+00:00,2026-01-05T06:46:28+00:00,人力,字节跳动招聘,实习,HR实习生-飞书,https://jobs.bytedance.com/campus/position/7591765222605015349/detail,北京
运营,字节跳动,2026-08-24T18:43:44+00:00,bytedance:7591743852178229509,2026-08-24T21:20:16+00:00,2026-01-05T05:25:46+00:00,产品经理,字节跳动招聘,实习,安全策略分析实习生（电商安全）-TikTok Shop,https://jobs.bytedance.com/campus/position/7591743852178229509/detail,杭州
产品,字节跳动,2026-08-24T18:43:44+00:00,bytedance:7591713941732051205,2026-08-24T21:20:16+00:00,2026-01-05T03:28:20+00:00,产品,字节跳动招聘,实习,数据产品实习生-数据平台,https://jobs.bytedance.com/campus/position/7591713941732051205/detail,杭州
产品,字节跳动,2026-08-24T18:43:44+00:00,bytedance:7591703366117493045,2026-08-24T21:20:16+00:00,2026-01-05T02:48:26+00:00,产品经理,字节跳动招聘,实习,AI平台产品实习生（Coding方向） - 抖音AI,https://jobs.bytedance.com/campus/position/7591703366117493045/detail,北京
运营,字节跳动,2026-08-24T18:43:44+00:00,bytedance:7591695672744380725,2026-08-24T21:20:16+00:00,2026-01-05T02:18:05+00:00,运营,字节跳动招聘,实习,运营实习生-国际化商业安全,https://jobs.bytedance.com/campus/position/7591695672744380725/detail,北京
产品,字节跳动,2026-08-24T18:43:44+00:00,bytedance:7591695452587411717,2026-08-24T21:20:16+00:00,2026-01-05T02:17:49+00:00,产品,字节跳动招聘,实习,产品实习生-国际化商业安全,https://jobs.bytedance.com/campus/position/7591695452587411717/detail,北京
产品,字节跳动,2026-08-24T18:43:44+00:00,bytedance:7591509696784124213,2026-08-24T21:20:16+00:00,2026-01-04T14:15:50+00:00,产品经理,字节跳动招聘,实习,产品实习生-国际化中小企业客户产品,https://jobs.bytedance.com/campus/position/7591509696784124213/detail,北京
产品,字节跳动,2026-08-24T18:43:44+00:00,bytedance:7591509446544771381,2026-08-24T21:20:16+00:00,2026-01-04T14:15:32+00:00,产品经理,字节跳动招聘,实习,产品实习生-国际化内容与服务广告,https://jobs.bytedance.com/campus/position/7591509446544771381/detail,北京
产品,字节跳动,2026-08-24T18:43:44+00:00,bytedance:7591445529172150581,2026-08-24T21:20:16+00:00,2026-01-04T10:06:35+00:00,产品,字节跳动招聘,实习,数据产品实习生-数据平台,https://jobs.bytedance.com/campus/position/7591445529172150581/detail,北京
运营,字节跳动,2026-08-24T18:43:44+00:00,bytedance:7591421547855595781,2026-08-24T21:20:16+00:00,2026-01-04T08:33:10+00:00,商业运营,字节跳动招聘,实习,广告产品运营实习生-Pangle,https://jobs.bytedance.com/campus/position/7591421547855595781/detail,上海
运营,字节跳动,2026-08-24T18:43:44+00:00,bytedance:7591421416076544309,2026-08-24T21:20:16+00:00,2026-01-04T08:32:56+00:00,商业运营,字节跳动招聘,实习,广告产品运营实习生-Pangle,https://jobs.bytedance.com/campus/position/7591421416076544309/detail,北京
产品,字节跳动,2026-08-24T18:43:44+00:00,bytedance:7591420649848375605,2026-08-24T21:20:16+00:00,2026-01-04T08:30:05+00:00,商业产品（广告）,字节跳动招聘,实习,预算产品实习生-Pangle,https://jobs.bytedance.com/campus/position/7591420649848375605/detail,上海
产品,字节跳动,2026-08-24T18:43:44+00:00,bytedance:7591420326136187189,2026-08-24T21:20:16+00:00,2026-01-04T08:29:18+00:00,商业产品（广告）,字节跳动招聘,实习,流量策略产品经理实习生-Pangle,https://jobs.bytedance.com/campus/position/7591420326136187189/detail,北京
产品,字节跳动,2026-08-24T18:43:44+00:00,bytedance:7591414964634355973,2026-08-24T21:20:16+00:00,2026-01-04T08:11:09+00:00,产品经理,字节跳动招聘,实习,数据产品实习生（东南亚业务） - TikTok Shop,https://jobs.bytedance.com/campus/position/7591414964634355973/detail,上海
项目管理,字节跳动,2026-08-24T18:43:44+00:00,bytedance:7591414096333129989,2026-08-24T21:20:16+00:00,2026-01-04T08:04:04+00:00,运营,字节跳动招聘,实习,项目管理实习生（生态治理方向）-TikTok,https://jobs.bytedance.com/campus/position/7591414096333129989/detail,上海
产品,字节跳动,2026-08-24T18:43:44+00:00,bytedance:7591405422062979381,2026-08-24T21:20:16+00:00,2026-01-04T07:30:21+00:00,产品,字节跳动招聘,实习,AI产品实习生（生成式广告）-广告业务,https://jobs.bytedance.com/campus/position/7591405422062979381/detail,北京
运营,字节跳动,2026-08-24T18:43:44+00:00,bytedance:7591403822456424709,2026-08-24T21:20:16+00:00,2026-01-04T07:24:20+00:00,运营,字节跳动招聘,实习,内容消费行业产品运营实习生-广告业务,https://jobs.bytedance.com/campus/position/7591403822456424709/detail,上海
产品,字节跳动,2026-08-24T18:43:44+00:00,bytedance:7591402836862748933,2026-08-24T21:20:16+00:00,2026-01-04T07:21:20+00:00,产品,字节跳动招聘,实习,广告策略产品实习生-广告业务,https://jobs.bytedance.com/campus/position/7591402836862748933/detail,上海
设计,字节跳动,2026-08-24T18:43:44+00:00,bytedance:7591399352540055861,2026-08-24T21:20:16+00:00,2026-01-04T07:06:48+00:00,设计,字节跳动招聘,实习,产品设计实习生-广告业务,https://jobs.bytedance.com/campus/position/7591399352540055861/detail,北京
产品,字节跳动,2026-08-24T18:43:44+00:00,bytedance:7591398353302735109,2026-08-24T21:20:16+00:00,2026-01-04T07:02:51+00:00,产品,字节跳动招聘,实习,商业平台产品实习生-广告业务,https://jobs.bytedance.com/campus/position/7591398353302735109/detail,上海
产品,字节跳动,2026-08-24T18:43:44+00:00,bytedance:7591397680333523253,2026-08-24T21:20:16+00:00,2026-01-04T07:01:36+00:00,产品,字节跳动招聘,实习,商业平台产品实习生-广告业务,https://jobs.bytedance.com/campus/position/7591397680333523253/detail,北京
运营,字节跳动,2026-08-24T18:43:44+00:00,bytedance:7591397218279524613,2026-08-24T21:20:16+00:00,2026-01-04T06:59:07+00:00,运营,字节跳动招聘,实习,内容消费行业产品运营实习生-广告业务,https://jobs.bytedance.com/campus/position/7591397218279524613/detail,北京
产品,字节跳动,2026-08-24T18:43:44+00:00,bytedance:7591395904889915653,2026-08-24T21:20:16+00:00,2026-01-04T06:55:21+00:00,产品,字节跳动招聘,实习,广告策略产品实习生（游戏行业）-广告业务,https://jobs.bytedance.com/campus/position/7591395904889915653/detail,深圳
设计,字节跳动,2026-08-24T18:43:44+00:00,bytedance:7591392228130425093,2026-08-24T21:20:16+00:00,2026-01-04T06:40:40+00:00,设计,字节跳动招聘,实习,AIGC效果与创作设计实习生-效果与创作,https://jobs.bytedance.com/campus/position/7591392228130425093/detail,上海
设计,字节跳动,2026-08-24T18:43:44+00:00,bytedance:7591391194628065589,2026-08-24T21:20:16+00:00,2026-01-04T06:35:30+00:00,设计,字节跳动招聘,实习,AIGC效果与创作设计实习生-效果与创作,https://jobs.bytedance.com/campus/position/7591391194628065589/detail,深圳
产品,字节跳动,2026-08-24T18:43:44+00:00,bytedance:7591390835369396485,2026-08-24T21:20:16+00:00,2026-01-04T06:34:01+00:00,产品,字节跳动招聘,实习,商业产品实习生（行业产品）-广告业务,https://jobs.bytedance.com/campus/position/7591390835369396485/detail,上海
产品,字节跳动,2026-08-24T18:43:44+00:00,bytedance:7591390405382097157,2026-08-24T21:20:16+00:00,2026-01-04T06:33:22+00:00,产品,字节跳动招聘,实习,技术平台产品实习生-中国交易与广告,https://jobs.bytedance.com/campus/position/7591390405382097157/detail,上海
产品,字节跳动,2026-08-24T18:43:44+00:00,bytedance:7591390414877264181,2026-08-24T21:20:16+00:00,2026-01-04T06:32:15+00:00,产品,字节跳动招聘,实习,技术平台产品实习生-中国交易与广告,https://jobs.bytedance.com/campus/position/7591390414877264181/detail,北京
产品,字节跳动,2026-08-24T18:43:44+00:00,bytedance:7591390404059220229,2026-08-24T21:20:16+00:00,2026-01-04T06:31:58+00:00,产品,字节跳动招聘,实习,商业产品实习生（行业产品）-广告业务,https://jobs.bytedance.com/campus/position/7591390404059220229/detail,北京
产品,字节跳动,2026-08-24T18:43:44+00:00,bytedance:7591388543520737589,2026-08-24T21:20:16+00:00,2026-01-04T06:26:04+00:00,产品,字节跳动招聘,实习,广告策略产品实习生-广告业务,https://jobs.bytedance.com/campus/position/7591388543520737589/detail,北京
产品,字节跳动,2026-08-24T18:43:44+00:00,bytedance:7591388543696931077,2026-08-24T21:20:16+00:00,2026-01-04T06:25:10+00:00,产品,字节跳动招聘,实习,AI策略产品实习生-中国交易与广告,https://jobs.bytedance.com/campus/position/7591388543696931077/detail,上海
产品,字节跳动,2026-08-24T18:43:44+00:00,bytedance:7591387978006972677,2026-08-24T21:20:16+00:00,2026-01-04T06:23:24+00:00,产品,字节跳动招聘,实习,AI策略产品实习生-中国交易与广告,https://jobs.bytedance.com/campus/position/7591387978006972677/detail,北京
商业分析,字节跳动,2026-08-24T19:23:31+00:00,bytedance:7591382718183115061,2026-08-24T21:20:16+00:00,2026-01-04T06:03:59+00:00,数据分析,字节跳动招聘,实习,数据分析实习生-抖音生活服务,https://jobs.bytedance.com/campus/position/7591382718183115061/detail,上海
商业分析,字节跳动,2026-08-24T19:23:31+00:00,bytedance:7591382347159079221,2026-08-24T21:20:16+00:00,2026-01-04T06:02:21+00:00,数据分析,字节跳动招聘,实习,数据分析实习生-抖音生活服务,https://jobs.bytedance.com/campus/position/7591382347159079221/detail,北京
产品,字节跳动,2026-08-24T18:43:44+00:00,bytedance:7591373306361284917,2026-08-24T21:20:16+00:00,2026-01-04T05:29:06+00:00,产品经理,字节跳动招聘,实习,产品实习生-广告度量信号与隐私保护,https://jobs.bytedance.com/campus/position/7591373306361284917/detail,上海
产品,字节跳动,2026-08-24T18:43:44+00:00,bytedance:7591373199684061493,2026-08-24T21:20:16+00:00,2026-01-04T05:27:24+00:00,产品经理,字节跳动招聘,实习,产品经理实习生 - 国际化广告业务,https://jobs.bytedance.com/campus/position/7591373199684061493/detail,上海
产品,字节跳动,2026-08-24T18:43:44+00:00,bytedance:7591366055957694725,2026-08-24T21:20:16+00:00,2026-01-04T04:59:10+00:00,商业产品（广告）,字节跳动招聘,实习,流量策略产品经理实习生-Pangle,https://jobs.bytedance.com/campus/position/7591366055957694725/detail,上海
产品,字节跳动,2026-08-24T18:43:44+00:00,bytedance:7591366102332049669,2026-08-24T21:20:16+00:00,2026-01-04T04:58:52+00:00,商业产品（广告）,字节跳动招聘,实习,预算产品经理实习生-Pangle,https://jobs.bytedance.com/campus/position/7591366102332049669/detail,北京
商业分析,字节跳动,2026-08-24T18:43:44+00:00,bytedance:7591366102342519045,2026-08-24T21:20:16+00:00,2026-01-04T04:58:22+00:00,商业运营,字节跳动招聘,实习,商业分析实习生-国际化广告创意与品牌,https://jobs.bytedance.com/campus/position/7591366102342519045/detail,上海
商业分析,字节跳动,2026-08-24T18:43:44+00:00,bytedance:7591366055924156725,2026-08-24T21:20:16+00:00,2026-01-04T04:58:06+00:00,商业运营,字节跳动招聘,实习,商业分析实习生-国际化广告创意与品牌,https://jobs.bytedance.com/campus/position/7591366055924156725/detail,北京
市场,字节跳动,2026-08-24T18:43:44+00:00,bytedance:7591366024098646277,2026-08-24T21:20:16+00:00,2026-01-04T04:57:26+00:00,商业运营,字节跳动招聘,实习,创意产品运营实习生-国际化广告创意与品牌,https://jobs.bytedance.com/campus/position/7591366024098646277/detail,深圳
市场,字节跳动,2026-08-24T18:43:44+00:00,bytedance:7591365650373298437,2026-08-24T21:20:16+00:00,2026-01-04T04:57:08+00:00,商业运营,字节跳动招聘,实习,创意产品运营实习生-国际化广告创意与品牌,https://jobs.bytedance.com/campus/position/7591365650373298437/detail,北京
市场,字节跳动,2026-08-24T18:43:44+00:00,bytedance:7591364030025484597,2026-08-24T21:20:16+00:00,2026-01-04T04:56:50+00:00,商业运营,字节跳动招聘,实习,创意产品运营实习生-国际化广告创意与品牌,https://jobs.bytedance.com/campus/position/7591364030025484597/detail,上海
市场,字节跳动,2026-08-24T18:43:44+00:00,bytedance:7591364983463250181,2026-08-24T21:20:16+00:00,2026-01-04T04:56:31+00:00,商业产品（广告）,字节跳动招聘,实习,品牌广告产品实习生-国际化广告创意与品牌,https://jobs.bytedance.com/campus/position/7591364983463250181/detail,北京
市场,字节跳动,2026-08-24T18:43:44+00:00,bytedance:7591364557731268917,2026-08-24T21:20:16+00:00,2026-01-04T04:56:08+00:00,商业产品（广告）,字节跳动招聘,实习,品牌广告产品实习生-国际化广告创意与品牌,https://jobs.bytedance.com/campus/position/7591364557731268917/detail,深圳
市场,字节跳动,2026-08-24T18:43:44+00:00,bytedance:7591364030622402821,2026-08-24T21:20:16+00:00,2026-01-04T04:55:51+00:00,商业产品（广告）,字节跳动招聘,实习,品牌广告产品实习生-国际化广告创意与品牌,https://jobs.bytedance.com/campus/position/7591364030622402821/detail,上海
市场,字节跳动,2026-08-24T18:43:44+00:00,bytedance:7591364338756159749,2026-08-24T21:20:16+00:00,2026-01-04T04:55:32+00:00,商业产品（广告）,字节跳动招聘,实习,创意产品实习生-国际化广告创意与品牌,https://jobs.bytedance.com/campus/position/7591364338756159749/detail,上海
市场,字节跳动,2026-08-24T18:43:44+00:00,bytedance:7591364983460628741,2026-08-24T21:20:16+00:00,2026-01-04T04:55:15+00:00,商业产品（广告）,字节跳动招聘,实习,创意产品实习生-国际化广告创意与品牌,https://jobs.bytedance.com/campus/position/7591364983460628741/detail,深圳
市场,字节跳动,2026-08-24T18:43:44+00:00,bytedance:7591365237280213253,2026-08-24T21:20:16+00:00,2026-01-04T04:54:54+00:00,商业产品（广告）,字节跳动招聘,实习,创意产品实习生-国际化广告创意与品牌,https://jobs.bytedance.com/campus/position/7591365237280213253/detail,北京
市场,字节跳动,2026-08-24T18:43:44+00:00,bytedance:7591364338754652421,2026-08-24T21:20:16+00:00,2026-01-04T04:54:35+00:00,商业产品（广告）,字节跳动招聘,实习,AI产品经理实习生-国际化广告创意与品牌,https://jobs.bytedance.com/campus/position/7591364338754652421/detail,深圳
市场,字节跳动,2026-08-24T18:43:44+00:00,bytedance:7591364390168086837,2026-08-24T21:20:16+00:00,2026-01-04T04:54:13+00:00,商业产品（广告）,字节跳动招聘,实习,AI产品实习生-国际化广告创意与品牌,https://jobs.bytedance.com/campus/position/7591364390168086837/detail,上海
市场,字节跳动,2026-08-24T18:43:44+00:00,bytedance:7591364235553343797,2026-08-24T21:20:16+00:00,2026-01-04T04:53:44+00:00,商业产品（广告）,字节跳动招聘,实习,AI产品经理实习生-国际化广告创意与品牌,https://jobs.bytedance.com/campus/position/7591364235553343797/detail,北京
产品,字节跳动,2026-08-24T18:43:44+00:00,bytedance:7591334555064568069,2026-08-24T21:20:16+00:00,2026-01-04T02:56:30+00:00,产品,字节跳动招聘,实习,广告策略产品实习生（短剧行业）-广告业务,https://jobs.bytedance.com/campus/position/7591334555064568069/detail,杭州
运营,字节跳动,2026-08-24T18:43:44+00:00,bytedance:7589953779359516933,2026-08-24T21:20:16+00:00,2025-12-31T09:37:43+00:00,运营,字节跳动招聘,实习,多模态大模型提效实习生-AI数据与安全,https://jobs.bytedance.com/campus/position/7589953779359516933/detail,北京
运营,字节跳动,2026-08-24T18:43:44+00:00,bytedance:7589951246549928197,2026-08-24T21:20:16+00:00,2025-12-31T09:32:25+00:00,运营,字节跳动招聘,实习,短剧运营实习生-TikTok,https://jobs.bytedance.com/campus/position/7589951246549928197/detail,北京
产品,字节跳动,2026-08-24T18:43:44+00:00,bytedance:7589920305993582901,2026-08-24T21:20:16+00:00,2025-12-31T07:27:48+00:00,产品,字节跳动招聘,实习,产品实习生（即梦Dreamina） - 剪映CapCut,https://jobs.bytedance.com/campus/position/7589920305993582901/detail,北京
商务,字节跳动,2026-08-24T18:43:44+00:00,bytedance:7589189165494274357,2026-08-24T21:20:16+00:00,2025-12-29T08:11:15+00:00,运营,字节跳动招聘,实习,全球创意产品解决方案运营实习生（垂直方向）-国际化中小企业客户产品,https://jobs.bytedance.com/campus/position/7589189165494274357/detail,上海
运营,字节跳动,2026-08-24T18:43:44+00:00,bytedance:7589189417181448501,2026-08-24T21:20:16+00:00,2025-12-29T08:11:09+00:00,运营,字节跳动招聘,实习,AIGC创意视频实习生-TikTok Shop,https://jobs.bytedance.com/campus/position/7589189417181448501/detail,杭州
职能,字节跳动,2026-08-24T18:43:44+00:00,bytedance:7589116836852369717,2026-08-24T21:20:16+00:00,2025-12-29T03:29:37+00:00,人力,字节跳动招聘,实习,招聘实习生-番茄与头条,https://jobs.bytedance.com/campus/position/7589116836852369717/detail,北京
职能,字节跳动,2026-08-24T18:43:44+00:00,bytedance:7587765545678670085,2026-08-24T21:20:16+00:00,2025-12-25T12:05:51+00:00,人力,字节跳动招聘,实习,招聘实习生-抖音,https://jobs.bytedance.com/campus/position/7587765545678670085/detail,北京
运营,字节跳动,2026-08-24T18:43:44+00:00,bytedance:7587716835989915909,2026-08-24T21:20:16+00:00,2025-12-25T08:57:19+00:00,运营,字节跳动招聘,实习,策略运营实习生-抖音,https://jobs.bytedance.com/campus/position/7587716835989915909/detail,上海
运营,字节跳动,2026-08-24T18:43:44+00:00,bytedance:7587691803219134725,2026-08-24T21:20:16+00:00,2025-12-25T07:20:33+00:00,运营,字节跳动招聘,实习,风控运营实习生 - 广告业务,https://jobs.bytedance.com/campus/position/7587691803219134725/detail,杭州 | 北京
运营,字节跳动,2026-08-24T18:43:44+00:00,bytedance:7587690736952150325,2026-08-24T21:20:16+00:00,2025-12-25T07:15:56+00:00,运营,字节跳动招聘,实习,风控运营实习生-广告业务,https://jobs.bytedance.com/campus/position/7587690736952150325/detail,北京
运营,字节跳动,2026-08-24T18:43:44+00:00,bytedance:7587678153528805637,2026-08-24T21:20:16+00:00,2025-12-25T06:27:58+00:00,运营,字节跳动招聘,实习,风险策略运营实习生-剪映CapCut,https://jobs.bytedance.com/campus/position/7587678153528805637/detail,北京
运营,字节跳动,2026-08-24T18:43:44+00:00,bytedance:7587405895027525893,2026-08-24T21:20:16+00:00,2025-12-24T12:50:04+00:00,运营,字节跳动招聘,实习,营收产品运营实习生-TikTok直播,https://jobs.bytedance.com/campus/position/7587405895027525893/detail,北京
产品,字节跳动,2026-08-24T18:43:44+00:00,bytedance:7587362896106621189,2026-08-24T21:20:16+00:00,2025-12-24T10:05:23+00:00,产品经理,字节跳动招聘,实习,数据产品实习生-集团信息系统,https://jobs.bytedance.com/campus/position/7587362896106621189/detail,上海
商务,字节跳动,2026-08-24T18:43:44+00:00,bytedance:7587316511342545157,2026-08-24T21:20:16+00:00,2025-12-24T07:03:59+00:00,产品,字节跳动招聘,实习,国际化短视频商业化产品实习生-国际化,https://jobs.bytedance.com/campus/position/7587316511342545157/detail,北京
战略,字节跳动,2026-08-24T18:43:44+00:00,bytedance:7587301928034961669,2026-08-24T21:20:16+00:00,2025-12-24T06:10:48+00:00,数据分析,字节跳动招聘,实习,广告产品战略实习生-商业变现,https://jobs.bytedance.com/campus/position/7587301928034961669/detail,北京
运营,字节跳动,2026-08-24T18:43:44+00:00,bytedance:7587019880161495301,2026-08-24T21:20:16+00:00,2025-12-23T11:53:12+00:00,产品,字节跳动招聘,实习,泰语运营实习生 - TikTok产品,https://jobs.bytedance.com/campus/position/7587019880161495301/detail,上海
运营,字节跳动,2026-08-24T18:43:44+00:00,bytedance:7586686004991101189,2026-08-24T21:20:16+00:00,2025-12-22T14:22:46+00:00,产品运营,字节跳动招聘,实习,UGC运营实习生-抖音生活服务,https://jobs.bytedance.com/campus/position/7586686004991101189/detail,北京
市场,字节跳动,2026-08-24T18:43:44+00:00,bytedance:7586652479042849029,2026-08-24T21:20:16+00:00,2025-12-22T12:09:52+00:00,产品运营,字节跳动招聘,实习,国际化达人营销产品运营实习生（产品GTM方向）-国际化,https://jobs.bytedance.com/campus/position/7586652479042849029/detail,北京
市场,字节跳动,2026-08-24T18:43:44+00:00,bytedance:7586653209282382085,2026-08-24T21:20:16+00:00,2025-12-22T12:09:15+00:00,产品运营,字节跳动招聘,实习,国际化达人营销产品运营实习生（MCN方向）-国际化,https://jobs.bytedance.com/campus/position/7586653209282382085/detail,上海
职能,字节跳动,2026-08-24T18:43:44+00:00,bytedance:7586603140360112437,2026-08-24T21:20:16+00:00,2025-12-22T08:56:11+00:00,职能 / 支持,字节跳动招聘,实习,财务实习生,https://jobs.bytedance.com/campus/position/7586603140360112437/detail,北京
运营,字节跳动,2026-08-24T18:43:44+00:00,bytedance:7586600647186827573,2026-08-24T21:20:16+00:00,2025-12-22T08:45:13+00:00,运营,字节跳动招聘,实习,视频剪辑工具产品运营实习生 - 剪映CapCut,https://jobs.bytedance.com/campus/position/7586600647186827573/detail,上海
市场,字节跳动,2026-08-24T18:43:44+00:00,bytedance:7586590394801867061,2026-08-24T21:20:16+00:00,2025-12-22T08:09:49+00:00,市场,字节跳动招聘,实习,市场营销实习生-抖音,https://jobs.bytedance.com/campus/position/7586590394801867061/detail,北京
运营,字节跳动,2026-08-24T18:43:44+00:00,bytedance:7586537344440240389,2026-08-24T21:20:16+00:00,2025-12-22T04:40:41+00:00,用户运营,字节跳动招聘,实习,AI产品运营实习生-TikTok,https://jobs.bytedance.com/campus/position/7586537344440240389/detail,北京
运营,字节跳动,2026-08-24T18:43:44+00:00,bytedance:7586535281705339189,2026-08-24T21:20:16+00:00,2025-12-22T04:33:34+00:00,运营,字节跳动招聘,实习,影视创作者与内容运营实习生-TikTok,https://jobs.bytedance.com/campus/position/7586535281705339189/detail,上海
运营,字节跳动,2026-08-24T18:43:44+00:00,bytedance:7586534538106030341,2026-08-24T21:20:16+00:00,2025-12-22T04:29:45+00:00,运营,字节跳动招聘,实习,影视生态运营实习生-TikTok,https://jobs.bytedance.com/campus/position/7586534538106030341/detail,上海
设计,字节跳动,2026-08-24T18:43:44+00:00,bytedance:7585476421466130741,2026-08-24T21:20:16+00:00,2025-12-19T08:03:33+00:00,运营,字节跳动招聘,实习,英语内容策略实习生（内容设计方向）-飞书,https://jobs.bytedance.com/campus/position/7585476421466130741/detail,杭州
运营,字节跳动,2026-08-24T18:43:44+00:00,bytedance:7585455035393001733,2026-08-24T21:20:16+00:00,2025-12-19T06:40:42+00:00,运营,字节跳动招聘,实习,AIGC视频创作实习生-TikTok Shop,https://jobs.bytedance.com/campus/position/7585455035393001733/detail,上海
运营,字节跳动,2026-08-24T18:43:44+00:00,bytedance:7585449684380666117,2026-08-24T21:20:16+00:00,2025-12-19T06:20:37+00:00,运营,字节跳动招聘,实习,内容生态流量策略产品运营实习生-TikTok,https://jobs.bytedance.com/campus/position/7585449684380666117/detail,上海
战略,字节跳动,2026-08-24T18:43:44+00:00,bytedance:7585161864424032565,2026-08-24T21:20:16+00:00,2025-12-18T11:42:41+00:00,产品运营,字节跳动招聘,实习,AI技术战略实习生-TikTok产品,https://jobs.bytedance.com/campus/position/7585161864424032565/detail,上海
市场,字节跳动,2026-08-24T18:43:44+00:00,bytedance:7585123055002798389,2026-08-24T21:20:16+00:00,2025-12-18T09:11:50+00:00,运营,字节跳动招聘,实习,亚太出海品牌广告产品运营实习生-国际化广告创意与品牌,https://jobs.bytedance.com/campus/position/7585123055002798389/detail,上海
运营,字节跳动,2026-08-24T18:43:44+00:00,bytedance:7585120226087061813,2026-08-24T21:20:16+00:00,2025-12-18T09:02:12+00:00,运营,字节跳动招聘,实习,政策运营实习生-TikTok,https://jobs.bytedance.com/campus/position/7585120226087061813/detail,北京
运营,字节跳动,2026-08-24T18:43:44+00:00,bytedance:7585102888059636021,2026-08-24T21:20:16+00:00,2025-12-18T07:53:14+00:00,运营,字节跳动招聘,实习,AIGC视频制作实习生-TikTok Shop,https://jobs.bytedance.com/campus/position/7585102888059636021/detail,广州
市场,字节跳动,2026-08-24T18:43:44+00:00,bytedance:7585023866340690229,2026-08-24T21:20:16+00:00,2025-12-18T02:48:34+00:00,运营,字节跳动招聘,实习,市场实习生-开发者AI,https://jobs.bytedance.com/campus/position/7585023866340690229/detail,北京
项目管理,字节跳动,2026-08-24T18:43:44+00:00,bytedance:7584788976402319669,2026-08-24T21:20:16+00:00,2025-12-17T11:35:15+00:00,运营,字节跳动招聘,实习,PMO项目管理实习生-飞书,https://jobs.bytedance.com/campus/position/7584788976402319669/detail,北京
运营,字节跳动,2026-08-24T18:43:44+00:00,bytedance:7584739998963894533,2026-08-24T21:20:16+00:00,2025-12-17T08:25:51+00:00,运营,字节跳动招聘,实习,大模型数据运营（视频通话）实习生-AI数据与安全,https://jobs.bytedance.com/campus/position/7584739998963894533/detail,北京
运营,字节跳动,2026-08-24T18:43:44+00:00,bytedance:7584739373306644741,2026-08-24T21:20:16+00:00,2025-12-17T08:24:34+00:00,运营,字节跳动招聘,实习,VLM数据运营（世界模型）实习生-AI数据与安全,https://jobs.bytedance.com/campus/position/7584739373306644741/detail,成都
运营,字节跳动,2026-08-24T18:43:44+00:00,bytedance:7584739374855473413,2026-08-24T21:20:16+00:00,2025-12-17T08:23:33+00:00,运营,字节跳动招聘,实习,大模型数据运营（VLA方向）实习生-AI数据与安全,https://jobs.bytedance.com/campus/position/7584739374855473413/detail,北京
产品,字节跳动,2026-08-24T18:43:44+00:00,bytedance:7584735135502862645,2026-08-24T21:20:16+00:00,2025-12-17T08:06:25+00:00,产品经理,字节跳动招聘,实习,商业产品实习生-国际化,https://jobs.bytedance.com/campus/position/7584735135502862645/detail,上海
运营,字节跳动,2026-08-24T18:43:44+00:00,bytedance:7584699286647720197,2026-08-24T21:20:16+00:00,2025-12-17T05:48:16+00:00,运营,字节跳动招聘,实习,音乐运营实习生-抖音音乐,https://jobs.bytedance.com/campus/position/7584699286647720197/detail,北京
运营,字节跳动,2026-08-24T18:43:44+00:00,bytedance:7584698897528932661,2026-08-24T21:20:16+00:00,2025-12-17T05:45:48+00:00,运营,字节跳动招聘,实习,音乐运营实习生-抖音音乐,https://jobs.bytedance.com/campus/position/7584698897528932661/detail,上海
运营,字节跳动,2026-08-24T18:43:44+00:00,bytedance:7584355317994211589,2026-08-24T21:20:16+00:00,2025-12-16T07:33:30+00:00,运营,字节跳动招聘,实习,策略运营实习生-抖音,https://jobs.bytedance.com/campus/position/7584355317994211589/detail,北京
运营,字节跳动,2026-08-24T18:43:44+00:00,bytedance:7584007313582360885,2026-08-24T21:20:16+00:00,2025-12-15T09:02:39+00:00,运营,字节跳动招聘,实习,AI内容运营实习生-剪映CapCut,https://jobs.bytedance.com/campus/position/7584007313582360885/detail,深圳
市场,字节跳动,2026-08-24T18:43:44+00:00,bytedance:7582874606076168501,2026-08-24T21:20:16+00:00,2025-12-12T07:46:41+00:00,产品,字节跳动招聘,实习,达人营销流量策略产品实习生-国际化,https://jobs.bytedance.com/campus/position/7582874606076168501/detail,上海
战略,字节跳动,2026-08-24T18:43:44+00:00,bytedance:7582504435174689029,2026-08-24T21:20:16+00:00,2025-12-11T07:51:17+00:00,战略,字节跳动招聘,实习,拉美产品战略实习生-国际支付,https://jobs.bytedance.com/campus/position/7582504435174689029/detail,上海
产品,字节跳动,2026-08-24T18:43:44+00:00,bytedance:7582502460865923333,2026-08-24T21:20:16+00:00,2025-12-11T07:44:58+00:00,产品经理,字节跳动招聘,实习,产品实习生（安全方向）-飞书办公套件,https://jobs.bytedance.com/campus/position/7582502460865923333/detail,杭州
产品,字节跳动,2026-08-24T18:43:44+00:00,bytedance:7582493834963306757,2026-08-24T21:20:16+00:00,2025-12-11T07:08:58+00:00,产品,字节跳动招聘,实习,非闭环电商行业商业产品实习生-广告业务,https://jobs.bytedance.com/campus/position/7582493834963306757/detail,上海
产品,字节跳动,2026-08-24T18:43:44+00:00,bytedance:7582425374129309957,2026-08-24T21:20:16+00:00,2025-12-11T02:44:20+00:00,产品,字节跳动招聘,实习,商业产品实习生（原生经营方向）-Ads Core,https://jobs.bytedance.com/campus/position/7582425374129309957/detail,北京
项目管理,字节跳动,2026-08-24T18:43:44+00:00,bytedance:7582203201799473413,2026-08-24T21:20:16+00:00,2025-12-10T12:22:13+00:00,项目管理,字节跳动招聘,实习,项目管理实习生-TikTok直播,https://jobs.bytedance.com/campus/position/7582203201799473413/detail,北京
项目管理,字节跳动,2026-08-24T18:43:44+00:00,bytedance:7582202865793730869,2026-08-24T21:20:16+00:00,2025-12-10T12:20:43+00:00,项目管理,字节跳动招聘,实习,项目管理实习生-TikTok用户增长,https://jobs.bytedance.com/campus/position/7582202865793730869/detail,上海
项目管理,字节跳动,2026-08-24T18:43:44+00:00,bytedance:7582201800960018741,2026-08-24T21:20:16+00:00,2025-12-10T12:17:51+00:00,项目管理,字节跳动招聘,实习,项目管理实习生-TikTok泛架构,https://jobs.bytedance.com/campus/position/7582201800960018741/detail,北京
职能,字节跳动,2026-08-24T18:43:44+00:00,bytedance:7582163846242224389,2026-08-24T21:20:16+00:00,2025-12-10T09:49:09+00:00,人力,字节跳动招聘,实习,招聘实习生-研发中台,https://jobs.bytedance.com/campus/position/7582163846242224389/detail,北京
产品,字节跳动,2026-08-24T18:43:44+00:00,bytedance:7581813341305293061,2026-08-24T21:20:16+00:00,2025-12-09T11:08:45+00:00,产品,字节跳动招聘,实习,搜索广告产品实习生-国际化搜索广告,https://jobs.bytedance.com/campus/position/7581813341305293061/detail,北京
战略,字节跳动,2026-08-24T18:43:44+00:00,bytedance:7581732599363455285,2026-08-24T21:20:16+00:00,2025-12-09T05:56:12+00:00,战略,字节跳动招聘,实习,直播战略实习生-TikTok直播,https://jobs.bytedance.com/campus/position/7581732599363455285/detail,上海
商业分析,字节跳动,2026-08-24T18:43:44+00:00,bytedance:7581699647900600581,2026-08-24T21:20:16+00:00,2025-12-09T03:47:19+00:00,运营,字节跳动招聘,实习,BI商业分析实习生-商业产品与技术,https://jobs.bytedance.com/campus/position/7581699647900600581/detail,北京
商业分析,字节跳动,2026-08-24T18:43:44+00:00,bytedance:7581475404264425733,2026-08-24T21:20:16+00:00,2025-12-08T13:17:37+00:00,数据分析,字节跳动招聘,实习,商业化经营分析实习生-国际化中小企业客户产品,https://jobs.bytedance.com/campus/position/7581475404264425733/detail,上海
运营,字节跳动,2026-08-24T18:43:44+00:00,bytedance:7581449220001073461,2026-08-24T21:20:16+00:00,2025-12-08T11:38:40+00:00,运营,字节跳动招聘,实习,文创活动运营实习生-抖音,https://jobs.bytedance.com/campus/position/7581449220001073461/detail,北京
设计,字节跳动,2026-08-24T18:43:44+00:00,bytedance:7581357832601733381,2026-08-24T21:20:16+00:00,2025-12-08T05:42:49+00:00,交互设计,字节跳动招聘,实习,人机交互实习生-AI创新业务,https://jobs.bytedance.com/campus/position/7581357832601733381/detail,上海
商务,字节跳动,2026-08-24T18:43:44+00:00,bytedance:7581341586308876597,2026-08-24T21:20:16+00:00,2025-12-08T04:41:30+00:00,运营,字节跳动招聘,实习,业务培训实习生（生态）-商业化,https://jobs.bytedance.com/campus/position/7581341586308876597/detail,北京
职能,字节跳动,2026-08-24T18:43:44+00:00,bytedance:7580255383152986373,2026-08-24T21:20:16+00:00,2025-12-05T06:25:10+00:00,人力,字节跳动招聘,实习,招聘实习生-Flow,https://jobs.bytedance.com/campus/position/7580255383152986373/detail,上海
运营,字节跳动,2026-08-24T18:43:44+00:00,bytedance:7580211856062908677,2026-08-24T21:20:16+00:00,2025-12-05T03:34:05+00:00,运营,字节跳动招聘,实习,策略分析和资源管理实习生-国际支付,https://jobs.bytedance.com/campus/position/7580211856062908677/detail,上海
增长,字节跳动,2026-08-24T18:43:44+00:00,bytedance:7580210032051849525,2026-08-24T21:20:16+00:00,2025-12-05T03:27:40+00:00,产品,字节跳动招聘,实习,增长策略产品实习生-国际支付,https://jobs.bytedance.com/campus/position/7580210032051849525/detail,北京
产品,字节跳动,2026-08-24T18:43:44+00:00,bytedance:7580208207816558853,2026-08-24T21:20:16+00:00,2025-12-05T03:20:10+00:00,产品,字节跳动招聘,实习,产品实习生-Coze,https://jobs.bytedance.com/campus/position/7580208207816558853/detail,北京
运营,字节跳动,2026-08-24T18:43:44+00:00,bytedance:7579981926137841973,2026-08-24T21:20:16+00:00,2025-12-04T12:41:10+00:00,产品运营,字节跳动招聘,实习,AI工具产品运营实习生-TikTok,https://jobs.bytedance.com/campus/position/7579981926137841973/detail,上海
产品,字节跳动,2026-08-24T18:43:44+00:00,bytedance:7579929385488156981,2026-08-24T21:20:16+00:00,2025-12-04T09:18:43+00:00,产品,字节跳动招聘,实习,AIGC策略产品实习生-广告业务,https://jobs.bytedance.com/campus/position/7579929385488156981/detail,上海
项目管理,字节跳动,2026-08-24T18:43:44+00:00,bytedance:7579928876707924229,2026-08-24T21:20:16+00:00,2025-12-04T09:15:56+00:00,项目管理,字节跳动招聘,实习,项目管理办公室实习生-国际支付,https://jobs.bytedance.com/campus/position/7579928876707924229/detail,上海
职能,字节跳动,2026-08-24T18:43:44+00:00,bytedance:7579916996930881845,2026-08-24T21:20:16+00:00,2025-12-04T08:30:10+00:00,人力,字节跳动招聘,实习,HR招聘实习生-TikTok Shop,https://jobs.bytedance.com/campus/position/7579916996930881845/detail,北京
运营,字节跳动,2026-08-24T18:43:44+00:00,bytedance:7579892826966755589,2026-08-24T21:20:16+00:00,2025-12-04T06:58:22+00:00,运营,字节跳动招聘,实习,用户运营实习生-TikTok,https://jobs.bytedance.com/campus/position/7579892826966755589/detail,深圳
运营,字节跳动,2026-08-24T18:43:44+00:00,bytedance:7579835370569828661,2026-08-24T21:20:16+00:00,2025-12-04T03:12:44+00:00,运营,字节跳动招聘,实习,产品运营实习生-Pangle,https://jobs.bytedance.com/campus/position/7579835370569828661/detail,深圳
运营,字节跳动,2026-08-24T18:43:44+00:00,bytedance:7579823295375493429,2026-08-24T21:20:16+00:00,2025-12-04T02:28:06+00:00,运营,字节跳动招聘,实习,AI数据服务平台产品运营实习生-国际化,https://jobs.bytedance.com/campus/position/7579823295375493429/detail,北京
职能,字节跳动,2026-08-24T18:43:44+00:00,bytedance:7579544835399305477,2026-08-24T21:20:16+00:00,2025-12-03T08:25:38+00:00,职能 / 支持,字节跳动招聘,实习,招聘实习生（日语）-电商,https://jobs.bytedance.com/campus/position/7579544835399305477/detail,上海
运营,字节跳动,2026-08-24T18:43:44+00:00,bytedance:7579520509315975477,2026-08-24T21:20:16+00:00,2025-12-03T06:50:46+00:00,运营,字节跳动招聘,实习,AI数据产品运营实习生（质量管控方向）-国际化,https://jobs.bytedance.com/campus/position/7579520509315975477/detail,上海
商业分析,字节跳动,2026-08-24T18:43:44+00:00,bytedance:7579520082284579077,2026-08-24T21:20:16+00:00,2025-12-03T06:49:43+00:00,运营,字节跳动招聘,实习,AI数据产品运营实习生（数据分析方向）-国际化,https://jobs.bytedance.com/campus/position/7579520082284579077/detail,上海
运营,字节跳动,2026-08-24T18:43:44+00:00,bytedance:7579515111615547701,2026-08-24T21:20:16+00:00,2025-12-03T06:30:13+00:00,运营,字节跳动招聘,实习,AI数据产品运营实习生（质量管控方向）-国际化,https://jobs.bytedance.com/campus/position/7579515111615547701/detail,北京
设计,字节跳动,2026-08-24T18:43:44+00:00,bytedance:7579175641721506053,2026-08-24T21:20:16+00:00,2025-12-02T08:32:30+00:00,设计,字节跳动招聘,实习,UX设计实习生-Coze,https://jobs.bytedance.com/campus/position/7579175641721506053/detail,北京
产品,字节跳动,2026-08-24T18:43:44+00:00,bytedance:7579156439564536069,2026-08-24T21:20:16+00:00,2025-12-02T07:19:49+00:00,产品,字节跳动招聘,实习,产品实习生（多模态创作方向）-Coze,https://jobs.bytedance.com/campus/position/7579156439564536069/detail,北京
设计,字节跳动,2026-08-24T18:43:44+00:00,bytedance:7579134240430999813,2026-08-24T21:20:16+00:00,2025-12-02T05:53:29+00:00,游戏美术,字节跳动招聘,实习,UI设计实习生-深圳射击项目,https://jobs.bytedance.com/campus/position/7579134240430999813/detail,深圳
运营,字节跳动,2026-08-24T18:43:44+00:00,bytedance:7579081797100521781,2026-08-24T21:20:16+00:00,2025-12-02T02:29:05+00:00,运营,字节跳动招聘,实习,GenAI全球产品运营实习生-国际化,https://jobs.bytedance.com/campus/position/7579081797100521781/detail,上海
运营,字节跳动,2026-08-24T18:43:44+00:00,bytedance:7578768588858083637,2026-08-24T21:20:16+00:00,2025-12-01T06:12:55+00:00,运营,字节跳动招聘,实习,产品运营实习生-番茄畅听,https://jobs.bytedance.com/campus/position/7578768588858083637/detail,北京
项目管理,字节跳动,2026-08-24T18:43:44+00:00,bytedance:7578765367918479669,2026-08-24T21:20:16+00:00,2025-12-01T06:01:12+00:00,项目管理,字节跳动招聘,实习,PMO实习生-搜索,https://jobs.bytedance.com/campus/position/7578765367918479669/detail,北京
项目管理,字节跳动,2026-08-24T18:43:44+00:00,bytedance:7578735475742607669,2026-08-24T21:20:16+00:00,2025-12-01T04:04:27+00:00,项目管理,字节跳动招聘,实习,PMO实习生-国际电商,https://jobs.bytedance.com/campus/position/7578735475742607669/detail,上海
增长,字节跳动,2026-08-24T18:43:44+00:00,bytedance:7577661801878833413,2026-08-24T21:20:16+00:00,2025-11-28T06:39:08+00:00,产品经理,字节跳动招聘,实习,PGC作者增长产品实习生-TikTok,https://jobs.bytedance.com/campus/position/7577661801878833413/detail,北京
运营,字节跳动,2026-08-24T18:43:44+00:00,bytedance:7577660606118332677,2026-08-24T21:20:16+00:00,2025-11-28T06:34:02+00:00,运营,字节跳动招聘,实习,PGC产品运营实习生-TikTok,https://jobs.bytedance.com/campus/position/7577660606118332677/detail,北京
设计,字节跳动,2026-08-24T18:43:44+00:00,bytedance:7577601298805311797,2026-08-24T21:20:16+00:00,2025-11-28T02:43:54+00:00,设计,字节跳动招聘,实习,搜索产品设计实习生-TikTok,https://jobs.bytedance.com/campus/position/7577601298805311797/detail,北京
销售,字节跳动,2026-08-24T18:43:44+00:00,bytedance:7577555475262425397,2026-08-24T21:20:16+00:00,2025-11-27T23:47:58+00:00,运营,字节跳动招聘,实习,销售运营实习生-商业化,https://jobs.bytedance.com/campus/position/7577555475262425397/detail,北京
产品,字节跳动,2026-08-24T18:43:44+00:00,bytedance:7577335810861975861,2026-08-24T21:20:16+00:00,2025-11-27T09:33:29+00:00,产品,字节跳动招聘,实习,产品实习生-国际支付,https://jobs.bytedance.com/campus/position/7577335810861975861/detail,上海
市场,字节跳动,2026-08-24T18:43:44+00:00,bytedance:7576996646093900085,2026-08-24T21:20:16+00:00,2025-11-26T11:38:43+00:00,产品,字节跳动招聘,实习,AIGC产品实习生-国际化广告创意与品牌,https://jobs.bytedance.com/campus/position/7576996646093900085/detail,北京
运营,字节跳动,2026-08-24T18:43:44+00:00,bytedance:7576935440696232197,2026-08-24T21:20:16+00:00,2025-11-26T07:40:13+00:00,运营,字节跳动招聘,实习,运营实习生（发现评估方向）-抖音,https://jobs.bytedance.com/campus/position/7576935440696232197/detail,北京
产品,字节跳动,2026-08-24T18:43:44+00:00,bytedance:7576933735940000005,2026-08-24T21:20:16+00:00,2025-11-26T07:33:44+00:00,产品,字节跳动招聘,实习,产品实习生（平台工具方向）-抖音,https://jobs.bytedance.com/campus/position/7576933735940000005/detail,北京
职能,字节跳动,2026-08-24T18:43:44+00:00,bytedance:7576580346171885829,2026-08-24T21:20:16+00:00,2025-11-25T08:43:50+00:00,人力,字节跳动招聘,实习,管理研究实习生-管理研究院,https://jobs.bytedance.com/campus/position/7576580346171885829/detail,北京
设计,字节跳动,2026-08-24T18:43:44+00:00,bytedance:7576502752354126133,2026-08-24T21:20:16+00:00,2025-11-25T03:42:01+00:00,设计,字节跳动招聘,实习,效果设计实习生-抖音效果与创作,https://jobs.bytedance.com/campus/position/7576502752354126133/detail,深圳
产品,字节跳动,2026-08-24T18:43:44+00:00,bytedance:7576233506668529925,2026-08-24T21:20:16+00:00,2025-11-24T10:19:07+00:00,产品,字节跳动招聘,实习,拉美BNPL产品实习生-国际支付,https://jobs.bytedance.com/campus/position/7576233506668529925/detail,上海
产品,字节跳动,2026-08-24T18:43:44+00:00,bytedance:7576231268545448197,2026-08-24T21:20:16+00:00,2025-11-24T10:08:16+00:00,产品,字节跳动招聘,实习,产品实习生-国际支付,https://jobs.bytedance.com/campus/position/7576231268545448197/detail,北京
产品,字节跳动,2026-08-24T18:43:44+00:00,bytedance:7576230864771172613,2026-08-24T21:20:16+00:00,2025-11-24T10:06:30+00:00,产品,字节跳动招聘,实习,产品实习生-国际支付,https://jobs.bytedance.com/campus/position/7576230864771172613/detail,北京
商业分析,字节跳动,2026-08-24T18:43:44+00:00,bytedance:7576171171668248885,2026-08-24T21:20:16+00:00,2025-11-24T06:15:47+00:00,运营,字节跳动招聘,实习,商业分析实习生-TikTok直播,https://jobs.bytedance.com/campus/position/7576171171668248885/detail,深圳
运营,字节跳动,2026-08-24T18:43:44+00:00,bytedance:7575022202497763637,2026-08-24T21:20:16+00:00,2025-11-21T03:58:02+00:00,运营,字节跳动招聘,实习,用户运营实习生（会员运营方向）-剪映CapCut,https://jobs.bytedance.com/campus/position/7575022202497763637/detail,北京
设计,字节跳动,2026-08-24T18:43:44+00:00,bytedance:7574996251208108293,2026-08-24T21:20:16+00:00,2025-11-21T02:16:41+00:00,设计,字节跳动招聘,实习,设计实习生-抖音电商设计,https://jobs.bytedance.com/campus/position/7574996251208108293/detail,北京
产品,字节跳动,2026-08-24T18:43:44+00:00,bytedance:7574803189789018373,2026-08-24T21:20:16+00:00,2025-11-20T13:45:34+00:00,产品,字节跳动招聘,实习,AI产品实习生（评测方向）-AI创新业务,https://jobs.bytedance.com/campus/position/7574803189789018373/detail,北京
产品,字节跳动,2026-08-24T18:43:44+00:00,bytedance:7574798977511917877,2026-08-24T21:20:16+00:00,2025-11-20T13:38:28+00:00,产品,字节跳动招聘,实习,AI产品实习生（写作评测方向）-AI创新业务,https://jobs.bytedance.com/campus/position/7574798977511917877/detail,北京
战略,字节跳动,2026-08-24T18:43:44+00:00,bytedance:7574703901853714741,2026-08-24T21:20:16+00:00,2025-11-20T07:20:36+00:00,运营,字节跳动招聘,实习,电商战略与分析实习生-TikTok Shop,https://jobs.bytedance.com/campus/position/7574703901853714741/detail,上海
市场,字节跳动,2026-08-24T18:43:44+00:00,bytedance:7574679051509139765,2026-08-24T21:20:16+00:00,2025-11-20T05:43:48+00:00,产品,字节跳动招聘,实习,品牌产品运营实习生-Global Business Solutions,https://jobs.bytedance.com/campus/position/7574679051509139765/detail,北京
运营,字节跳动,2026-08-24T18:43:44+00:00,bytedance:7574658324572375301,2026-08-24T21:20:16+00:00,2025-11-20T04:23:11+00:00,运营,字节跳动招聘,实习,美区策略运营实习生-TikTok Shop,https://jobs.bytedance.com/campus/position/7574658324572375301/detail,上海
战略,字节跳动,2026-08-24T18:43:44+00:00,bytedance:7574629035352148277,2026-08-24T21:20:16+00:00,2025-11-20T02:30:35+00:00,产品,字节跳动招聘,实习,产品战略合作伙伴实习生-国际化产品,https://jobs.bytedance.com/campus/position/7574629035352148277/detail,上海
运营,字节跳动,2026-08-24T18:43:44+00:00,bytedance:7574389249272563973,2026-08-24T21:20:16+00:00,2025-11-19T11:03:52+00:00,运营,字节跳动招聘,实习,风控运营实习生-抖音生活服务,https://jobs.bytedance.com/campus/position/7574389249272563973/detail,北京
产品,字节跳动,2026-08-24T18:43:44+00:00,bytedance:7574334514682775813,2026-08-24T21:20:16+00:00,2025-11-19T07:27:48+00:00,游戏运营,字节跳动招聘,实习,AI产品实习生（游戏方向）-ZERO36工作室,https://jobs.bytedance.com/campus/position/7574334514682775813/detail,上海
运营,字节跳动,2026-08-24T18:43:44+00:00,bytedance:7574256528901294389,2026-08-24T21:20:16+00:00,2025-11-19T02:25:23+00:00,产品运营,字节跳动招聘,实习,产品运营实习生（审批系统）-集团信息系统,https://jobs.bytedance.com/campus/position/7574256528901294389/detail,北京
设计,字节跳动,2026-08-24T18:43:44+00:00,bytedance:7573973926349621509,2026-08-24T21:20:16+00:00,2025-11-18T08:08:12+00:00,设计,字节跳动招聘,实习,AI Agent设计实习生-抖音,https://jobs.bytedance.com/campus/position/7573973926349621509/detail,深圳
产品,字节跳动,2026-08-24T18:43:44+00:00,bytedance:7573904342907078917,2026-08-24T21:20:16+00:00,2025-11-18T03:37:46+00:00,产品,字节跳动招聘,实习,AI产品实习生-国际化,https://jobs.bytedance.com/campus/position/7573904342907078917/detail,北京
产品,字节跳动,2026-08-24T18:43:44+00:00,bytedance:7573564097951860997,2026-08-24T21:20:16+00:00,2025-11-17T05:37:47+00:00,产品,字节跳动招聘,实习,AIGC产品实习生 - 广告业务,https://jobs.bytedance.com/campus/position/7573564097951860997/detail,上海
市场,字节跳动,2026-08-24T18:43:44+00:00,bytedance:7573555280237529397,2026-08-24T21:20:16+00:00,2025-11-17T05:05:45+00:00,产品,字节跳动招聘,实习,营销数据产品实习生-广告度量信号与隐私保护,https://jobs.bytedance.com/campus/position/7573555280237529397/detail,上海
产品,字节跳动,2026-08-24T18:43:44+00:00,bytedance:7573540114467899701,2026-08-24T21:20:16+00:00,2025-11-17T04:03:57+00:00,产品经理,字节跳动招聘,实习,AI产品实习生-AI数据与安全,https://jobs.bytedance.com/campus/position/7573540114467899701/detail,北京
市场,字节跳动,2026-08-24T18:43:44+00:00,bytedance:7573537537995802885,2026-08-24T21:20:16+00:00,2025-11-17T03:54:02+00:00,运营,字节跳动招聘,实习,英国活动营销实习生-TikTok Shop,https://jobs.bytedance.com/campus/position/7573537537995802885/detail,上海
商务,字节跳动,2026-08-24T18:43:44+00:00,bytedance:7572051171979561221,2026-08-24T21:20:16+00:00,2025-11-13T03:46:16+00:00,运营,字节跳动招聘,实习,产品解决方案和运营实习生-国际化中小企业客户产品,https://jobs.bytedance.com/campus/position/7572051171979561221/detail,上海
职能,字节跳动,2026-08-24T18:43:44+00:00,bytedance:7571427986391206197,2026-08-24T21:20:16+00:00,2025-11-11T11:27:45+00:00,职能 / 支持,字节跳动招聘,实习,校园招聘实习生-中国招聘中心,https://jobs.bytedance.com/campus/position/7571427986391206197/detail,武汉
产品,字节跳动,2026-08-24T18:43:44+00:00,bytedance:7571030262810429749,2026-08-24T21:20:16+00:00,2025-11-10T09:45:19+00:00,产品,字节跳动招聘,实习,账号生态方向策略产品实习生-TikTok,https://jobs.bytedance.com/campus/position/7571030262810429749/detail,北京
设计,字节跳动,2026-08-24T18:43:44+00:00,bytedance:7570967850295757061,2026-08-24T21:20:16+00:00,2025-11-10T05:42:39+00:00,设计,字节跳动招聘,实习,产品设计实习生-TikTok设计,https://jobs.bytedance.com/campus/position/7570967850295757061/detail,北京
商务,字节跳动,2026-08-24T18:43:44+00:00,bytedance:7569832870253840693,2026-08-24T21:20:16+00:00,2025-11-07T04:22:01+00:00,运营,字节跳动招聘,实习,广告主体验运营实习生-商业化安全,https://jobs.bytedance.com/campus/position/7569832870253840693/detail,北京
战略,字节跳动,2026-08-24T18:43:44+00:00,bytedance:7569651843369601285,2026-08-24T21:20:16+00:00,2025-11-06T16:39:22+00:00,运营,字节跳动招聘,实习,战略分析实习生-TikTok Shop,https://jobs.bytedance.com/campus/position/7569651843369601285/detail,上海
运营,字节跳动,2026-08-24T18:43:44+00:00,bytedance:7569177458252056885,2026-08-24T21:20:16+00:00,2025-11-05T09:54:47+00:00,运营,字节跳动招聘,实习,众包业务运营实习生-内容质量与数据服务平台,https://jobs.bytedance.com/campus/position/7569177458252056885/detail,北京
设计,字节跳动,2026-08-24T18:43:44+00:00,bytedance:7569170332789459205,2026-08-24T21:20:16+00:00,2025-11-05T09:27:41+00:00,设计,字节跳动招聘,实习,动态影像设计实习生-企业文化,https://jobs.bytedance.com/campus/position/7569170332789459205/detail,北京
职能,字节跳动,2026-08-24T18:43:44+00:00,bytedance:7569165693499459845,2026-08-24T21:20:16+00:00,2025-11-05T09:10:15+00:00,人力,字节跳动招聘,实习,HR招聘实习生 - 电商招聘,https://jobs.bytedance.com/campus/position/7569165693499459845/detail,上海 | 北京
运营,字节跳动,2026-08-24T18:43:44+00:00,bytedance:7569135432463190325,2026-08-24T21:20:16+00:00,2025-11-05T07:11:50+00:00,运营,字节跳动招聘,实习,AI内容运营实习生（玩法方向）-剪映CapCut,https://jobs.bytedance.com/campus/position/7569135432463190325/detail,深圳
运营,字节跳动,2026-08-24T18:43:44+00:00,bytedance:7569114266910017845,2026-08-24T21:20:16+00:00,2025-11-05T05:49:20+00:00,运营,字节跳动招聘,实习,运营（采集运营方向）实习生 - AI数据与安全,https://jobs.bytedance.com/campus/position/7569114266910017845/detail,北京
市场,字节跳动,2026-08-24T18:43:44+00:00,bytedance:7569078570472392965,2026-08-24T21:20:16+00:00,2025-11-05T03:30:58+00:00,产品,字节跳动招聘,实习,商业产品实习生（品牌广告方向）-国际化,https://jobs.bytedance.com/campus/position/7569078570472392965/detail,北京
产品,字节跳动,2026-08-24T18:43:44+00:00,bytedance:7568805957501897013,2026-08-24T21:20:16+00:00,2025-11-04T09:54:49+00:00,产品,字节跳动招聘,实习,产品实习生 - Global Ads Core,https://jobs.bytedance.com/campus/position/7568805957501897013/detail,上海
运营,字节跳动,2026-08-24T18:43:44+00:00,bytedance:7567217931672701237,2026-08-24T21:20:16+00:00,2025-10-31T03:22:25+00:00,运营,字节跳动招聘,实习,二次元游戏内容运营实习生-抖音UGC,https://jobs.bytedance.com/campus/position/7567217931672701237/detail,北京
产品,字节跳动,2026-08-24T18:43:44+00:00,bytedance:7567213306080708917,2026-08-24T21:20:16+00:00,2025-10-31T02:56:23+00:00,产品,字节跳动招聘,实习,产品实习生（创作者方向）-国际化,https://jobs.bytedance.com/campus/position/7567213306080708917/detail,上海
运营,字节跳动,2026-08-24T18:43:44+00:00,bytedance:7566940529087973685,2026-08-24T21:20:16+00:00,2025-10-30T09:13:59+00:00,运营,字节跳动招聘,实习,内容策略运营实习生 - 抖音UGC,https://jobs.bytedance.com/campus/position/7566940529087973685/detail,上海
商业分析,字节跳动,2026-08-24T18:43:44+00:00,bytedance:7566928297970141445,2026-08-24T21:20:16+00:00,2025-10-30T08:31:21+00:00,职能 / 支持,字节跳动招聘,实习,商业分析实习生-Global Business Solutions,https://jobs.bytedance.com/campus/position/7566928297970141445/detail,上海
市场,字节跳动,2026-08-24T18:43:44+00:00,bytedance:7566922404153690421,2026-08-24T21:20:16+00:00,2025-10-30T08:04:57+00:00,产品运营,字节跳动招聘,实习,达人营销产品运营实习生（服务商方向）-国际化,https://jobs.bytedance.com/campus/position/7566922404153690421/detail,上海
产品,字节跳动,2026-08-24T18:43:44+00:00,bytedance:7566848618880289077,2026-08-24T21:20:16+00:00,2025-10-30T03:21:10+00:00,产品,字节跳动招聘,实习,A/B实验平台产品实习生-商业变现,https://jobs.bytedance.com/campus/position/7566848618880289077/detail,北京
商务,字节跳动,2026-08-24T18:43:44+00:00,bytedance:7566481028799039749,2026-08-24T21:20:16+00:00,2025-10-29T03:34:02+00:00,运营,字节跳动招聘,实习,大客户物流解决方案实习生-TikTok Shop,https://jobs.bytedance.com/campus/position/7566481028799039749/detail,深圳
战略,字节跳动,2026-08-24T18:43:44+00:00,bytedance:7566480897938901301,2026-08-24T21:20:16+00:00,2025-10-29T03:31:45+00:00,运营,字节跳动招聘,实习,东南亚电商战略分析实习生-TikTok Shop,https://jobs.bytedance.com/campus/position/7566480897938901301/detail,北京
职能,字节跳动,2026-08-24T18:43:44+00:00,bytedance:7566194904847616309,2026-08-24T21:20:16+00:00,2025-10-28T09:06:48+00:00,人力,字节跳动招聘,实习,招聘实习生-TikTok Shop,https://jobs.bytedance.com/campus/position/7566194904847616309/detail,杭州
职能,字节跳动,2026-08-24T18:43:44+00:00,bytedance:7566194893119523125,2026-08-24T21:20:16+00:00,2025-10-28T09:04:02+00:00,人力,字节跳动招聘,实习,招聘实习生-TikTok Shop,https://jobs.bytedance.com/campus/position/7566194893119523125/detail,北京
职能,字节跳动,2026-08-24T18:43:44+00:00,bytedance:7566186943389075717,2026-08-24T21:20:16+00:00,2025-10-28T08:39:38+00:00,人力,字节跳动招聘,实习,招聘实习生-TikTok Shop,https://jobs.bytedance.com/campus/position/7566186943389075717/detail,上海
战略,字节跳动,2026-08-24T18:43:44+00:00,bytedance:7565913510423529733,2026-08-24T21:20:16+00:00,2025-10-27T15:13:08+00:00,战略,字节跳动招聘,实习,AI战略实习生-TRAE,https://jobs.bytedance.com/campus/position/7565913510423529733/detail,北京
商业分析,字节跳动,2026-08-24T18:43:44+00:00,bytedance:7565814441897281845,2026-08-24T21:20:16+00:00,2025-10-27T08:27:42+00:00,数据分析,字节跳动招聘,实习,数据分析实习生（安全模型运营方向）-国际化,https://jobs.bytedance.com/campus/position/7565814441897281845/detail,北京
商业分析,字节跳动,2026-08-24T18:43:44+00:00,bytedance:7565811093520714037,2026-08-24T21:20:16+00:00,2025-10-27T08:15:56+00:00,数据分析,字节跳动招聘,实习,数据分析实习生（安全模型运营方向）-国际化,https://jobs.bytedance.com/campus/position/7565811093520714037/detail,上海
战略,字节跳动,2026-08-24T18:43:44+00:00,bytedance:7565801440034081077,2026-08-24T21:20:16+00:00,2025-10-27T07:34:01+00:00,运营,字节跳动招聘,实习,战略资源管理实习生-TikTok Shop,https://jobs.bytedance.com/campus/position/7565801440034081077/detail,上海
运营,字节跳动,2026-08-24T18:43:44+00:00,bytedance:7564738089709652277,2026-08-24T21:20:16+00:00,2025-10-24T11:01:31+00:00,运营,字节跳动招聘,实习,电商运营实习生 - TikTok Shop,https://jobs.bytedance.com/campus/position/7564738089709652277/detail,上海
运营,字节跳动,2026-08-24T18:43:44+00:00,bytedance:7564728870038948149,2026-08-24T21:20:16+00:00,2025-10-24T10:14:06+00:00,运营,字节跳动招聘,实习,行业直播中台实习生-TikTok Shop,https://jobs.bytedance.com/campus/position/7564728870038948149/detail,上海
市场,字节跳动,2026-08-24T18:43:44+00:00,bytedance:7564664315979090229,2026-08-24T21:20:16+00:00,2025-10-24T06:04:43+00:00,产品,字节跳动招聘,实习,AIGC产品实习生-国际化广告创意与品牌,https://jobs.bytedance.com/campus/position/7564664315979090229/detail,上海
市场,字节跳动,2026-08-24T18:43:44+00:00,bytedance:7564657769619360053,2026-08-24T21:20:16+00:00,2025-10-24T05:43:25+00:00,产品,字节跳动招聘,实习,国际化短视频商业化产品实习生（品牌创新样式方向）-国际化广告创意与品牌,https://jobs.bytedance.com/campus/position/7564657769619360053/detail,上海
产品,字节跳动,2026-08-24T18:43:44+00:00,bytedance:7564637086160177413,2026-08-24T21:20:16+00:00,2025-10-24T04:16:05+00:00,产品,字节跳动招聘,实习,产品实习生-国际化,https://jobs.bytedance.com/campus/position/7564637086160177413/detail,上海
运营,字节跳动,2026-08-24T18:43:44+00:00,bytedance:7564262554165037317,2026-08-24T21:20:16+00:00,2025-10-23T04:13:10+00:00,运营,字节跳动招聘,实习,运营实习生-广告业务,https://jobs.bytedance.com/campus/position/7564262554165037317/detail,北京
运营,字节跳动,2026-08-24T18:43:44+00:00,bytedance:7563867322458507573,2026-08-24T21:20:16+00:00,2025-10-22T02:37:49+00:00,运营,字节跳动招聘,实习,全球创意补贴策略运营实习生-国际化,https://jobs.bytedance.com/campus/position/7563867322458507573/detail,上海
运营,字节跳动,2026-08-24T18:43:44+00:00,bytedance:7563639170123335941,2026-08-24T21:20:16+00:00,2025-10-21T11:54:08+00:00,产品,字节跳动招聘,实习,策略运营实习生-抖音,https://jobs.bytedance.com/campus/position/7563639170123335941/detail,北京
职能,字节跳动,2026-08-24T18:43:44+00:00,bytedance:7563572556788959541,2026-08-24T21:20:16+00:00,2025-10-21T07:31:08+00:00,人力,字节跳动招聘,实习,招聘运营实习生-中国招聘中心,https://jobs.bytedance.com/campus/position/7563572556788959541/detail,上海
运营,字节跳动,2026-08-24T18:43:44+00:00,bytedance:7563553286654839093,2026-08-24T21:20:16+00:00,2025-10-21T06:11:15+00:00,运营,字节跳动招聘,实习,创作者运营实习生-剪映CapCut,https://jobs.bytedance.com/campus/position/7563553286654839093/detail,北京
产品,字节跳动,2026-08-24T18:43:44+00:00,bytedance:7563541855131306245,2026-08-24T21:20:16+00:00,2025-10-21T05:40:24+00:00,产品,字节跳动招聘,实习,UG团队产品实习生（主架构方向）-TikTok,https://jobs.bytedance.com/campus/position/7563541855131306245/detail,上海
市场,字节跳动,2026-08-24T18:43:44+00:00,bytedance:7563240573743532293,2026-08-24T21:20:16+00:00,2025-10-20T09:59:12+00:00,产品,字节跳动招聘,实习,商业化产品实习生（品牌创新玩法方向）-国际化广告创意与品牌,https://jobs.bytedance.com/campus/position/7563240573743532293/detail,深圳
运营,字节跳动,2026-08-24T18:43:44+00:00,bytedance:7562019082307143941,2026-08-24T21:20:16+00:00,2025-10-17T02:56:45+00:00,运营,字节跳动招聘,实习,AI搜索数据运营实习生（自动化评测方向）-大模型数据服务中心,https://jobs.bytedance.com/campus/position/7562019082307143941/detail,北京
战略,字节跳动,2026-08-24T18:43:44+00:00,bytedance:7561679576540875013,2026-08-24T21:20:16+00:00,2025-10-16T04:58:54+00:00,战略,字节跳动招聘,实习,战略分析实习生-广告业务,https://jobs.bytedance.com/campus/position/7561679576540875013/detail,上海
市场,字节跳动,2026-08-24T18:43:44+00:00,bytedance:7561659189543471413,2026-08-24T21:20:16+00:00,2025-10-16T03:44:34+00:00,产品,字节跳动招聘,实习,产品实习生（达人商业化方向）-国际化广告创意与品牌,https://jobs.bytedance.com/campus/position/7561659189543471413/detail,深圳
运营,字节跳动,2026-08-24T18:43:44+00:00,bytedance:7561658809530566965,2026-08-24T21:20:16+00:00,2025-10-16T03:42:03+00:00,运营,字节跳动招聘,实习,AI研究与运营实习生-抖音UGC,https://jobs.bytedance.com/campus/position/7561658809530566965/detail,广州
职能,字节跳动,2026-08-24T18:43:44+00:00,bytedance:7561336858031196477,2026-08-24T21:20:16+00:00,2025-10-15T06:52:33+00:00,人力,字节跳动招聘,实习,HR文化活动运营实习生-抖音电商,https://jobs.bytedance.com/campus/position/7561336858031196477/detail,上海
职能,字节跳动,2026-08-24T18:43:44+00:00,bytedance:7561023040923896117,2026-08-24T21:20:16+00:00,2025-10-14T10:48:04+00:00,人力,字节跳动招聘,实习,招聘实习生-研发中台,https://jobs.bytedance.com/campus/position/7561023040923896117/detail,上海
商务,字节跳动,2026-08-24T18:43:44+00:00,bytedance:7560954444910381373,2026-08-24T21:20:16+00:00,2025-10-14T06:06:31+00:00,运营,字节跳动招聘,实习,大客户物流解决方案实习生 - TikTok Shop,https://jobs.bytedance.com/campus/position/7560954444910381373/detail,上海
战略,字节跳动,2026-08-24T18:43:44+00:00,bytedance:7560949392435693885,2026-08-24T21:20:16+00:00,2025-10-14T05:46:26+00:00,战略,字节跳动招聘,实习,战略分析实习生（国际化商业产品）-商业变现,https://jobs.bytedance.com/campus/position/7560949392435693885/detail,北京
运营,字节跳动,2026-08-24T18:43:44+00:00,bytedance:7560920363832445237,2026-08-24T21:20:16+00:00,2025-10-14T03:55:17+00:00,游戏运营,字节跳动招聘,实习,UGC创作者运营实习生-ONE Studio,https://jobs.bytedance.com/campus/position/7560920363832445237/detail,深圳
产品,字节跳动,2026-08-24T18:43:44+00:00,bytedance:7560722881892010293,2026-08-24T21:20:16+00:00,2025-10-13T15:14:43+00:00,产品运营,字节跳动招聘,实习,搜索安全产品实习生-国际化,https://jobs.bytedance.com/campus/position/7560722881892010293/detail,上海
产品,字节跳动,2026-08-24T18:43:44+00:00,bytedance:7559833699594160402,2026-08-24T21:20:16+00:00,2025-10-11T05:48:11+00:00,产品,字节跳动招聘,实习,短剧/漫剧行业商业产品实习生-广告业务,https://jobs.bytedance.com/campus/position/7559833699594160402/detail,上海
增长,字节跳动,2026-08-24T18:43:44+00:00,bytedance:7559813141933607175,2026-08-24T21:20:16+00:00,2025-10-11T04:30:33+00:00,数据分析,字节跳动招聘,实习,数据分析实习生-TikTok用户增长,https://jobs.bytedance.com/campus/position/7559813141933607175/detail,上海
产品,字节跳动,2026-08-24T18:43:44+00:00,bytedance:7559811235806710023,2026-08-24T21:20:16+00:00,2025-10-11T04:08:42+00:00,产品经理,字节跳动招聘,实习,AI产品实习生-飞书多维表格,https://jobs.bytedance.com/campus/position/7559811235806710023/detail,北京
运营,字节跳动,2026-08-24T18:43:44+00:00,bytedance:7559786614194768136,2026-08-24T21:20:16+00:00,2025-10-11T02:36:39+00:00,运营,字节跳动招聘,实习,达人治理运营实习生-TikTok Shop,https://jobs.bytedance.com/campus/position/7559786614194768136/detail,上海
设计,字节跳动,2026-08-24T18:43:44+00:00,bytedance:7559774632930298130,2026-08-24T21:20:16+00:00,2025-10-11T02:07:37+00:00,设计,字节跳动招聘,实习,游戏UI设计实习生-UGC游戏,https://jobs.bytedance.com/campus/position/7559774632930298130/detail,杭州
战略,字节跳动,2026-08-24T18:43:44+00:00,bytedance:7559524552989968648,2026-08-24T21:20:16+00:00,2025-10-10T09:40:46+00:00,运营,字节跳动招聘,实习,战略商业分析实习生-TikTok Shop,https://jobs.bytedance.com/campus/position/7559524552989968648/detail,北京
增长,字节跳动,2026-08-24T18:43:44+00:00,bytedance:7559472579410774290,2026-08-24T21:20:16+00:00,2025-10-10T06:24:17+00:00,内容运营,字节跳动招聘,实习,增长运营实习生（内容运营方向）-飞书,https://jobs.bytedance.com/campus/position/7559472579410774290/detail,北京
产品,字节跳动,2026-08-24T18:43:44+00:00,bytedance:7559443607137323271,2026-08-24T21:20:16+00:00,2025-10-10T04:29:25+00:00,产品经理,字节跳动招聘,实习,AI产品实习生-TRAE,https://jobs.bytedance.com/campus/position/7559443607137323271/detail,北京
运营,字节跳动,2026-08-24T18:43:44+00:00,bytedance:7559150151592364296,2026-08-24T21:20:16+00:00,2025-10-09T09:28:27+00:00,运营,字节跳动招聘,实习,数据运营实习生（人文社科方向）-大模型数据服务中心,https://jobs.bytedance.com/campus/position/7559150151592364296/detail,北京
销售,字节跳动,2026-08-24T18:43:44+00:00,bytedance:7555748247789799688,2026-08-24T21:20:16+00:00,2025-09-30T05:49:36+00:00,产品,字节跳动招聘,实习,销售管理平台产品实习生 - 销售运营管理平台,https://jobs.bytedance.com/campus/position/7555748247789799688/detail,上海
产品,字节跳动,2026-08-24T18:43:44+00:00,bytedance:7554320505421220104,2026-08-24T21:20:16+00:00,2025-09-26T09:02:02+00:00,产品,字节跳动招聘,实习,智能审核产品实习生-广告业务,https://jobs.bytedance.com/campus/position/7554320505421220104/detail,上海
运营,字节跳动,2026-08-24T18:43:44+00:00,bytedance:7554295474707613970,2026-08-24T21:20:16+00:00,2025-09-26T07:25:27+00:00,运营,字节跳动招聘,实习,Tako产品运营实习生- TikTok,https://jobs.bytedance.com/campus/position/7554295474707613970/detail,北京
产品,字节跳动,2026-08-24T18:43:44+00:00,bytedance:7554289793937606930,2026-08-24T21:20:16+00:00,2025-09-26T07:03:07+00:00,产品,字节跳动招聘,实习,产品实习生（数据智能体方向）-数据平台,https://jobs.bytedance.com/campus/position/7554289793937606930/detail,上海
项目管理,字节跳动,2026-08-24T18:43:44+00:00,bytedance:7554261195529619719,2026-08-24T21:20:16+00:00,2025-09-26T05:35:38+00:00,产品,字节跳动招聘,实习,商业产品实习生（项目管理方向）-国际化广告创意与品牌,https://jobs.bytedance.com/campus/position/7554261195529619719/detail,上海
设计,字节跳动,2026-08-24T18:43:44+00:00,bytedance:7554218188733450504,2026-08-24T21:20:16+00:00,2025-09-26T02:26:37+00:00,设计,字节跳动招聘,实习,UX产品设计实习生-TikTok设计,https://jobs.bytedance.com/campus/position/7554218188733450504/detail,北京
职能,字节跳动,2026-08-24T18:43:44+00:00,bytedance:7553862100557302034,2026-08-24T21:20:16+00:00,2025-09-25T03:25:29+00:00,人力,字节跳动招聘,实习,招聘实习生-AI创新业务,https://jobs.bytedance.com/campus/position/7553862100557302034/detail,杭州
市场,字节跳动,2026-08-24T18:43:44+00:00,bytedance:7553669559011002632,2026-08-24T21:20:16+00:00,2025-09-24T15:04:44+00:00,运营,字节跳动招聘,实习,品牌运营（日本市场）实习生 - Global Business Solutions,https://jobs.bytedance.com/campus/position/7553669559011002632/detail,上海
设计,字节跳动,2026-08-24T18:43:44+00:00,bytedance:7553587828555893010,2026-08-24T21:20:16+00:00,2025-09-24T09:45:37+00:00,设计,字节跳动招聘,实习,产品设计实习生-TikTok设计,https://jobs.bytedance.com/campus/position/7553587828555893010/detail,北京
设计,字节跳动,2026-08-24T18:43:44+00:00,bytedance:7553586160091711751,2026-08-24T21:20:16+00:00,2025-09-24T09:42:09+00:00,设计,字节跳动招聘,实习,产品设计实习生-TikTok设计,https://jobs.bytedance.com/campus/position/7553586160091711751/detail,上海
运营,字节跳动,2026-08-24T18:43:44+00:00,bytedance:7553540192201246994,2026-08-24T21:20:16+00:00,2025-09-24T06:36:13+00:00,商业运营,字节跳动招聘,实习,商业策略分析实习生-飞书,https://jobs.bytedance.com/campus/position/7553540192201246994/detail,上海
设计,字节跳动,2026-08-24T18:43:44+00:00,bytedance:7553524474559498514,2026-08-24T21:20:16+00:00,2025-09-24T05:52:42+00:00,设计,字节跳动招聘,实习,多媒体设计（AIGC视频方向）实习生-TikTok设计,https://jobs.bytedance.com/campus/position/7553524474559498514/detail,北京
市场,字节跳动,2026-08-24T18:43:44+00:00,bytedance:7553473317518067975,2026-08-24T21:20:16+00:00,2025-09-24T02:15:33+00:00,产品,字节跳动招聘,实习,产品实习生（达人和AI方向）-国际化广告创意与品牌,https://jobs.bytedance.com/campus/position/7553473317518067975/detail,北京
产品,字节跳动,2026-08-24T18:43:44+00:00,bytedance:7553468711870810376,2026-08-24T21:20:16+00:00,2025-09-24T02:11:42+00:00,产品,字节跳动招聘,实习,支付产品实习生-国际化,https://jobs.bytedance.com/campus/position/7553468711870810376/detail,上海
运营,字节跳动,2026-08-24T18:43:44+00:00,bytedance:7553219262887872775,2026-08-24T21:20:16+00:00,2025-09-23T10:06:50+00:00,运营,字节跳动招聘,实习,AI数据服务平台数据实习生-国际化,https://jobs.bytedance.com/campus/position/7553219262887872775/detail,北京
增长,字节跳动,2026-08-24T18:43:44+00:00,bytedance:7553204547025832199,2026-08-24T21:20:16+00:00,2025-09-23T08:56:41+00:00,产品,字节跳动招聘,实习,移动端广告产品增长运营实习生-国际化,https://jobs.bytedance.com/campus/position/7553204547025832199/detail,上海
战略,字节跳动,2026-08-24T18:43:44+00:00,bytedance:7553158748534212872,2026-08-24T21:20:16+00:00,2025-09-23T05:58:31+00:00,运营,字节跳动招聘,实习,电商战略分析实习生-TikTok Shop,https://jobs.bytedance.com/campus/position/7553158748534212872/detail,北京
增长,字节跳动,2026-08-24T18:43:44+00:00,bytedance:7552811307892754706,2026-08-24T21:20:16+00:00,2025-09-22T07:28:34+00:00,产品,字节跳动招聘,实习,增长策略产品实习生-抖音,https://jobs.bytedance.com/campus/position/7552811307892754706/detail,北京
职能,字节跳动,2026-08-24T18:43:44+00:00,bytedance:7552765998417692946,2026-08-24T21:20:16+00:00,2025-09-22T04:58:32+00:00,人力,字节跳动招聘,实习,招聘实习生-AI创新业务,https://jobs.bytedance.com/campus/position/7552765998417692946/detail,深圳
职能,字节跳动,2026-08-24T18:43:44+00:00,bytedance:7551664621096274183,2026-08-24T21:20:16+00:00,2025-09-19T05:24:48+00:00,产品运营,字节跳动招聘,实习,开源合规运营实习生-TRAE,https://jobs.bytedance.com/campus/position/7551664621096274183/detail,北京
商务,字节跳动,2026-08-24T18:43:44+00:00,bytedance:7551601108591331592,2026-08-24T21:20:16+00:00,2025-09-19T01:24:34+00:00,运营,字节跳动招聘,实习,政策分析与质量优化实习生（商业化风控方向）-国际化商业安全,https://jobs.bytedance.com/campus/position/7551601108591331592/detail,北京
运营,字节跳动,2026-08-24T18:43:44+00:00,bytedance:7551333777676372231,2026-08-24T21:20:16+00:00,2025-09-18T07:53:38+00:00,产品运营,字节跳动招聘,实习,产品运营实习生-抖音,https://jobs.bytedance.com/campus/position/7551333777676372231/detail,北京
产品,字节跳动,2026-08-24T18:43:44+00:00,bytedance:7551317624945953042,2026-08-24T21:20:16+00:00,2025-09-18T06:52:32+00:00,产品经理,字节跳动招聘,实习,豆包大模型AI产品实习生-火山方舟,https://jobs.bytedance.com/campus/position/7551317624945953042/detail,杭州
战略,字节跳动,2026-08-24T18:43:44+00:00,bytedance:7551314184257669384,2026-08-24T21:20:16+00:00,2025-09-18T06:37:55+00:00,运营,字节跳动招聘,实习,全球产品战略实习生-Global Business Solutions,https://jobs.bytedance.com/campus/position/7551314184257669384/detail,上海
产品,字节跳动,2026-08-24T18:43:44+00:00,bytedance:7551250984619788562,2026-08-24T21:20:16+00:00,2025-09-18T02:32:48+00:00,产品,字节跳动招聘,实习,POI页用户产品实习生-TikTok-Local Services,https://jobs.bytedance.com/campus/position/7551250984619788562/detail,上海
运营,字节跳动,2026-08-24T18:43:44+00:00,bytedance:7551247152351332626,2026-08-24T21:20:16+00:00,2025-09-18T02:26:05+00:00,运营,字节跳动招聘,实习,评价运营实习生-TikTok-Local Services,https://jobs.bytedance.com/campus/position/7551247152351332626/detail,上海
商务,字节跳动,2026-08-24T18:43:44+00:00,bytedance:7551007834772080914,2026-08-24T21:20:16+00:00,2025-09-17T10:53:58+00:00,商业运营,字节跳动招聘,实习,泰语商业支持实习生-飞书商业化,https://jobs.bytedance.com/campus/position/7551007834772080914/detail,北京
产品,字节跳动,2026-08-24T18:43:44+00:00,bytedance:7549110551117433106,2026-08-24T21:20:16+00:00,2025-09-12T08:04:34+00:00,产品,字节跳动招聘,实习,创作工具产品实习生-TikTok,https://jobs.bytedance.com/campus/position/7549110551117433106/detail,北京
运营,字节跳动,2026-08-24T18:43:44+00:00,bytedance:7549021152304695559,2026-08-24T21:20:16+00:00,2025-09-12T02:26:06+00:00,运营,字节跳动招聘,实习,社交独立端运营实习生-抖音,https://jobs.bytedance.com/campus/position/7549021152304695559/detail,深圳
运营,字节跳动,2026-08-24T18:43:44+00:00,bytedance:7548440673335740679,2026-08-24T21:20:16+00:00,2025-09-10T12:59:28+00:00,内容运营,字节跳动招聘,实习,新媒体运营实习生-飞书,https://jobs.bytedance.com/campus/position/7548440673335740679/detail,上海
市场,字节跳动,2026-08-24T18:43:44+00:00,bytedance:7548422727099828488,2026-08-24T21:20:16+00:00,2025-09-10T11:39:18+00:00,市场,字节跳动招聘,实习,行业内容营销实习生-飞书商业化,https://jobs.bytedance.com/campus/position/7548422727099828488/detail,北京
运营,字节跳动,2026-08-24T18:43:44+00:00,bytedance:7547994682979010834,2026-08-24T21:20:16+00:00,2025-09-09T08:02:16+00:00,用户运营,字节跳动招聘,实习,主机游戏视频作者运营实习生-抖音,https://jobs.bytedance.com/campus/position/7547994682979010834/detail,北京
职能,字节跳动,2026-08-24T18:43:44+00:00,bytedance:7547989893689133330,2026-08-24T21:20:16+00:00,2025-09-09T07:36:38+00:00,人力,字节跳动招聘,实习,企业文化传播实习生-企业文化,https://jobs.bytedance.com/campus/position/7547989893689133330/detail,北京
商务,字节跳动,2026-08-24T18:43:44+00:00,bytedance:7547588884538312978,2026-08-24T21:20:16+00:00,2025-09-08T05:42:30+00:00,运营,字节跳动招聘,实习,商业化达人平台产品运营实习生-国际化,https://jobs.bytedance.com/campus/position/7547588884538312978/detail,北京
产品,字节跳动,2026-08-24T18:43:44+00:00,bytedance:7546508890360613128,2026-08-24T21:20:16+00:00,2025-09-05T07:50:41+00:00,产品经理,字节跳动招聘,实习,产品实习生-今日头条,https://jobs.bytedance.com/campus/position/7546508890360613128/detail,北京
职能,字节跳动,2026-08-24T18:43:44+00:00,bytedance:7546503798278867218,2026-08-24T21:20:16+00:00,2025-09-05T07:35:42+00:00,人力,字节跳动招聘,实习,HR实习生（招聘方向）-飞书,https://jobs.bytedance.com/campus/position/7546503798278867218/detail,深圳
运营,字节跳动,2026-08-24T18:43:44+00:00,bytedance:7546497081587222802,2026-08-24T21:20:16+00:00,2025-09-05T07:05:53+00:00,运营,字节跳动招聘,实习,小语种语言学（印尼语/葡萄牙语）实习生-Data语音,https://jobs.bytedance.com/campus/position/7546497081587222802/detail,北京
商务,字节跳动,2026-08-24T18:43:44+00:00,bytedance:7546190549797308690,2026-08-24T21:20:16+00:00,2025-09-04T11:20:46+00:00,产品经理,字节跳动招聘,实习,商业化系统产品实习生-飞书,https://jobs.bytedance.com/campus/position/7546190549797308690/detail,杭州
商务,字节跳动,2026-08-24T18:43:44+00:00,bytedance:7546190771633457426,2026-08-24T21:20:16+00:00,2025-09-04T11:19:59+00:00,产品经理,字节跳动招聘,实习,商业化系统产品实习生-飞书,https://jobs.bytedance.com/campus/position/7546190771633457426/detail,上海
商务,字节跳动,2026-08-24T18:43:44+00:00,bytedance:7546187724044552466,2026-08-24T21:20:16+00:00,2025-09-04T11:10:36+00:00,产品经理,字节跳动招聘,实习,商业化系统产品实习生-飞书,https://jobs.bytedance.com/campus/position/7546187724044552466/detail,北京
运营,字节跳动,2026-08-24T18:43:44+00:00,bytedance:7546168766560962823,2026-08-24T21:20:16+00:00,2025-09-04T09:53:40+00:00,运营,字节跳动招聘,实习,欧洲电商产品运营实习生-TikTok Shop,https://jobs.bytedance.com/campus/position/7546168766560962823/detail,上海
市场,字节跳动,2026-08-24T18:43:44+00:00,bytedance:7546059777811269895,2026-08-24T21:20:16+00:00,2025-09-04T02:50:04+00:00,运营,字节跳动招聘,实习,品牌种草广告产品运营实习生-国际化,https://jobs.bytedance.com/campus/position/7546059777811269895/detail,北京
运营,字节跳动,2026-08-24T18:43:44+00:00,bytedance:7545847599295973639,2026-08-24T21:20:16+00:00,2025-09-03T13:12:29+00:00,运营,字节跳动招聘,实习,AI创意方向产品运营实习生-国际化,https://jobs.bytedance.com/campus/position/7545847599295973639/detail,北京
运营,字节跳动,2026-08-24T18:43:44+00:00,bytedance:7545765706849159442,2026-08-24T21:20:16+00:00,2025-09-03T07:51:29+00:00,运营,字节跳动招聘,实习,开发者运营实习生-开发者AI,https://jobs.bytedance.com/campus/position/7545765706849159442/detail,北京
产品,字节跳动,2026-08-24T18:43:44+00:00,bytedance:7545397323217438994,2026-08-24T21:20:16+00:00,2025-09-02T07:58:48+00:00,产品,字节跳动招聘,实习,策略产品实习生-抖音UGC,https://jobs.bytedance.com/campus/position/7545397323217438994/detail,上海
产品,字节跳动,2026-08-24T18:43:44+00:00,bytedance:7545371476980287751,2026-08-24T21:20:16+00:00,2025-09-02T06:18:00+00:00,产品,字节跳动招聘,实习,日本商家产品实习生-TikTok Shop,https://jobs.bytedance.com/campus/position/7545371476980287751/detail,杭州
职能,字节跳动,2026-08-24T18:43:44+00:00,bytedance:7545066639990720776,2026-08-24T21:20:16+00:00,2025-09-01T10:36:47+00:00,人力,字节跳动招聘,实习,招聘实习生-Data,https://jobs.bytedance.com/campus/position/7545066639990720776/detail,北京
产品,字节跳动,2026-08-24T18:43:44+00:00,bytedance:7545034522724829448,2026-08-24T21:20:16+00:00,2025-09-01T08:28:35+00:00,商业产品（广告）,字节跳动招聘,实习,客户激励产品实习生-国际化,https://jobs.bytedance.com/campus/position/7545034522724829448/detail,上海
运营,字节跳动,2026-08-24T18:43:44+00:00,bytedance:7545022248433994002,2026-08-24T21:20:16+00:00,2025-09-01T07:47:30+00:00,运营,字节跳动招聘,实习,AI数据策略实习生（通用Agent） - AI数据与安全,https://jobs.bytedance.com/campus/position/7545022248433994002/detail,北京
产品,字节跳动,2026-08-24T18:43:44+00:00,bytedance:7544962846703864072,2026-08-24T21:20:16+00:00,2025-09-01T03:52:10+00:00,产品经理,字节跳动招聘,实习,技术产品实习生-抖音电商,https://jobs.bytedance.com/campus/position/7544962846703864072/detail,上海
产品,字节跳动,2026-08-24T18:43:44+00:00,bytedance:7544951193534269703,2026-08-24T21:20:16+00:00,2025-09-01T03:08:26+00:00,产品经理,字节跳动招聘,实习,流量运营平台产品实习生 - TikTok Shop,https://jobs.bytedance.com/campus/position/7544951193534269703/detail,北京
产品,字节跳动,2026-08-24T18:43:44+00:00,bytedance:7544947601502996754,2026-08-24T21:20:16+00:00,2025-09-01T02:54:09+00:00,产品经理,字节跳动招聘,实习,豆包AI大模型产品实习生-Data AML,https://jobs.bytedance.com/campus/position/7544947601502996754/detail,杭州
产品,字节跳动,2026-08-24T18:43:44+00:00,bytedance:7543650116705143048,2026-08-24T21:20:16+00:00,2025-08-28T15:16:42+00:00,商业产品（广告）,字节跳动招聘,实习,全球交易财税产品实习生-国际化,https://jobs.bytedance.com/campus/position/7543650116705143048/detail,上海
设计,字节跳动,2026-08-24T18:43:44+00:00,bytedance:7543585756112406792,2026-08-24T21:20:16+00:00,2025-08-28T10:47:43+00:00,设计,字节跳动招聘,实习,AIGC美学设计实习生-抖音,https://jobs.bytedance.com/campus/position/7543585756112406792/detail,北京
设计,字节跳动,2026-08-24T18:43:44+00:00,bytedance:7543586065283156231,2026-08-24T21:20:16+00:00,2025-08-28T10:46:49+00:00,设计,字节跳动招聘,实习,AIGC美学设计实习生-抖音,https://jobs.bytedance.com/campus/position/7543586065283156231/detail,上海
战略,字节跳动,2026-08-24T18:43:44+00:00,bytedance:7543509173830748423,2026-08-24T21:20:16+00:00,2025-08-28T05:59:55+00:00,运营,字节跳动招聘,实习,战略分析实习生-TikTok Shop,https://jobs.bytedance.com/campus/position/7543509173830748423/detail,北京
市场,字节跳动,2026-08-24T18:43:44+00:00,bytedance:7543508719981168914,2026-08-24T21:20:16+00:00,2025-08-28T05:57:18+00:00,产品运营,字节跳动招聘,实习,达人营销实习生-番茄小说,https://jobs.bytedance.com/campus/position/7543508719981168914/detail,北京
战略,字节跳动,2026-08-24T18:43:44+00:00,bytedance:7543269325127665938,2026-08-24T21:20:16+00:00,2025-08-27T14:17:56+00:00,商业产品（广告）,字节跳动招聘,实习,广告产品战略实习生-商业变现,https://jobs.bytedance.com/campus/position/7543269325127665938/detail,北京
运营,字节跳动,2026-08-24T18:43:44+00:00,bytedance:7542920784755591432,2026-08-24T21:20:16+00:00,2025-08-26T15:51:20+00:00,内容运营,字节跳动招聘,实习,新媒体运营实习生-飞书,https://jobs.bytedance.com/campus/position/7542920784755591432/detail,杭州
增长,字节跳动,2026-08-24T18:43:44+00:00,bytedance:7542864578053867784,2026-08-24T21:20:16+00:00,2025-08-26T12:18:57+00:00,产品,字节跳动招聘,实习,增长策略产品实习生-TikTok,https://jobs.bytedance.com/campus/position/7542864578053867784/detail,上海
市场,字节跳动,2026-08-24T18:43:44+00:00,bytedance:7542768615830309127,2026-08-24T21:20:16+00:00,2025-08-26T05:54:55+00:00,运营,字节跳动招聘,实习,达人营销产品运营实习生（MCN方向）-国际化,https://jobs.bytedance.com/campus/position/7542768615830309127/detail,上海
市场,字节跳动,2026-08-24T18:43:44+00:00,bytedance:7542766440038975751,2026-08-24T21:20:16+00:00,2025-08-26T05:51:32+00:00,产品运营,字节跳动招聘,实习,商业化产品运营实习生（品牌创新玩法）-国际化,https://jobs.bytedance.com/campus/position/7542766440038975751/detail,北京
商业分析,字节跳动,2026-08-24T18:43:44+00:00,bytedance:7542766503101499666,2026-08-24T21:20:16+00:00,2025-08-26T05:49:23+00:00,产品,字节跳动招聘,实习,品牌广告商业分析实习生-国际化广告创意与品牌,https://jobs.bytedance.com/campus/position/7542766503101499666/detail,上海
产品,字节跳动,2026-08-24T18:43:44+00:00,bytedance:7542736778987800839,2026-08-24T21:20:16+00:00,2025-08-26T03:55:48+00:00,产品,字节跳动招聘,实习,AI产品实习生-豆包爱学,https://jobs.bytedance.com/campus/position/7542736778987800839/detail,北京
职能,字节跳动,2026-08-24T18:43:44+00:00,bytedance:7542720534494300423,2026-08-24T21:20:16+00:00,2025-08-26T02:48:44+00:00,人力,字节跳动招聘,实习,HR实习生-校园招聘,https://jobs.bytedance.com/campus/position/7542720534494300423/detail,北京
商务,字节跳动,2026-08-24T18:43:44+00:00,bytedance:7542367711763695890,2026-08-24T21:20:16+00:00,2025-08-25T04:01:15+00:00,运营,字节跳动招聘,实习,商业化产品达人平台运营实习生-国际化,https://jobs.bytedance.com/campus/position/7542367711763695890/detail,上海
市场,字节跳动,2026-08-24T18:43:44+00:00,bytedance:7541310257156819218,2026-08-24T21:20:16+00:00,2025-08-22T07:41:23+00:00,运营,字节跳动招聘,实习,内容合作实习生（国际市场）-剪映CapCut,https://jobs.bytedance.com/campus/position/7541310257156819218/detail,深圳
运营,字节跳动,2026-08-24T18:43:44+00:00,bytedance:7541302312612022536,2026-08-24T21:20:16+00:00,2025-08-22T07:07:36+00:00,运营,字节跳动招聘,实习,用户运营实习生 - 抖音效果与创作,https://jobs.bytedance.com/campus/position/7541302312612022536/detail,深圳
产品,字节跳动,2026-08-24T18:43:44+00:00,bytedance:7541252731093649671,2026-08-24T21:20:16+00:00,2025-08-22T03:57:59+00:00,产品经理,字节跳动招聘,实习,AI大模型产品实习生-飞书,https://jobs.bytedance.com/campus/position/7541252731093649671/detail,北京
用户研究,字节跳动,2026-08-24T18:43:44+00:00,bytedance:7541233422347798791,2026-08-24T21:20:16+00:00,2025-08-22T02:46:55+00:00,用户研究,字节跳动招聘,实习,用户研究实习生-经营办公室（用户研究）,https://jobs.bytedance.com/campus/position/7541233422347798791/detail,北京
战略,字节跳动,2026-08-24T18:43:44+00:00,bytedance:7540914410639034631,2026-08-24T21:20:16+00:00,2025-08-21T06:08:44+00:00,战略,字节跳动招聘,实习,战略分析实习生-国际化商业安全,https://jobs.bytedance.com/campus/position/7540914410639034631/detail,北京
运营,字节跳动,2026-08-24T18:43:44+00:00,bytedance:7540875989695006984,2026-08-24T21:20:16+00:00,2025-08-21T03:30:29+00:00,审核,字节跳动招聘,实习,运营实习生 - 国际化商业安全,https://jobs.bytedance.com/campus/position/7540875989695006984/detail,上海
产品,字节跳动,2026-08-24T18:43:44+00:00,bytedance:7540875956181829895,2026-08-24T21:20:16+00:00,2025-08-21T03:30:25+00:00,产品经理,字节跳动招聘,实习,产品实习生-国际化商业安全,https://jobs.bytedance.com/campus/position/7540875956181829895/detail,北京
运营,字节跳动,2026-08-24T18:43:44+00:00,bytedance:7540848064116050183,2026-08-24T21:20:16+00:00,2025-08-21T01:44:46+00:00,运营,字节跳动招聘,实习,效果与创作内容运营实习生-抖音,https://jobs.bytedance.com/campus/position/7540848064116050183/detail,北京
产品,字节跳动,2026-08-24T18:43:44+00:00,bytedance:7540601612198430983,2026-08-24T21:20:16+00:00,2025-08-20T09:53:40+00:00,产品经理,字节跳动招聘,实习,产品实习生（音视频）-飞书,https://jobs.bytedance.com/campus/position/7540601612198430983/detail,北京
运营,字节跳动,2026-08-24T18:43:44+00:00,bytedance:7540531592909834503,2026-08-24T21:20:16+00:00,2025-08-20T05:26:19+00:00,产品运营,字节跳动招聘,实习,AI产品运营实习生 - TRAE,https://jobs.bytedance.com/campus/position/7540531592909834503/detail,上海
项目管理,字节跳动,2026-08-24T18:43:44+00:00,bytedance:7540523754595944712,2026-08-24T21:20:16+00:00,2025-08-20T04:56:24+00:00,项目管理,字节跳动招聘,实习,项目管理实习生-TikTok智能创作,https://jobs.bytedance.com/campus/position/7540523754595944712/detail,北京
运营,字节跳动,2026-08-24T18:43:44+00:00,bytedance:7540504330932308232,2026-08-24T21:20:16+00:00,2025-08-20T03:28:12+00:00,用户运营,字节跳动招聘,实习,开发者运营实习生-TRAE,https://jobs.bytedance.com/campus/position/7540504330932308232/detail,杭州
销售,字节跳动,2026-08-24T18:43:44+00:00,bytedance:7540263792309111048,2026-08-24T21:20:16+00:00,2025-08-19T12:00:30+00:00,销售运营,字节跳动招聘,实习,海外销售运营实习生-飞书商业化,https://jobs.bytedance.com/campus/position/7540263792309111048/detail,北京
商业分析,字节跳动,2026-08-24T19:23:31+00:00,bytedance:7540151455819548935,2026-08-24T21:20:16+00:00,2025-08-19T04:38:47+00:00,数据分析,字节跳动招聘,实习,数据分析实习生-业务中台,https://jobs.bytedance.com/campus/position/7540151455819548935/detail,上海
运营,字节跳动,2026-08-24T18:43:44+00:00,bytedance:7540139987103697160,2026-08-24T21:20:16+00:00,2025-08-19T03:54:54+00:00,运营,字节跳动招聘,实习,UG付费广告产品运营实习生-TikTok,https://jobs.bytedance.com/campus/position/7540139987103697160/detail,北京
战略,字节跳动,2026-08-24T18:43:44+00:00,bytedance:7539834271062968594,2026-08-24T21:20:16+00:00,2025-08-18T08:09:22+00:00,数据分析,字节跳动招聘,实习,战略分析实习生-抖音搜索,https://jobs.bytedance.com/campus/position/7539834271062968594/detail,北京
运营,字节跳动,2026-08-24T18:43:44+00:00,bytedance:7538709723831896338,2026-08-24T21:20:16+00:00,2025-08-15T07:24:00+00:00,运营,字节跳动招聘,实习,AI短剧运营实习生-TikTok,https://jobs.bytedance.com/campus/position/7538709723831896338/detail,北京
运营,字节跳动,2026-08-24T18:43:44+00:00,bytedance:7538654256539453703,2026-08-24T21:20:16+00:00,2025-08-15T03:50:30+00:00,运营,字节跳动招聘,实习,AI数据运营实习生（Agent研究）-大模型数据服务中心,https://jobs.bytedance.com/campus/position/7538654256539453703/detail,北京
运营,字节跳动,2026-08-24T18:43:44+00:00,bytedance:7538653579658512658,2026-08-24T21:20:16+00:00,2025-08-15T03:49:47+00:00,运营,字节跳动招聘,实习,AI数据运营（视频通话）实习生-AI数据与安全,https://jobs.bytedance.com/campus/position/7538653579658512658/detail,北京
运营,字节跳动,2026-08-24T18:43:44+00:00,bytedance:7538634269788064007,2026-08-24T21:20:16+00:00,2025-08-15T02:40:15+00:00,运营,字节跳动招聘,实习,联网自动化数据运营实习生-AI数据与安全,https://jobs.bytedance.com/campus/position/7538634269788064007/detail,北京
产品,字节跳动,2026-08-24T18:43:44+00:00,bytedance:7538375597480757522,2026-08-24T21:20:16+00:00,2025-08-14T09:48:56+00:00,产品经理,字节跳动招聘,实习,支付广告产品实习生-TikTok,https://jobs.bytedance.com/campus/position/7538375597480757522/detail,北京
设计,字节跳动,2026-08-24T18:43:44+00:00,bytedance:7538340757884963090,2026-08-24T21:20:16+00:00,2025-08-14T07:36:48+00:00,设计,字节跳动招聘,实习,UX设计实习生-Coze,https://jobs.bytedance.com/campus/position/7538340757884963090/detail,深圳
产品,字节跳动,2026-08-24T18:43:44+00:00,bytedance:7537906743005038866,2026-08-24T21:20:16+00:00,2025-08-13T03:31:58+00:00,产品,字节跳动招聘,实习,产品实习生-Coze,https://jobs.bytedance.com/campus/position/7537906743005038866/detail,北京
增长,字节跳动,2026-08-24T18:43:44+00:00,bytedance:7537688953446648082,2026-08-24T21:20:16+00:00,2025-08-12T13:46:32+00:00,产品经理,字节跳动招聘,实习,用户增长产品实习生-TikTok,https://jobs.bytedance.com/campus/position/7537688953446648082/detail,上海
运营,字节跳动,2026-08-24T18:43:44+00:00,bytedance:7537670609921607954,2026-08-24T21:20:16+00:00,2025-08-12T12:14:48+00:00,运营,字节跳动招聘,实习,策略运营实习生-TikTok直播,https://jobs.bytedance.com/campus/position/7537670609921607954/detail,上海
商业分析,字节跳动,2026-08-24T18:43:44+00:00,bytedance:7537670430900390151,2026-08-24T21:20:16+00:00,2025-08-12T12:11:49+00:00,数据分析,字节跳动招聘,实习,经营分析实习生-搜音搜索,https://jobs.bytedance.com/campus/position/7537670430900390151/detail,上海
职能,字节跳动,2026-08-24T18:43:44+00:00,bytedance:7537578856879229191,2026-08-24T21:20:16+00:00,2025-08-12T06:19:29+00:00,职能 / 支持,字节跳动招聘,实习,招聘实习生-AI 创新业务,https://jobs.bytedance.com/campus/position/7537578856879229191/detail,上海
销售,字节跳动,2026-08-24T18:43:44+00:00,bytedance:7537278105525438728,2026-08-24T21:20:16+00:00,2025-08-11T10:58:03+00:00,产品,字节跳动招聘,实习,AI智能销售产品实习生-广告业务,https://jobs.bytedance.com/campus/position/7537278105525438728/detail,北京
用户研究,字节跳动,2026-08-24T18:43:44+00:00,bytedance:7537237389146016018,2026-08-24T21:20:16+00:00,2025-08-11T08:16:17+00:00,用户研究,字节跳动招聘,实习,用户研究实习生-经营办公室（用户研究）,https://jobs.bytedance.com/campus/position/7537237389146016018/detail,上海
市场,字节跳动,2026-08-24T18:43:44+00:00,bytedance:7537220082415683847,2026-08-24T21:20:16+00:00,2025-08-11T07:11:21+00:00,产品经理,字节跳动招聘,实习,推荐产品（英国及欧洲市场）实习生-TikTok Shop,https://jobs.bytedance.com/campus/position/7537220082415683847/detail,北京
产品,字节跳动,2026-08-24T18:43:44+00:00,bytedance:7537219848499071240,2026-08-24T21:20:16+00:00,2025-08-11T07:02:32+00:00,产品,字节跳动招聘,实习,抖音策略产品实习生-抖音搜索,https://jobs.bytedance.com/campus/position/7537219848499071240/detail,北京
产品,字节跳动,2026-08-24T18:43:44+00:00,bytedance:7537197240143792391,2026-08-24T21:20:16+00:00,2025-08-11T05:35:18+00:00,产品,字节跳动招聘,实习,商业产品实习生 - Global Ads Core,https://jobs.bytedance.com/campus/position/7537197240143792391/detail,上海
项目管理,字节跳动,2026-08-24T18:43:44+00:00,bytedance:7537163899700988167,2026-08-24T21:20:16+00:00,2025-08-11T03:32:37+00:00,项目管理,字节跳动招聘,实习,项目管理实习生（大模型）-TikTok,https://jobs.bytedance.com/campus/position/7537163899700988167/detail,上海
战略,字节跳动,2026-08-24T18:43:44+00:00,bytedance:7536145694781409554,2026-08-24T21:20:16+00:00,2025-08-08T09:38:21+00:00,战略,字节跳动招聘,实习,游戏直播战略实习生-TikTok直播,https://jobs.bytedance.com/campus/position/7536145694781409554/detail,上海
设计,字节跳动,2026-08-24T18:43:44+00:00,bytedance:7536139750705809671,2026-08-24T21:20:16+00:00,2025-08-08T09:14:46+00:00,设计,字节跳动招聘,实习,产品设计实习生-TikTok设计,https://jobs.bytedance.com/campus/position/7536139750705809671/detail,上海
职能,字节跳动,2026-08-24T18:43:44+00:00,bytedance:7536125050145278215,2026-08-24T21:20:16+00:00,2025-08-08T08:17:55+00:00,人力,字节跳动招聘,实习,招聘实习生-飞书,https://jobs.bytedance.com/campus/position/7536125050145278215/detail,杭州
职能,字节跳动,2026-08-24T18:43:44+00:00,bytedance:7536068683501865223,2026-08-24T21:20:16+00:00,2025-08-08T04:42:12+00:00,人力,字节跳动招聘,实习,招聘实习生-飞书,https://jobs.bytedance.com/campus/position/7536068683501865223/detail,深圳
产品,字节跳动,2026-08-24T18:43:44+00:00,bytedance:7535778257707534599,2026-08-24T21:20:16+00:00,2025-08-07T09:50:09+00:00,产品经理,字节跳动招聘,实习,RAG产品实习生-火山方舟,https://jobs.bytedance.com/campus/position/7535778257707534599/detail,北京
运营,字节跳动,2026-08-24T18:43:44+00:00,bytedance:7535720499922995474,2026-08-24T21:20:16+00:00,2025-08-07T06:07:06+00:00,运营,字节跳动招聘,实习,安全策略运营实习生-番茄小说,https://jobs.bytedance.com/campus/position/7535720499922995474/detail,北京
销售,字节跳动,2026-08-24T18:43:44+00:00,bytedance:7535410808667851016,2026-08-24T21:20:16+00:00,2025-08-06T10:06:17+00:00,商业运营,字节跳动招聘,实习,销售支持实习生 - 抖音生活服务,https://jobs.bytedance.com/campus/position/7535410808667851016/detail,北京
产品,字节跳动,2026-08-24T18:43:44+00:00,bytedance:7535224262522603794,2026-08-24T21:20:16+00:00,2025-08-05T22:28:16+00:00,产品经理,字节跳动招聘,实习,推荐产品实习生-TikTok Shop,https://jobs.bytedance.com/campus/position/7535224262522603794/detail,上海
市场,字节跳动,2026-08-24T18:43:44+00:00,bytedance:7535063400006142215,2026-08-24T21:20:16+00:00,2025-08-05T11:38:27+00:00,市场,字节跳动招聘,实习,市场实习生-抖音,https://jobs.bytedance.com/campus/position/7535063400006142215/detail,北京
运营,字节跳动,2026-08-24T18:43:44+00:00,bytedance:7535035478429878535,2026-08-24T21:20:16+00:00,2025-08-05T09:48:45+00:00,运营,字节跳动招聘,实习,抖音作者运营实习生-抖音,https://jobs.bytedance.com/campus/position/7535035478429878535/detail,北京
职能,字节跳动,2026-08-24T18:43:44+00:00,bytedance:7534973538190395666,2026-08-24T21:20:16+00:00,2025-08-05T05:53:23+00:00,人力,字节跳动招聘,实习,全球招聘运营实习生-TikTok,https://jobs.bytedance.com/campus/position/7534973538190395666/detail,上海
职能,字节跳动,2026-08-24T18:43:44+00:00,bytedance:7534945667070085394,2026-08-24T21:20:16+00:00,2025-08-05T04:05:03+00:00,人力,字节跳动招聘,实习,招聘实习生-豆包大模型,https://jobs.bytedance.com/campus/position/7534945667070085394/detail,上海
项目管理,字节跳动,2026-08-24T18:43:44+00:00,bytedance:7534550273445988616,2026-08-24T21:20:16+00:00,2025-08-04T02:23:50+00:00,项目管理,字节跳动招聘,实习,项目管理实习生-隐私和数据保护办公室,https://jobs.bytedance.com/campus/position/7534550273445988616/detail,上海
运营,字节跳动,2026-08-24T18:43:44+00:00,bytedance:7533140625521297672,2026-08-24T21:20:16+00:00,2025-07-31T07:15:17+00:00,用户运营,字节跳动招聘,实习,用户运营实习生-开发者AI,https://jobs.bytedance.com/campus/position/7533140625521297672/detail,深圳
商业分析,字节跳动,2026-08-24T18:43:44+00:00,bytedance:7532809522332551431,2026-08-24T21:20:16+00:00,2025-07-30T09:49:40+00:00,产品,字节跳动招聘,实习,数据分析实习生-抖音,https://jobs.bytedance.com/campus/position/7532809522332551431/detail,北京
运营,字节跳动,2026-08-24T18:43:44+00:00,bytedance:7532786774008711442,2026-08-24T21:20:16+00:00,2025-07-30T08:25:07+00:00,运营,字节跳动招聘,实习,风控大模型应用实习生-内容质量与数据服务平台,https://jobs.bytedance.com/campus/position/7532786774008711442/detail,北京
运营,字节跳动,2026-08-24T18:43:44+00:00,bytedance:7532713759497406728,2026-08-24T21:20:16+00:00,2025-07-30T03:37:26+00:00,运营,字节跳动招聘,实习,英语西班牙语双语运营实习生-国际化,https://jobs.bytedance.com/campus/position/7532713759497406728/detail,上海
运营,字节跳动,2026-08-24T18:43:44+00:00,bytedance:7532708797368109330,2026-08-24T21:20:16+00:00,2025-07-30T03:24:50+00:00,运营,字节跳动招聘,实习,英语德语双语运营实习生-国际化,https://jobs.bytedance.com/campus/position/7532708797368109330/detail,上海
运营,字节跳动,2026-08-24T18:43:44+00:00,bytedance:7532436587565697287,2026-08-24T21:20:16+00:00,2025-07-29T09:43:45+00:00,运营,字节跳动招聘,实习,小游戏玩法运营实习生-抖音,https://jobs.bytedance.com/campus/position/7532436587565697287/detail,北京
职能,字节跳动,2026-08-24T18:43:44+00:00,bytedance:7532430732674189576,2026-08-24T21:20:16+00:00,2025-07-29T09:18:28+00:00,人力,字节跳动招聘,实习,HRBP实习生 - 抖音电商,https://jobs.bytedance.com/campus/position/7532430732674189576/detail,北京
设计,字节跳动,2026-08-24T18:43:44+00:00,bytedance:7532416564194199826,2026-08-24T21:20:16+00:00,2025-07-29T08:26:03+00:00,设计,字节跳动招聘,实习,AI平台设计实习生-抖音,https://jobs.bytedance.com/campus/position/7532416564194199826/detail,北京
产品,字节跳动,2026-08-24T18:43:44+00:00,bytedance:7532378622201252114,2026-08-24T21:20:16+00:00,2025-07-29T05:58:06+00:00,产品经理,字节跳动招聘,实习,搜索策略产品（供给方向）实习生 - TikTok Shop,https://jobs.bytedance.com/campus/position/7532378622201252114/detail,上海
职能,字节跳动,2026-08-24T18:43:44+00:00,bytedance:7530919343305099528,2026-08-24T21:20:16+00:00,2025-07-25T07:40:07+00:00,人力,字节跳动招聘,实习,全球招聘运营实习生 - 国际化,https://jobs.bytedance.com/campus/position/7530919343305099528/detail,上海
产品,字节跳动,2026-08-24T18:43:44+00:00,bytedance:7530784563263195410,2026-08-24T21:20:16+00:00,2025-07-24T23:48:31+00:00,产品经理,字节跳动招聘,实习,搜索产品实习生（欧洲区域）-TikTok Shop,https://jobs.bytedance.com/campus/position/7530784563263195410/detail,上海
增长,字节跳动,2026-08-24T18:43:44+00:00,bytedance:7530786371678669064,2026-08-24T21:20:16+00:00,2025-07-24T23:41:47+00:00,产品经理,字节跳动招聘,实习,搜索增长产品实习生-TikTok Shop,https://jobs.bytedance.com/campus/position/7530786371678669064/detail,北京
商务,字节跳动,2026-08-24T18:43:44+00:00,bytedance:7530569464003741960,2026-08-24T21:20:16+00:00,2025-07-24T08:59:22+00:00,运营,字节跳动招聘,实习,商业化运营实习生-Global Business Solutions,https://jobs.bytedance.com/campus/position/7530569464003741960/detail,上海
产品,字节跳动,2026-08-24T18:43:44+00:00,bytedance:7530239125246167304,2026-08-24T21:20:16+00:00,2025-07-23T11:43:33+00:00,产品,字节跳动招聘,实习,AI审核平台产品实习生-国际化,https://jobs.bytedance.com/campus/position/7530239125246167304/detail,北京
市场,字节跳动,2026-08-24T18:43:44+00:00,bytedance:7530196803921660178,2026-08-24T21:20:16+00:00,2025-07-23T08:49:59+00:00,市场,字节跳动招聘,实习,行业内容营销实习生-飞书商业化,https://jobs.bytedance.com/campus/position/7530196803921660178/detail,杭州
运营,字节跳动,2026-08-24T18:43:44+00:00,bytedance:7530116969518762248,2026-08-24T21:20:16+00:00,2025-07-23T03:40:09+00:00,运营,字节跳动招聘,实习,美国FBT商家运营实习生（物流&供应链）-TikTok Shop,https://jobs.bytedance.com/campus/position/7530116969518762248/detail,上海
产品,字节跳动,2026-08-24T18:43:44+00:00,bytedance:7530086092897339655,2026-08-24T21:20:16+00:00,2025-07-23T01:50:06+00:00,产品经理,字节跳动招聘,实习,搜索策略产品实习生 - TikTok Shop,https://jobs.bytedance.com/campus/position/7530086092897339655/detail,上海
产品,字节跳动,2026-08-24T18:43:44+00:00,bytedance:7529506077907437831,2026-08-24T21:20:16+00:00,2025-07-21T12:14:49+00:00,产品经理,字节跳动招聘,实习,商业创意机构平台产品实习生-国际化,https://jobs.bytedance.com/campus/position/7529506077907437831/detail,深圳
产品,字节跳动,2026-08-24T18:43:44+00:00,bytedance:7529505036680300808,2026-08-24T21:20:16+00:00,2025-07-21T12:10:20+00:00,产品,字节跳动招聘,实习,搜索经验决策产品实习生-TikTok,https://jobs.bytedance.com/campus/position/7529505036680300808/detail,北京
战略,字节跳动,2026-08-24T18:43:44+00:00,bytedance:7528376388988225799,2026-08-24T21:20:16+00:00,2025-07-18T11:43:45+00:00,战略,字节跳动招聘,实习,产品战略实习生-TikTok,https://jobs.bytedance.com/campus/position/7528376388988225799/detail,北京
运营,字节跳动,2026-08-24T18:43:44+00:00,bytedance:7528245842996087047,2026-08-24T21:20:16+00:00,2025-07-18T02:53:05+00:00,产品运营,字节跳动招聘,实习,广告产品运营实习生-国际化,https://jobs.bytedance.com/campus/position/7528245842996087047/detail,上海
职能,字节跳动,2026-08-24T18:43:44+00:00,bytedance:7527972853422622984,2026-08-24T21:20:16+00:00,2025-07-17T09:06:11+00:00,人力,字节跳动招聘,实习,招聘实习生-AI创新业务,https://jobs.bytedance.com/campus/position/7527972853422622984/detail,上海
职能,字节跳动,2026-08-24T18:43:44+00:00,bytedance:7527884849790093586,2026-08-24T21:20:16+00:00,2025-07-17T03:23:08+00:00,人力,字节跳动招聘,实习,校园招聘实习生（海外方向）-中国招聘中心,https://jobs.bytedance.com/campus/position/7527884849790093586/detail,成都
产品,字节跳动,2026-08-24T18:43:44+00:00,bytedance:7527611402996156680,2026-08-24T21:20:16+00:00,2025-07-16T09:39:57+00:00,产品,字节跳动招聘,实习,产品实习生-AI创新业务,https://jobs.bytedance.com/campus/position/7527611402996156680/detail,上海
商务,字节跳动,2026-08-24T18:43:44+00:00,bytedance:7527550707815565586,2026-08-24T21:20:16+00:00,2025-07-16T05:43:42+00:00,运营,字节跳动招聘,实习,商业化运营实习生-Global Business Solutions,https://jobs.bytedance.com/campus/position/7527550707815565586/detail,北京
战略,字节跳动,2026-08-24T18:43:44+00:00,bytedance:7527252745654749458,2026-08-24T21:20:16+00:00,2025-07-15T10:34:52+00:00,战略,字节跳动招聘,实习,AI策略分析实习生-今日头条,https://jobs.bytedance.com/campus/position/7527252745654749458/detail,北京
产品,字节跳动,2026-08-24T18:43:44+00:00,bytedance:7527150093935773959,2026-08-24T21:20:16+00:00,2025-07-15T03:53:12+00:00,产品经理,字节跳动招聘,实习,采购AI产品实习生 - Corporate Services,https://jobs.bytedance.com/campus/position/7527150093935773959/detail,北京
职能,字节跳动,2026-08-24T18:43:44+00:00,bytedance:7527145882468485394,2026-08-24T21:20:16+00:00,2025-07-15T03:36:56+00:00,人力,字节跳动招聘,实习,校园招聘实习生（海外方向）-中国招聘中心,https://jobs.bytedance.com/campus/position/7527145882468485394/detail,上海
增长,字节跳动,2026-08-24T18:43:44+00:00,bytedance:7526960570999507208,2026-08-24T21:20:16+00:00,2025-07-14T16:00:19+00:00,广告投放,字节跳动招聘,实习,增长营销实习生-抖音用户增长,https://jobs.bytedance.com/campus/position/7526960570999507208/detail,北京
商业分析,字节跳动,2026-08-24T18:43:44+00:00,bytedance:7526860164545972487,2026-08-24T21:20:16+00:00,2025-07-14T09:07:41+00:00,运营,字节跳动招聘,实习,美国服务商电商经营&数据分析实习生-TikTok Shop,https://jobs.bytedance.com/campus/position/7526860164545972487/detail,上海
产品,字节跳动,2026-08-24T18:43:44+00:00,bytedance:7526825039020574984,2026-08-24T21:20:16+00:00,2025-07-14T06:49:14+00:00,产品,字节跳动招聘,实习,AI搜索产品评测实习生-TikTok,https://jobs.bytedance.com/campus/position/7526825039020574984/detail,上海
市场,字节跳动,2026-08-24T18:43:44+00:00,bytedance:7525428794590152968,2026-08-24T21:20:16+00:00,2025-07-10T12:27:13+00:00,产品运营,字节跳动招聘,实习,API产品营销实习生-国际化广告商业平台,https://jobs.bytedance.com/campus/position/7525428794590152968/detail,上海
运营,字节跳动,2026-08-24T18:43:44+00:00,bytedance:7525350146466433287,2026-08-24T21:20:16+00:00,2025-07-10T07:25:02+00:00,运营,字节跳动招聘,实习,音乐内容创新实习生-音乐,https://jobs.bytedance.com/campus/position/7525350146466433287/detail,北京
产品,字节跳动,2026-08-24T18:43:44+00:00,bytedance:7525348347533068552,2026-08-24T21:20:16+00:00,2025-07-10T07:20:54+00:00,产品,字节跳动招聘,实习,AIGC商业产品实习生-国际化,https://jobs.bytedance.com/campus/position/7525348347533068552/detail,上海
运营,字节跳动,2026-08-24T18:43:44+00:00,bytedance:7525346651821852946,2026-08-24T21:20:16+00:00,2025-07-10T07:11:35+00:00,运营,字节跳动招聘,实习,商家内容运营实习生-TikTok Shop,https://jobs.bytedance.com/campus/position/7525346651821852946/detail,上海
战略,字节跳动,2026-08-24T18:43:44+00:00,bytedance:7525330681146460424,2026-08-24T21:20:16+00:00,2025-07-10T06:08:48+00:00,战略,字节跳动招聘,实习,战略分析实习生-集团信息系统,https://jobs.bytedance.com/campus/position/7525330681146460424/detail,上海
产品,字节跳动,2026-08-24T18:43:44+00:00,bytedance:7525291606438971655,2026-08-24T21:20:16+00:00,2025-07-10T03:34:53+00:00,产品经理,字节跳动招聘,实习,商业创意机构平台产品实习生-国际化,https://jobs.bytedance.com/campus/position/7525291606438971655/detail,北京
运营,字节跳动,2026-08-24T18:43:44+00:00,bytedance:7524956126233512200,2026-08-24T21:20:16+00:00,2025-07-09T06:03:45+00:00,运营,字节跳动招聘,实习,策略运营实习生（作者服务方向）-抖音,https://jobs.bytedance.com/campus/position/7524956126233512200/detail,上海
销售,字节跳动,2026-08-24T18:43:44+00:00,bytedance:7524705595146324232,2026-08-24T21:20:16+00:00,2025-07-08T13:56:14+00:00,销售运营,字节跳动招聘,实习,商业化销售运营实习生-飞书,https://jobs.bytedance.com/campus/position/7524705595146324232/detail,北京
产品,字节跳动,2026-08-24T18:43:44+00:00,bytedance:7524639056538913042,2026-08-24T21:20:16+00:00,2025-07-08T09:29:38+00:00,产品经理,字节跳动招聘,实习,模型训练产品实习生-AI数据与安全,https://jobs.bytedance.com/campus/position/7524639056538913042/detail,北京
职能,字节跳动,2026-08-24T18:43:44+00:00,bytedance:7524630131928353042,2026-08-24T21:20:16+00:00,2025-07-08T08:50:30+00:00,人力,字节跳动招聘,实习,招聘实习生-TikTok,https://jobs.bytedance.com/campus/position/7524630131928353042/detail,北京
产品,字节跳动,2026-08-24T18:43:44+00:00,bytedance:7524598148590618888,2026-08-24T21:20:16+00:00,2025-07-08T06:52:16+00:00,产品经理,字节跳动招聘,实习,大模型产品实习生-数据平台,https://jobs.bytedance.com/campus/position/7524598148590618888/detail,北京
产品,字节跳动,2026-08-24T18:43:44+00:00,bytedance:7524185440267815175,2026-08-24T21:20:16+00:00,2025-07-07T04:02:19+00:00,产品经理,字节跳动招聘,实习,产品实习生-国际化,https://jobs.bytedance.com/campus/position/7524185440267815175/detail,北京
用户研究,字节跳动,2026-08-24T18:43:44+00:00,bytedance:7523165171423168775,2026-08-24T21:20:16+00:00,2025-07-04T10:12:07+00:00,用户研究,字节跳动招聘,实习,用户研究实习生-经营办公室（用户研究）,https://jobs.bytedance.com/campus/position/7523165171423168775/detail,上海
商务,字节跳动,2026-08-24T18:43:44+00:00,bytedance:7523141177933154567,2026-08-24T21:20:16+00:00,2025-07-04T08:34:10+00:00,运营,字节跳动招聘,实习,PMO实习生-商业化,https://jobs.bytedance.com/campus/position/7523141177933154567/detail,北京
产品,字节跳动,2026-08-24T18:43:44+00:00,bytedance:7523068361303935239,2026-08-24T21:20:16+00:00,2025-07-04T03:51:53+00:00,产品,字节跳动招聘,实习,AIGC商业产品实习生-国际化,https://jobs.bytedance.com/campus/position/7523068361303935239/detail,上海
产品,字节跳动,2026-08-24T18:43:44+00:00,bytedance:7522694485680228615,2026-08-24T21:20:16+00:00,2025-07-03T03:40:28+00:00,产品,字节跳动招聘,实习,电商搜索用户产品实习生-抖音搜索,https://jobs.bytedance.com/campus/position/7522694485680228615/detail,上海
产品,字节跳动,2026-08-24T18:43:44+00:00,bytedance:7522423771311982866,2026-08-24T21:20:16+00:00,2025-07-02T10:13:53+00:00,产品经理,字节跳动招聘,实习,研发平台产品实习生-开发者服务,https://jobs.bytedance.com/campus/position/7522423771311982866/detail,北京
运营,字节跳动,2026-08-24T18:43:44+00:00,bytedance:7522416832344983815,2026-08-24T21:20:16+00:00,2025-07-02T09:48:08+00:00,运营,字节跳动招聘,实习,短视频策略运营实习生-TikTok Shop,https://jobs.bytedance.com/campus/position/7522416832344983815/detail,上海
商业分析,字节跳动,2026-08-24T18:43:44+00:00,bytedance:7522412967879805202,2026-08-24T21:20:16+00:00,2025-07-02T09:32:24+00:00,产品,字节跳动招聘,实习,数据分析实习生-Coze,https://jobs.bytedance.com/campus/position/7522412967879805202/detail,北京
产品,字节跳动,2026-08-24T18:43:44+00:00,bytedance:7522369992089569554,2026-08-24T21:20:16+00:00,2025-07-02T06:42:20+00:00,产品经理,字节跳动招聘,实习,策略产品实习生-TikTok Shop,https://jobs.bytedance.com/campus/position/7522369992089569554/detail,上海
运营,字节跳动,2026-08-24T18:43:44+00:00,bytedance:7522367018403629320,2026-08-24T21:20:16+00:00,2025-07-02T06:25:55+00:00,运营,字节跳动招聘,实习,GenAI全球产品运营实习生-国际化,https://jobs.bytedance.com/campus/position/7522367018403629320/detail,上海
运营,字节跳动,2026-08-24T18:43:44+00:00,bytedance:7522306468882139399,2026-08-24T21:20:16+00:00,2025-07-02T02:32:15+00:00,运营,字节跳动招聘,实习,用户运营实习生 - 抖音UGC,https://jobs.bytedance.com/campus/position/7522306468882139399/detail,北京
战略,字节跳动,2026-08-24T18:43:44+00:00,bytedance:7521960917241153810,2026-08-24T21:20:16+00:00,2025-07-01T04:14:52+00:00,运营,字节跳动招聘,实习,战略运营和分析实习生-商业化战略与运营,https://jobs.bytedance.com/campus/position/7521960917241153810/detail,北京
商业分析,字节跳动,2026-08-24T18:43:44+00:00,bytedance:7520138223361313042,2026-08-24T21:20:16+00:00,2025-06-26T06:20:22+00:00,产品运营,字节跳动招聘,实习,国际化短视频商业分析实习生-国际化广告创意与品牌,https://jobs.bytedance.com/campus/position/7520138223361313042/detail,北京
职能,字节跳动,2026-08-24T18:43:44+00:00,bytedance:7519780580550002951,2026-08-24T21:20:16+00:00,2025-06-25T07:10:44+00:00,人力,字节跳动招聘,实习,HRBP（组织文化）实习生 - 人力与管理部,https://jobs.bytedance.com/campus/position/7519780580550002951/detail,北京
运营,字节跳动,2026-08-24T18:43:44+00:00,bytedance:7519757111727786248,2026-08-24T21:20:16+00:00,2025-06-25T05:45:26+00:00,用户运营,字节跳动招聘,实习,UGC产品运营实习生-抖音,https://jobs.bytedance.com/campus/position/7519757111727786248/detail,上海
商务,字节跳动,2026-08-24T18:43:44+00:00,bytedance:7519386440826865927,2026-08-24T21:20:16+00:00,2025-06-24T05:48:48+00:00,产品经理,字节跳动招聘,实习,商业化产品经理实习生-国际商业化产品与技术,https://jobs.bytedance.com/campus/position/7519386440826865927/detail,上海
运营,字节跳动,2026-08-24T18:43:44+00:00,bytedance:7519042986559768839,2026-08-24T21:20:16+00:00,2025-06-23T07:28:10+00:00,产品运营,字节跳动招聘,实习,产品运营实习生-TikTok,https://jobs.bytedance.com/campus/position/7519042986559768839/detail,上海
产品,字节跳动,2026-08-24T18:43:44+00:00,bytedance:7519042269547841799,2026-08-24T21:20:16+00:00,2025-06-23T07:24:11+00:00,产品经理,字节跳动招聘,实习,产品经理实习生-国际化,https://jobs.bytedance.com/campus/position/7519042269547841799/detail,上海
市场,字节跳动,2026-08-24T18:43:44+00:00,bytedance:7517879576338123015,2026-08-24T21:20:16+00:00,2025-06-20T04:15:57+00:00,产品运营,字节跳动招聘,实习,达人营销产品运营实习生-国际化,https://jobs.bytedance.com/campus/position/7517879576338123015/detail,上海
运营,字节跳动,2026-08-24T18:43:44+00:00,bytedance:7517554482406820103,2026-08-24T21:20:16+00:00,2025-06-19T07:13:17+00:00,运营,字节跳动招聘,实习,FBT物流运营实习生-TikTok Shop,https://jobs.bytedance.com/campus/position/7517554482406820103/detail,珠海
产品,字节跳动,2026-08-24T18:43:44+00:00,bytedance:7517198452322502919,2026-08-24T21:20:16+00:00,2025-06-18T08:09:16+00:00,产品经理,字节跳动招聘,实习,商业创意机构平台产品经理实习生-国际化,https://jobs.bytedance.com/campus/position/7517198452322502919/detail,上海
产品,字节跳动,2026-08-24T18:43:44+00:00,bytedance:7516811772571355410,2026-08-24T21:20:16+00:00,2025-06-17T07:08:46+00:00,产品,字节跳动招聘,实习,AIGC商业产品经理实习生-国际化,https://jobs.bytedance.com/campus/position/7516811772571355410/detail,北京
产品,字节跳动,2026-08-24T18:43:44+00:00,bytedance:7516809943816325384,2026-08-24T21:20:16+00:00,2025-06-17T07:07:13+00:00,产品,字节跳动招聘,实习,AIGC商业产品经理实习生-国际化,https://jobs.bytedance.com/campus/position/7516809943816325384/detail,上海
产品,字节跳动,2026-08-24T18:43:44+00:00,bytedance:7516801780115982610,2026-08-24T21:20:16+00:00,2025-06-17T06:30:02+00:00,产品经理,字节跳动招聘,实习,AI产品经理实习生-国际化,https://jobs.bytedance.com/campus/position/7516801780115982610/detail,深圳
产品,字节跳动,2026-08-24T18:43:44+00:00,bytedance:7515015651502573831,2026-08-24T21:20:16+00:00,2025-06-12T11:02:37+00:00,产品,字节跳动招聘,实习,电商图像搜索用户产品实习生-抖音搜索,https://jobs.bytedance.com/campus/position/7515015651502573831/detail,杭州
运营,字节跳动,2026-08-24T18:43:44+00:00,bytedance:7514615631699085575,2026-08-24T21:20:16+00:00,2025-06-11T09:13:53+00:00,运营,字节跳动招聘,实习,数据运营实习生-业务中台,https://jobs.bytedance.com/campus/position/7514615631699085575/detail,上海
运营,字节跳动,2026-08-24T18:43:44+00:00,bytedance:7514615631698807047,2026-08-24T21:20:16+00:00,2025-06-11T09:13:33+00:00,运营,字节跳动招聘,实习,数据运营实习生-业务中台,https://jobs.bytedance.com/campus/position/7514615631698807047/detail,深圳
运营,字节跳动,2026-08-24T18:43:44+00:00,bytedance:7514314144716491016,2026-08-24T21:20:16+00:00,2025-06-10T13:37:20+00:00,运营,字节跳动招聘,实习,游戏作者策略实习生-抖音,https://jobs.bytedance.com/campus/position/7514314144716491016/detail,深圳
战略,字节跳动,2026-08-24T18:43:44+00:00,bytedance:7514193836136270098,2026-08-24T21:20:16+00:00,2025-06-10T05:52:23+00:00,运营,字节跳动招聘,实习,拉美战略运营实习生-商业化战略与运营,https://jobs.bytedance.com/campus/position/7514193836136270098/detail,上海
增长,字节跳动,2026-08-24T18:43:44+00:00,bytedance:7513826885906778386,2026-08-24T21:20:16+00:00,2025-06-09T06:08:31+00:00,运营,字节跳动招聘,实习,增长达人实习生-AI创新业务,https://jobs.bytedance.com/campus/position/7513826885906778386/detail,上海
商业分析,字节跳动,2026-08-24T18:43:44+00:00,bytedance:7513775416512334088,2026-08-24T21:20:16+00:00,2025-06-09T02:50:48+00:00,运营,字节跳动招聘,实习,AI数据产品运营实习生（数据分析方向）-国际化,https://jobs.bytedance.com/campus/position/7513775416512334088/detail,北京
战略,字节跳动,2026-08-24T18:43:44+00:00,bytedance:7512750417768581394,2026-08-24T21:20:16+00:00,2025-06-06T08:28:49+00:00,运营,字节跳动招聘,实习,战略运营实习生-商业化,https://jobs.bytedance.com/campus/position/7512750417768581394/detail,北京
运营,字节跳动,2026-08-24T18:43:44+00:00,bytedance:7512738224515729672,2026-08-24T21:20:16+00:00,2025-06-06T07:43:25+00:00,运营,字节跳动招聘,实习,商家运营（物流&供应链方向）实习生 - TikTok Shop,https://jobs.bytedance.com/campus/position/7512738224515729672/detail,深圳 | 杭州
设计,字节跳动,2026-08-24T18:43:44+00:00,bytedance:7512734192502753554,2026-08-24T21:20:16+00:00,2025-06-06T07:28:06+00:00,设计,字节跳动招聘,实习,产品设计实习生-TikTok设计,https://jobs.bytedance.com/campus/position/7512734192502753554/detail,北京
产品,字节跳动,2026-08-24T18:43:44+00:00,bytedance:7512297192963672327,2026-08-24T21:20:16+00:00,2025-06-05T03:17:10+00:00,产品,字节跳动招聘,实习,产品经理实习生-国际化,https://jobs.bytedance.com/campus/position/7512297192963672327/detail,深圳
战略,字节跳动,2026-08-24T18:43:44+00:00,bytedance:7511924450138605831,2026-08-24T21:20:16+00:00,2025-06-04T03:10:29+00:00,运营,字节跳动招聘,实习,战略运营和分析实习生-商业化战略与运营,https://jobs.bytedance.com/campus/position/7511924450138605831/detail,上海
市场,字节跳动,2026-08-24T18:43:44+00:00,bytedance:7511636115100993800,2026-08-24T21:20:16+00:00,2025-06-03T08:29:30+00:00,产品,字节跳动招聘,实习,商业产品实习生（品牌广告方向）-国际化广告业务,https://jobs.bytedance.com/campus/position/7511636115100993800/detail,北京
运营,字节跳动,2026-08-24T18:43:44+00:00,bytedance:7510069422167984402,2026-08-24T21:20:16+00:00,2025-05-30T03:05:21+00:00,运营,字节跳动招聘,实习,版权运营实习生-抖音,https://jobs.bytedance.com/campus/position/7510069422167984402/detail,北京
商业分析,字节跳动,2026-08-24T19:23:31+00:00,bytedance:7509380114653464850,2026-08-24T21:20:16+00:00,2025-05-28T06:33:09+00:00,数据分析,字节跳动招聘,实习,广告数据分析实习生-国际化,https://jobs.bytedance.com/campus/position/7509380114653464850/detail,上海
增长,字节跳动,2026-08-24T18:43:44+00:00,bytedance:7508658623145920776,2026-08-24T21:20:16+00:00,2025-05-26T07:52:45+00:00,运营,字节跳动招聘,实习,增长策略运营实习生-可颂,https://jobs.bytedance.com/campus/position/7508658623145920776/detail,北京
产品,字节跳动,2026-08-24T18:43:44+00:00,bytedance:7507531238103894280,2026-08-24T21:20:16+00:00,2025-05-23T07:07:34+00:00,产品经理,字节跳动招聘,实习,模型知识研究实习生-AI创新业务,https://jobs.bytedance.com/campus/position/7507531238103894280/detail,北京
运营,字节跳动,2026-08-24T18:43:44+00:00,bytedance:7507166517046659346,2026-08-24T21:20:16+00:00,2025-05-22T07:24:23+00:00,运营,字节跳动招聘,实习,Gen-AI运营实习生-剪映CapCut,https://jobs.bytedance.com/campus/position/7507166517046659346/detail,北京
产品,字节跳动,2026-08-24T18:43:44+00:00,bytedance:7506769589796374792,2026-08-24T21:20:16+00:00,2025-05-21T05:47:45+00:00,产品,字节跳动招聘,实习,产品实习生-Coze,https://jobs.bytedance.com/campus/position/7506769589796374792/detail,深圳
产品,字节跳动,2026-08-24T18:43:44+00:00,bytedance:7506465013847410951,2026-08-24T21:20:16+00:00,2025-05-20T10:06:52+00:00,产品经理,字节跳动招聘,实习,用户产品实习生-抖音效果与创作,https://jobs.bytedance.com/campus/position/7506465013847410951/detail,深圳
市场,字节跳动,2026-08-24T18:43:44+00:00,bytedance:7506422383516731666,2026-08-24T21:20:16+00:00,2025-05-20T07:15:54+00:00,产品,字节跳动招聘,实习,达人营销数据策略产品实习生-国际化,https://jobs.bytedance.com/campus/position/7506422383516731666/detail,上海
职能,字节跳动,2026-08-24T18:43:44+00:00,bytedance:7505995726847330567,2026-08-24T21:20:16+00:00,2025-05-19T03:44:02+00:00,人力,字节跳动招聘,实习,全球员工流动个税运营实习生-人力运营,https://jobs.bytedance.com/campus/position/7505995726847330567/detail,北京
运营,字节跳动,2026-08-24T18:43:44+00:00,bytedance:7504939225549195527,2026-08-24T21:20:16+00:00,2025-05-16T07:18:30+00:00,运营,字节跳动招聘,实习,新媒体运营实习生（扣子）-AI创新业务,https://jobs.bytedance.com/campus/position/7504939225549195527/detail,北京
市场,字节跳动,2026-08-24T18:43:44+00:00,bytedance:7504592716165105928,2026-08-24T21:20:16+00:00,2025-05-15T08:53:11+00:00,人力,字节跳动招聘,实习,雇主品牌新媒体运营实习生-雇主品牌,https://jobs.bytedance.com/campus/position/7504592716165105928/detail,上海
运营,字节跳动,2026-08-24T18:43:44+00:00,bytedance:7504155064324983047,2026-08-24T21:20:16+00:00,2025-05-14T04:41:35+00:00,运营,字节跳动招聘,实习,技术运营实习生-AI数据与安全,https://jobs.bytedance.com/campus/position/7504155064324983047/detail,北京
商业分析,字节跳动,2026-08-24T18:43:44+00:00,bytedance:7504137460013385991,2026-08-24T21:20:16+00:00,2025-05-14T03:30:24+00:00,财务,字节跳动招聘,实习,数据分析实习生,https://jobs.bytedance.com/campus/position/7504137460013385991/detail,上海
运营,字节跳动,2026-08-24T18:43:44+00:00,bytedance:7503751257418352914,2026-08-24T21:20:16+00:00,2025-05-13T02:32:56+00:00,运营,字节跳动招聘,实习,AI数据服务平台产品运营实习生-国际化,https://jobs.bytedance.com/campus/position/7503751257418352914/detail,上海
运营,字节跳动,2026-08-24T18:43:44+00:00,bytedance:7503493017303845138,2026-08-24T21:20:16+00:00,2025-05-12T09:51:25+00:00,产品运营,字节跳动招聘,实习,产品运营实习生（职人方向）-抖音生活服务,https://jobs.bytedance.com/campus/position/7503493017303845138/detail,北京
职能,字节跳动,2026-08-24T18:43:44+00:00,bytedance:7503456499063687431,2026-08-24T21:20:16+00:00,2025-05-12T07:34:19+00:00,人力,字节跳动招聘,实习,招聘实习生-Data,https://jobs.bytedance.com/campus/position/7503456499063687431/detail,北京
运营,字节跳动,2026-08-24T18:43:44+00:00,bytedance:7503414486646343944,2026-08-24T21:20:16+00:00,2025-05-12T05:07:56+00:00,产品运营,字节跳动招聘,实习,产品运营实习生（流量运营方向）-抖音生活服务,https://jobs.bytedance.com/campus/position/7503414486646343944/detail,上海
运营,字节跳动,2026-08-24T18:43:44+00:00,bytedance:7502370615697950983,2026-08-24T21:20:16+00:00,2025-05-09T09:13:28+00:00,产品运营,字节跳动招聘,实习,评价运营实习生-抖音生活服务,https://jobs.bytedance.com/campus/position/7502370615697950983/detail,上海
运营,字节跳动,2026-08-24T18:43:44+00:00,bytedance:7502259319753656584,2026-08-24T21:20:16+00:00,2025-05-09T02:06:47+00:00,运营,字节跳动招聘,实习,PGC产品运营实习生-国际化短视频,https://jobs.bytedance.com/campus/position/7502259319753656584/detail,北京
市场,字节跳动,2026-08-24T18:43:44+00:00,bytedance:7501986708851689736,2026-08-24T21:20:16+00:00,2025-05-08T08:27:23+00:00,产品运营,字节跳动招聘,实习,商业化产品运营实习生（品牌创新玩法）-国际化,https://jobs.bytedance.com/campus/position/7501986708851689736/detail,上海
职能,字节跳动,2026-08-24T18:43:44+00:00,bytedance:7501985308952496402,2026-08-24T21:20:16+00:00,2025-05-08T08:14:42+00:00,人力,字节跳动招聘,实习,招聘实习生-GBS,https://jobs.bytedance.com/campus/position/7501985308952496402/detail,北京
产品,字节跳动,2026-08-24T18:43:44+00:00,bytedance:7498684367750301960,2026-08-24T21:20:16+00:00,2025-04-29T10:58:04+00:00,产品经理,字节跳动招聘,实习,AI策略产品实习生-AI创新业务,https://jobs.bytedance.com/campus/position/7498684367750301960/detail,上海
产品,字节跳动,2026-08-24T18:43:44+00:00,bytedance:7498564389981964562,2026-08-24T21:20:16+00:00,2025-04-29T03:05:58+00:00,产品,字节跳动招聘,实习,推荐中台产品实习生-Data-抖音/直播/电商/剪映,https://jobs.bytedance.com/campus/position/7498564389981964562/detail,北京
产品,字节跳动,2026-08-24T18:43:44+00:00,bytedance:7498320552189380882,2026-08-24T21:20:16+00:00,2025-04-28T11:24:02+00:00,产品,字节跳动招聘,实习,AIGC商业产品经理实习生-国际化,https://jobs.bytedance.com/campus/position/7498320552189380882/detail,上海
产品,字节跳动,2026-08-24T18:43:44+00:00,bytedance:7498265826508720392,2026-08-24T21:20:16+00:00,2025-04-28T07:42:01+00:00,产品,字节跳动招聘,实习,产品经理实习生（创作者方向）-国际化,https://jobs.bytedance.com/campus/position/7498265826508720392/detail,上海
职能,字节跳动,2026-08-24T18:43:44+00:00,bytedance:7498255061896153362,2026-08-24T21:20:16+00:00,2025-04-28T07:09:13+00:00,人力,字节跳动招聘,实习,招聘实习生-广告,https://jobs.bytedance.com/campus/position/7498255061896153362/detail,北京
运营,字节跳动,2026-08-24T18:43:44+00:00,bytedance:7497880579565603080,2026-08-24T21:20:16+00:00,2025-04-27T06:46:33+00:00,产品运营,字节跳动招聘,实习,搜索广告产品运营实习生-国际化,https://jobs.bytedance.com/campus/position/7497880579565603080/detail,上海
产品,字节跳动,2026-08-24T18:43:44+00:00,bytedance:7497166212713351432,2026-08-24T21:20:16+00:00,2025-04-25T08:37:29+00:00,产品,字节跳动招聘,实习,AIGC商业产品实习生-国际化,https://jobs.bytedance.com/campus/position/7497166212713351432/detail,上海
职能,字节跳动,2026-08-24T18:43:44+00:00,bytedance:7496802446472841490,2026-08-24T21:20:16+00:00,2025-04-24T09:08:38+00:00,人力,字节跳动招聘,实习,HRBP实习生-Data,https://jobs.bytedance.com/campus/position/7496802446472841490/detail,北京
职能,字节跳动,2026-08-24T18:43:44+00:00,bytedance:7496763721072249096,2026-08-24T21:20:16+00:00,2025-04-24T06:34:42+00:00,人力,字节跳动招聘,实习,HR实习生（日语）-飞书,https://jobs.bytedance.com/campus/position/7496763721072249096/detail,上海
运营,字节跳动,2026-08-24T18:43:44+00:00,bytedance:7496702488335665415,2026-08-24T21:20:16+00:00,2025-04-24T02:41:37+00:00,运营,字节跳动招聘,实习,日语内容策略运营实习生-国际化内容社区,https://jobs.bytedance.com/campus/position/7496702488335665415/detail,上海
商务,字节跳动,2026-08-24T18:43:44+00:00,bytedance:7496337995189422343,2026-08-24T21:20:16+00:00,2025-04-23T03:02:34+00:00,运营,字节跳动招聘,实习,政策分析与质量优化实习生（商业化风控方向）-商业化安全,https://jobs.bytedance.com/campus/position/7496337995189422343/detail,上海
职能,字节跳动,2026-08-24T18:43:44+00:00,bytedance:7496108303908768008,2026-08-24T21:20:16+00:00,2025-04-22T12:23:23+00:00,人力,字节跳动招聘,实习,招聘实习生-广告,https://jobs.bytedance.com/campus/position/7496108303908768008/detail,上海
运营,字节跳动,2026-08-24T18:43:44+00:00,bytedance:7496016469362002184,2026-08-24T21:20:16+00:00,2025-04-22T06:14:27+00:00,运营,字节跳动招聘,实习,国际化产品运营实习生-国际化内容社区,https://jobs.bytedance.com/campus/position/7496016469362002184/detail,北京
产品,字节跳动,2026-08-24T18:43:44+00:00,bytedance:7495605885067249938,2026-08-24T21:20:16+00:00,2025-04-21T03:40:59+00:00,商业产品（广告）,字节跳动招聘,实习,社交工具行业产品实习生-广告业务,https://jobs.bytedance.com/campus/position/7495605885067249938/detail,北京
市场,字节跳动,2026-08-24T18:43:44+00:00,bytedance:7494206704931670290,2026-08-24T21:20:16+00:00,2025-04-17T09:15:37+00:00,产品运营,字节跳动招聘,实习,品牌种草广告产品运营实习生-国际化,https://jobs.bytedance.com/campus/position/7494206704931670290/detail,上海
设计,字节跳动,2026-08-24T18:43:44+00:00,bytedance:7494129745438542098,2026-08-24T21:20:16+00:00,2025-04-17T04:15:15+00:00,商业运营,字节跳动招聘,实习,设计实习生 - 抖音生活服务,https://jobs.bytedance.com/campus/position/7494129745438542098/detail,上海
商务,字节跳动,2026-08-24T18:43:44+00:00,bytedance:7493471022236371208,2026-08-24T21:20:16+00:00,2025-04-15T09:40:33+00:00,运营,字节跳动招聘,实习,广告主体验运营实习生-商业化安全,https://jobs.bytedance.com/campus/position/7493471022236371208/detail,北京
商务,字节跳动,2026-08-24T18:43:44+00:00,bytedance:7493435553246824711,2026-08-24T21:20:16+00:00,2025-04-15T07:18:39+00:00,运营,字节跳动招聘,实习,中国出海广告主体验运营实习生-商业化安全,https://jobs.bytedance.com/campus/position/7493435553246824711/detail,北京
运营,字节跳动,2026-08-24T18:43:44+00:00,bytedance:7493413034084731144,2026-08-24T21:20:16+00:00,2025-04-15T05:49:45+00:00,产品运营,字节跳动招聘,实习,管理咨询实习生-飞书,https://jobs.bytedance.com/campus/position/7493413034084731144/detail,北京
增长,字节跳动,2026-08-24T18:43:44+00:00,bytedance:7493233890641103122,2026-08-24T21:20:16+00:00,2025-04-14T18:42:19+00:00,商业运营,字节跳动招聘,实习,增长运营实习生-飞书,https://jobs.bytedance.com/campus/position/7493233890641103122/detail,深圳
增长,字节跳动,2026-08-24T18:43:44+00:00,bytedance:7493235849631566098,2026-08-24T21:20:16+00:00,2025-04-14T18:34:19+00:00,商业运营,字节跳动招聘,实习,增长策略实习生-飞书,https://jobs.bytedance.com/campus/position/7493235849631566098/detail,北京
运营,字节跳动,2026-08-24T18:43:44+00:00,bytedance:7493104920150804754,2026-08-24T21:20:16+00:00,2025-04-14T09:57:49+00:00,运营,字节跳动招聘,实习,用户体验运营实习生（日语）-国际化内容社区,https://jobs.bytedance.com/campus/position/7493104920150804754/detail,北京
产品,字节跳动,2026-08-24T18:43:44+00:00,bytedance:7491577778179377426,2026-08-24T21:20:16+00:00,2025-04-10T07:12:04+00:00,产品,字节跳动招聘,实习,策略产品经理实习生-抖音效果与创作,https://jobs.bytedance.com/campus/position/7491577778179377426/detail,北京
项目管理,字节跳动,2026-08-24T18:43:44+00:00,bytedance:7491506288356296968,2026-08-24T21:20:16+00:00,2025-04-10T02:41:49+00:00,产品运营,字节跳动招聘,实习,项目管理实习生-国际化,https://jobs.bytedance.com/campus/position/7491506288356296968/detail,上海
运营,字节跳动,2026-08-24T18:43:44+00:00,bytedance:7491339900316338440,2026-08-24T21:20:16+00:00,2025-04-09T15:45:35+00:00,商业运营,字节跳动招聘,实习,榜单传播运营实习生-抖音生活服务,https://jobs.bytedance.com/campus/position/7491339900316338440/detail,北京
职能,字节跳动,2026-08-24T18:43:44+00:00,bytedance:7491230140967782664,2026-08-24T21:20:16+00:00,2025-04-09T08:39:26+00:00,人力,字节跳动招聘,实习,HRBP实习生-电商,https://jobs.bytedance.com/campus/position/7491230140967782664/detail,上海
市场,字节跳动,2026-08-24T18:43:44+00:00,bytedance:7490944627030296850,2026-08-24T21:20:16+00:00,2025-04-08T14:24:55+00:00,产品,字节跳动招聘,实习,达人营销产品实习生-国际化,https://jobs.bytedance.com/campus/position/7490944627030296850/detail,上海
产品,字节跳动,2026-08-24T18:43:44+00:00,bytedance:7490917602769045768,2026-08-24T21:20:16+00:00,2025-04-08T12:44:45+00:00,产品,字节跳动招聘,实习,产品实习生-广告业务,https://jobs.bytedance.com/campus/position/7490917602769045768/detail,上海
运营,字节跳动,2026-08-24T18:43:44+00:00,bytedance:7490837512571652370,2026-08-24T21:20:16+00:00,2025-04-08T07:19:35+00:00,运营,字节跳动招聘,实习,商家治理研判实习生（AI方向）-国际电商,https://jobs.bytedance.com/campus/position/7490837512571652370/detail,上海
产品,字节跳动,2026-08-24T18:43:44+00:00,bytedance:7490768676452452616,2026-08-24T21:20:16+00:00,2025-04-08T02:49:36+00:00,运营,字节跳动招聘,实习,推荐策略产品实习生（体育方向）-国际化短视频,https://jobs.bytedance.com/campus/position/7490768676452452616/detail,上海
职能,字节跳动,2026-08-24T18:43:44+00:00,bytedance:7490419388375910663,2026-08-24T21:20:16+00:00,2025-04-07T04:16:11+00:00,人力,字节跳动招聘,实习,HRBP实习生-电商,https://jobs.bytedance.com/campus/position/7490419388375910663/detail,上海
职能,字节跳动,2026-08-24T18:43:44+00:00,bytedance:7489016754136713480,2026-08-24T21:20:16+00:00,2025-04-03T09:35:31+00:00,人力,字节跳动招聘,实习,招聘实习生-PICO,https://jobs.bytedance.com/campus/position/7489016754136713480/detail,上海
运营,字节跳动,2026-08-24T18:43:44+00:00,bytedance:7488975261209266450,2026-08-24T21:20:16+00:00,2025-04-03T06:55:44+00:00,运营,字节跳动招聘,实习,直播公会运营实习生-TikTok直播,https://jobs.bytedance.com/campus/position/7488975261209266450/detail,上海
产品,字节跳动,2026-08-24T18:43:44+00:00,bytedance:7488910961756768519,2026-08-24T21:20:16+00:00,2025-04-03T02:44:20+00:00,产品,字节跳动招聘,实习,具身智能产品实习生（豆包大模型） - 火山方舟,https://jobs.bytedance.com/campus/position/7488910961756768519/detail,上海
产品,字节跳动,2026-08-24T18:43:44+00:00,bytedance:7488635578122520850,2026-08-24T21:20:16+00:00,2025-04-02T08:54:47+00:00,游戏策划,字节跳动招聘,实习,游戏策划实习生-ZERO36工作室,https://jobs.bytedance.com/campus/position/7488635578122520850/detail,上海
职能,字节跳动,2026-08-24T18:43:44+00:00,bytedance:7488281087124130056,2026-08-24T21:20:16+00:00,2025-04-01T10:05:02+00:00,人力,字节跳动招聘,实习,HR实习生-校园招聘,https://jobs.bytedance.com/campus/position/7488281087124130056/detail,上海
运营,字节跳动,2026-08-24T18:43:44+00:00,bytedance:7485732137263597831,2026-08-24T21:20:16+00:00,2025-03-25T13:14:54+00:00,运营,字节跳动招聘,实习,大模型应用实习生（搜索）-内容质量与数据服务平台,https://jobs.bytedance.com/campus/position/7485732137263597831/detail,北京
运营,字节跳动,2026-08-24T18:43:44+00:00,bytedance:7485696336361539858,2026-08-24T21:20:16+00:00,2025-03-25T10:51:55+00:00,运营,字节跳动招聘,实习,策略运营实习生-国际化内容社区,https://jobs.bytedance.com/campus/position/7485696336361539858/detail,上海
职能,字节跳动,2026-08-24T18:43:44+00:00,bytedance:7485624426744252679,2026-08-24T21:20:16+00:00,2025-03-25T06:13:10+00:00,人力,字节跳动招聘,实习,校招实习生-中国招聘中心,https://jobs.bytedance.com/campus/position/7485624426744252679/detail,上海
运营,字节跳动,2026-08-24T18:43:44+00:00,bytedance:7485309393988438280,2026-08-24T21:20:16+00:00,2025-03-24T09:47:30+00:00,运营,字节跳动招聘,实习,海外创作者运营实习生（即梦AI）-剪映CapCut,https://jobs.bytedance.com/campus/position/7485309393988438280/detail,深圳
市场,字节跳动,2026-08-24T18:43:44+00:00,bytedance:7485296242769299730,2026-08-24T21:20:16+00:00,2025-03-24T08:59:36+00:00,市场,字节跳动招聘,实习,产品营销实习生-飞书商业化,https://jobs.bytedance.com/campus/position/7485296242769299730/detail,上海
设计,字节跳动,2026-08-24T18:43:44+00:00,bytedance:7484980482020444423,2026-08-24T21:20:16+00:00,2025-03-23T13:11:59+00:00,运营,字节跳动招聘,实习,视觉理解大模型评估实习生-AI数据与安全,https://jobs.bytedance.com/campus/position/7484980482020444423/detail,北京
职能,字节跳动,2026-08-24T18:43:44+00:00,bytedance:7484200759975741704,2026-08-24T21:20:16+00:00,2025-03-21T10:09:46+00:00,人力,字节跳动招聘,实习,HRBP实习生-电商,https://jobs.bytedance.com/campus/position/7484200759975741704/detail,上海
运营,字节跳动,2026-08-24T18:43:44+00:00,bytedance:7484169012734986503,2026-08-24T21:20:16+00:00,2025-03-21T08:00:49+00:00,商业运营,字节跳动招聘,实习,酒店行业运营实习生-抖音生活服务,https://jobs.bytedance.com/campus/position/7484169012734986503/detail,北京
运营,字节跳动,2026-08-24T18:43:44+00:00,bytedance:7483339554792196370,2026-08-24T21:20:16+00:00,2025-03-19T02:24:32+00:00,运营,字节跳动招聘,实习,治理运营实习生-TikTok-Local Services,https://jobs.bytedance.com/campus/position/7483339554792196370/detail,上海
市场,字节跳动,2026-08-24T18:43:44+00:00,bytedance:7483114204313389319,2026-08-24T21:20:16+00:00,2025-03-18T11:48:33+00:00,市场,字节跳动招聘,实习,产品营销实习生-飞书商业化,https://jobs.bytedance.com/campus/position/7483114204313389319/detail,上海
产品,字节跳动,2026-08-24T18:43:44+00:00,bytedance:7483049462794012935,2026-08-24T21:20:16+00:00,2025-03-18T07:34:35+00:00,产品,字节跳动招聘,实习,LLM推荐策略（图文方向）产品实习生-TikTok,https://jobs.bytedance.com/campus/position/7483049462794012935/detail,上海
产品,字节跳动,2026-08-24T18:43:44+00:00,bytedance:7483046580930005266,2026-08-24T21:20:16+00:00,2025-03-18T07:25:15+00:00,产品,字节跳动招聘,实习,搜索产品实习生-TikTok,https://jobs.bytedance.com/campus/position/7483046580930005266/detail,北京
项目管理,字节跳动,2026-08-24T18:43:44+00:00,bytedance:7483035239658096903,2026-08-24T21:20:16+00:00,2025-03-18T06:41:07+00:00,运营,字节跳动招聘,实习,项目管理实习生-数据平台,https://jobs.bytedance.com/campus/position/7483035239658096903/detail,北京
产品,字节跳动,2026-08-24T18:43:44+00:00,bytedance:7482988024038607112,2026-08-24T21:20:16+00:00,2025-03-18T03:42:35+00:00,产品,字节跳动招聘,实习,内容生态平台产品实习生-TikTok,https://jobs.bytedance.com/campus/position/7482988024038607112/detail,北京
市场,字节跳动,2026-08-24T18:43:44+00:00,bytedance:7482686951993461010,2026-08-24T21:20:16+00:00,2025-03-17T08:07:46+00:00,人力,字节跳动招聘,实习,雇主品牌传播实习生-雇主品牌,https://jobs.bytedance.com/campus/position/7482686951993461010/detail,北京
运营,字节跳动,2026-08-24T18:43:44+00:00,bytedance:7482637741537184007,2026-08-24T21:20:16+00:00,2025-03-17T04:59:24+00:00,运营,字节跳动招聘,实习,内容生态策略运营实习生-国际化内容社区,https://jobs.bytedance.com/campus/position/7482637741537184007/detail,上海
职能,字节跳动,2026-08-24T18:43:44+00:00,bytedance:7481239320326588680,2026-08-24T21:20:16+00:00,2025-03-13T10:40:38+00:00,战略,字节跳动招聘,实习,智能招聘分析实习生-豆包大模型,https://jobs.bytedance.com/campus/position/7481239320326588680/detail,北京
运营,字节跳动,2026-08-24T18:43:44+00:00,bytedance:7480899704394451207,2026-08-24T21:20:16+00:00,2025-03-12T12:34:38+00:00,运营,字节跳动招聘,实习,服务商机构运营实习生-TikTok-Local Services,https://jobs.bytedance.com/campus/position/7480899704394451207/detail,北京
运营,字节跳动,2026-08-24T18:43:44+00:00,bytedance:7480851804759263495,2026-08-24T21:20:16+00:00,2025-03-12T09:26:42+00:00,用户运营,字节跳动招聘,实习,产品运营实习生-开发者服务,https://jobs.bytedance.com/campus/position/7480851804759263495/detail,北京
商务,字节跳动,2026-08-24T18:43:44+00:00,bytedance:7480838640270543122,2026-08-24T21:20:16+00:00,2025-03-12T08:43:29+00:00,运营,字节跳动招聘,实习,企业效能咨询实习生-飞书商业化,https://jobs.bytedance.com/campus/position/7480838640270543122/detail,上海
职能,字节跳动,2026-08-24T18:43:44+00:00,bytedance:7480081817573460232,2026-08-24T21:20:16+00:00,2025-03-10T07:43:15+00:00,人力,字节跳动招聘,实习,招聘实习生-TikTok Shop,https://jobs.bytedance.com/campus/position/7480081817573460232/detail,广州
运营,字节跳动,2026-08-24T18:43:44+00:00,bytedance:7478957090946844936,2026-08-24T21:20:16+00:00,2025-03-07T06:55:50+00:00,运营,字节跳动招聘,实习,日本内容生态策略运营实习生-国际化内容社区,https://jobs.bytedance.com/campus/position/7478957090946844936/detail,北京
运营,字节跳动,2026-08-24T18:43:44+00:00,bytedance:7478338212122937608,2026-08-24T21:20:16+00:00,2025-03-05T14:52:41+00:00,产品运营,字节跳动招聘,实习,产品运营实习生-国际化,https://jobs.bytedance.com/campus/position/7478338212122937608/detail,上海
商业分析,字节跳动,2026-08-24T19:23:31+00:00,bytedance:7478250407183419656,2026-08-24T21:20:16+00:00,2025-03-05T09:11:23+00:00,数据分析,字节跳动招聘,实习,数据分析实习生-抖音搜索,https://jobs.bytedance.com/campus/position/7478250407183419656/detail,上海
运营,字节跳动,2026-08-24T18:43:44+00:00,bytedance:7478233840236349704,2026-08-24T21:20:16+00:00,2025-03-05T08:11:22+00:00,运营,字节跳动招聘,实习,AI数据工程实习生 - AI数据与安全,https://jobs.bytedance.com/campus/position/7478233840236349704/detail,北京
运营,字节跳动,2026-08-24T18:43:44+00:00,bytedance:7478196331363191058,2026-08-24T21:20:16+00:00,2025-03-05T05:54:08+00:00,运营,字节跳动招聘,实习,内容生态产品运营实习生-TikTok,https://jobs.bytedance.com/campus/position/7478196331363191058/detail,北京
市场,字节跳动,2026-08-24T18:43:44+00:00,bytedance:7477846104483449106,2026-08-24T21:20:16+00:00,2025-03-04T07:05:13+00:00,市场,字节跳动招聘,实习,市场营销实习生-飞书商业化,https://jobs.bytedance.com/campus/position/7477846104483449106/detail,深圳
商业分析,字节跳动,2026-08-24T18:43:44+00:00,bytedance:7477582636400118023,2026-08-24T21:20:16+00:00,2025-03-03T14:02:03+00:00,数据分析,字节跳动招聘,实习,数据分析实习生-销售运营管理平台,https://jobs.bytedance.com/campus/position/7477582636400118023/detail,上海
运营,字节跳动,2026-08-24T18:43:44+00:00,bytedance:7477496796953741575,2026-08-24T21:20:16+00:00,2025-03-03T08:33:02+00:00,运营,字节跳动招聘,实习,内容生态策略实习生-TikTok,https://jobs.bytedance.com/campus/position/7477496796953741575/detail,上海
设计,字节跳动,2026-08-24T18:43:44+00:00,bytedance:7477424395557325064,2026-08-24T21:20:16+00:00,2025-03-03T03:45:53+00:00,设计,字节跳动招聘,实习,交互设计实习生-Flow,https://jobs.bytedance.com/campus/position/7477424395557325064/detail,上海
商务,字节跳动,2026-08-24T18:43:44+00:00,bytedance:7476001475514108178,2026-08-24T21:20:16+00:00,2025-02-27T07:48:25+00:00,运营,字节跳动招聘,实习,国际化广告运营实习生-商业化,https://jobs.bytedance.com/campus/position/7476001475514108178/detail,上海
运营,字节跳动,2026-08-24T18:43:44+00:00,bytedance:7475939386573179154,2026-08-24T21:20:16+00:00,2025-02-27T03:46:59+00:00,产品运营,字节跳动招聘,实习,火山方舟&MLP技术文档实习生-Data AML,https://jobs.bytedance.com/campus/position/7475939386573179154/detail,北京
运营,字节跳动,2026-08-24T18:43:44+00:00,bytedance:7475629760032688392,2026-08-24T21:20:16+00:00,2025-02-26T07:42:39+00:00,商业运营,字节跳动招聘,实习,用户策略运营实习生-飞书,https://jobs.bytedance.com/campus/position/7475629760032688392/detail,北京
市场,字节跳动,2026-08-24T18:43:44+00:00,bytedance:7475625924534520082,2026-08-24T21:20:16+00:00,2025-02-26T07:38:46+00:00,营销策划,字节跳动招聘,实习,产品营销实习生-飞书,https://jobs.bytedance.com/campus/position/7475625924534520082/detail,上海
运营,字节跳动,2026-08-24T18:43:44+00:00,bytedance:7475569652892092690,2026-08-24T21:20:16+00:00,2025-02-26T03:52:40+00:00,商业运营,字节跳动招聘,实习,培训实习生 - 抖音生活服务,https://jobs.bytedance.com/campus/position/7475569652892092690/detail,上海
运营,字节跳动,2026-08-24T18:43:44+00:00,bytedance:7475277819054197000,2026-08-24T21:20:16+00:00,2025-02-25T08:56:06+00:00,产品运营,字节跳动招聘,实习,隐私安全运营实习生-AI创新业务,https://jobs.bytedance.com/campus/position/7475277819054197000/detail,北京
职能,字节跳动,2026-08-24T18:43:44+00:00,bytedance:7474979167932254472,2026-08-24T21:20:16+00:00,2025-02-24T13:42:04+00:00,人力,字节跳动招聘,实习,招聘实习生-研发中台,https://jobs.bytedance.com/campus/position/7474979167932254472/detail,北京
职能,字节跳动,2026-08-24T18:43:44+00:00,bytedance:7474926397820782855,2026-08-24T21:20:16+00:00,2025-02-24T10:23:22+00:00,人力,字节跳动招聘,实习,HR文化活动运营实习生 - TikTok Shop,https://jobs.bytedance.com/campus/position/7474926397820782855/detail,深圳
商业分析,字节跳动,2026-08-24T18:43:44+00:00,bytedance:7474926396613118226,2026-08-24T21:20:16+00:00,2025-02-24T10:14:54+00:00,战略,字节跳动招聘,实习,经营分析实习生-国际化音乐,https://jobs.bytedance.com/campus/position/7474926396613118226/detail,上海
商务,字节跳动,2026-08-24T18:43:44+00:00,bytedance:7473338342776867079,2026-08-24T21:20:16+00:00,2025-02-20T03:30:05+00:00,运营,字节跳动招聘,实习,培训实习生-商业化安全,https://jobs.bytedance.com/campus/position/7473338342776867079/detail,北京
产品,字节跳动,2026-08-24T18:43:44+00:00,bytedance:7473093645131581714,2026-08-24T21:20:16+00:00,2025-02-19T11:42:47+00:00,产品,字节跳动招聘,实习,内容生态策略产品经理实习生-TikTok,https://jobs.bytedance.com/campus/position/7473093645131581714/detail,北京
产品,字节跳动,2026-08-24T18:43:44+00:00,bytedance:7473092191083645191,2026-08-24T21:20:16+00:00,2025-02-19T11:42:02+00:00,产品,字节跳动招聘,实习,内容生态策略产品经理实习生-TikTok,https://jobs.bytedance.com/campus/position/7473092191083645191/detail,上海
产品,字节跳动,2026-08-24T18:43:44+00:00,bytedance:7472725197578668306,2026-08-24T21:20:16+00:00,2025-02-18T11:56:02+00:00,游戏策划,字节跳动招聘,实习,游戏玩法策划（生活模拟游戏）实习生 - Atom,https://jobs.bytedance.com/campus/position/7472725197578668306/detail,杭州
产品,字节跳动,2026-08-24T18:43:44+00:00,bytedance:7472624180313114898,2026-08-24T21:20:16+00:00,2025-02-18T05:30:28+00:00,产品经理,字节跳动招聘,实习,豆包大模型AI产品实习生-Data AML,https://jobs.bytedance.com/campus/position/7472624180313114898/detail,上海
产品,字节跳动,2026-08-24T18:43:44+00:00,bytedance:7472257605584800018,2026-08-24T21:20:16+00:00,2025-02-17T05:45:47+00:00,产品,字节跳动招聘,实习,商业产品（本地行业）实习生-抖音生活服务,https://jobs.bytedance.com/campus/position/7472257605584800018/detail,北京
设计,字节跳动,2026-08-24T18:43:44+00:00,bytedance:7472227164983003410,2026-08-24T21:20:16+00:00,2025-02-17T03:52:47+00:00,交互设计,字节跳动招聘,实习,产品设计实习生-AI创新业务,https://jobs.bytedance.com/campus/position/7472227164983003410/detail,上海
职能,字节跳动,2026-08-24T18:43:44+00:00,bytedance:7472227164982774034,2026-08-24T21:20:16+00:00,2025-02-17T03:52:13+00:00,职能 / 支持,字节跳动招聘,实习,法务实习生（国际电商方向）,https://jobs.bytedance.com/campus/position/7472227164982774034/detail,上海
商务,字节跳动,2026-08-24T18:43:44+00:00,bytedance:7471177501083977991,2026-08-24T21:20:16+00:00,2025-02-14T07:45:36+00:00,运营,字节跳动招聘,实习,商务产品运营实习生-Pangle,https://jobs.bytedance.com/campus/position/7471177501083977991/detail,深圳
运营,字节跳动,2026-08-24T18:43:44+00:00,bytedance:7470894524367522066,2026-08-24T21:20:16+00:00,2025-02-13T13:28:46+00:00,产品运营,字节跳动招聘,实习,语言学实习生-Data语音,https://jobs.bytedance.com/campus/position/7470894524367522066/detail,北京
市场,字节跳动,2026-08-24T18:43:44+00:00,bytedance:7470829679764850952,2026-08-24T21:20:16+00:00,2025-02-13T09:15:03+00:00,人力,字节跳动招聘,实习,雇主品牌（大模型技术品牌方向）实习生-雇主品牌,https://jobs.bytedance.com/campus/position/7470829679764850952/detail,北京
职能,字节跳动,2026-08-24T18:43:44+00:00,bytedance:7470076774611028232,2026-08-24T21:20:16+00:00,2025-02-11T08:33:12+00:00,人力,字节跳动招聘,实习,HRBP实习生-抖音电商,https://jobs.bytedance.com/campus/position/7470076774611028232/detail,上海
产品,字节跳动,2026-08-24T18:43:44+00:00,bytedance:7469683066203261202,2026-08-24T21:20:16+00:00,2025-02-10T07:08:46+00:00,产品,字节跳动招聘,实习,AI产品实习生（效果方向）-AI创新业务,https://jobs.bytedance.com/campus/position/7469683066203261202/detail,上海
运营,字节跳动,2026-08-24T18:43:44+00:00,bytedance:7468921523383748871,2026-08-24T21:20:16+00:00,2025-02-08T06:01:36+00:00,运营,字节跳动招聘,实习,国际化产品运营实习生（日语）-国际化内容社区,https://jobs.bytedance.com/campus/position/7468921523383748871/detail,北京
职能,字节跳动,2026-08-24T18:43:44+00:00,bytedance:7468575644801108232,2026-08-24T21:20:16+00:00,2025-02-07T07:36:30+00:00,人力,字节跳动招聘,实习,校招实习生-中国招聘中心,https://jobs.bytedance.com/campus/position/7468575644801108232/detail,北京
商业分析,字节跳动,2026-08-24T18:43:44+00:00,bytedance:7468552942427228423,2026-08-24T21:20:16+00:00,2025-02-07T06:09:37+00:00,运营,字节跳动招聘,实习,商业分析行业策略实习生-广告业务,https://jobs.bytedance.com/campus/position/7468552942427228423/detail,北京
运营,字节跳动,2026-08-24T18:43:44+00:00,bytedance:7467833107430983943,2026-08-24T21:20:16+00:00,2025-02-05T07:38:42+00:00,内容运营,字节跳动招聘,实习,外语运营实习生-国际化短视频,https://jobs.bytedance.com/campus/position/7467833107430983943/detail,上海
职能,字节跳动,2026-08-24T18:43:44+00:00,bytedance:7462283716334586120,2026-08-24T21:20:16+00:00,2025-01-21T08:40:00+00:00,人力,字节跳动招聘,实习,校招实习生-中国招聘中心,https://jobs.bytedance.com/campus/position/7462283716334586120/detail,杭州
运营,字节跳动,2026-08-24T18:43:44+00:00,bytedance:7461859845718739207,2026-08-24T21:20:16+00:00,2025-01-20T05:30:20+00:00,运营,字节跳动招聘,实习,音乐内容创新实习生 - 抖音音乐,https://jobs.bytedance.com/campus/position/7461859845718739207/detail,上海
职能,字节跳动,2026-08-24T18:43:44+00:00,bytedance:7460737661520431368,2026-08-24T21:20:16+00:00,2025-01-17T04:32:35+00:00,人力,字节跳动招聘,实习,校招实习生-中国招聘中心,https://jobs.bytedance.com/campus/position/7460737661520431368/detail,武汉
市场,字节跳动,2026-08-24T18:43:44+00:00,bytedance:7460490274902329607,2026-08-24T21:20:16+00:00,2025-01-16T12:55:28+00:00,市场,字节跳动招聘,实习,市场实习生-剪映CapCut,https://jobs.bytedance.com/campus/position/7460490274902329607/detail,北京
职能,字节跳动,2026-08-24T18:43:44+00:00,bytedance:7459600259066824968,2026-08-24T21:20:16+00:00,2025-01-14T03:03:01+00:00,人力,字节跳动招聘,实习,HRBP实习生-TikTok,https://jobs.bytedance.com/campus/position/7459600259066824968/detail,北京
运营,字节跳动,2026-08-24T18:43:44+00:00,bytedance:7459267595801004296,2026-08-24T21:20:16+00:00,2025-01-13T05:40:06+00:00,运营,字节跳动招聘,实习,AI数据运营实习生-国际化,https://jobs.bytedance.com/campus/position/7459267595801004296/detail,上海
增长,字节跳动,2026-08-24T18:43:44+00:00,bytedance:7458139909938792711,2026-08-24T21:20:16+00:00,2025-01-10T04:32:58+00:00,数据分析,字节跳动招聘,实习,数据分析实习生-TikTok用户增长,https://jobs.bytedance.com/campus/position/7458139909938792711/detail,北京
职能,字节跳动,2026-08-24T18:43:44+00:00,bytedance:7457826154034497799,2026-08-24T21:20:16+00:00,2025-01-09T08:30:49+00:00,职能 / 支持,字节跳动招聘,实习,HR实习生-产品研发,https://jobs.bytedance.com/campus/position/7457826154034497799/detail,上海
运营,字节跳动,2026-08-24T18:43:44+00:00,bytedance:7454142455061367047,2026-08-24T21:20:16+00:00,2024-12-30T10:22:27+00:00,运营,字节跳动招聘,实习,海外内容运营实习生-国际化内容社区,https://jobs.bytedance.com/campus/position/7454142455061367047/detail,北京
产品,字节跳动,2026-08-24T18:43:44+00:00,bytedance:7452300915343132946,2026-08-24T21:20:16+00:00,2024-12-25T11:15:53+00:00,产品,字节跳动招聘,实习,用户产品实习生 - 今日头条,https://jobs.bytedance.com/campus/position/7452300915343132946/detail,深圳
职能,字节跳动,2026-08-24T18:43:44+00:00,bytedance:7449645731570632978,2026-08-24T21:20:16+00:00,2024-12-18T07:13:34+00:00,人力,字节跳动招聘,实习,HRBP实习生-集团职能,https://jobs.bytedance.com/campus/position/7449645731570632978/detail,北京
职能,字节跳动,2026-08-24T18:43:44+00:00,bytedance:7449283788985338119,2026-08-24T21:20:16+00:00,2024-12-17T07:45:48+00:00,人力,字节跳动招聘,实习,招聘实习生-电商,https://jobs.bytedance.com/campus/position/7449283788985338119/detail,北京
职能,字节跳动,2026-08-24T18:43:44+00:00,bytedance:7449283459427125522,2026-08-24T21:20:16+00:00,2024-12-17T07:44:23+00:00,人力,字节跳动招聘,实习,招聘实习生-TikTok,https://jobs.bytedance.com/campus/position/7449283459427125522/detail,上海
职能,字节跳动,2026-08-24T18:43:44+00:00,bytedance:7449282289647388935,2026-08-24T21:20:16+00:00,2024-12-17T07:40:05+00:00,人力,字节跳动招聘,实习,招聘实习生-TikTok,https://jobs.bytedance.com/campus/position/7449282289647388935/detail,北京
职能,字节跳动,2026-08-24T18:43:44+00:00,bytedance:7449281395737200904,2026-08-24T21:20:16+00:00,2024-12-17T07:36:22+00:00,人力,字节跳动招聘,实习,招聘实习生 - 国际短视频,https://jobs.bytedance.com/campus/position/7449281395737200904/detail,深圳
职能,字节跳动,2026-08-24T18:43:44+00:00,bytedance:7449280944689711367,2026-08-24T21:20:16+00:00,2024-12-17T07:34:39+00:00,人力,字节跳动招聘,实习,招聘实习生-电商,https://jobs.bytedance.com/campus/position/7449280944689711367/detail,杭州
职能,字节跳动,2026-08-24T18:43:44+00:00,bytedance:7449280762492422408,2026-08-24T21:20:16+00:00,2024-12-17T07:33:55+00:00,人力,字节跳动招聘,实习,招聘实习生-抖音,https://jobs.bytedance.com/campus/position/7449280762492422408/detail,北京
职能,字节跳动,2026-08-24T18:43:44+00:00,bytedance:7449280361354594567,2026-08-24T21:20:16+00:00,2024-12-17T07:32:24+00:00,人力,字节跳动招聘,实习,招聘实习生-产品研发,https://jobs.bytedance.com/campus/position/7449280361354594567/detail,上海
职能,字节跳动,2026-08-24T18:43:44+00:00,bytedance:7449278253502384392,2026-08-24T21:20:16+00:00,2024-12-17T07:24:20+00:00,人力,字节跳动招聘,实习,招聘实习生-电商,https://jobs.bytedance.com/campus/position/7449278253502384392/detail,上海
职能,字节跳动,2026-08-24T18:43:44+00:00,bytedance:7449277892196944146,2026-08-24T21:20:16+00:00,2024-12-17T07:22:49+00:00,人力,字节跳动招聘,实习,招聘实习生-抖音,https://jobs.bytedance.com/campus/position/7449277892196944146/detail,上海
职能,字节跳动,2026-08-24T18:43:44+00:00,bytedance:7449277063330416904,2026-08-24T21:20:16+00:00,2024-12-17T07:19:34+00:00,人力,字节跳动招聘,实习,招聘实习生-飞书,https://jobs.bytedance.com/campus/position/7449277063330416904/detail,北京
职能,字节跳动,2026-08-24T18:43:44+00:00,bytedance:7449225035070195975,2026-08-24T21:20:16+00:00,2024-12-17T03:57:39+00:00,人力,字节跳动招聘,实习,招聘实习生-人力与管理部,https://jobs.bytedance.com/campus/position/7449225035070195975/detail,上海
职能,字节跳动,2026-08-24T18:43:44+00:00,bytedance:7449224456953022727,2026-08-24T21:20:16+00:00,2024-12-17T03:55:30+00:00,人力,字节跳动招聘,实习,招聘实习生-人力与管理部,https://jobs.bytedance.com/campus/position/7449224456953022727/detail,深圳
运营,字节跳动,2026-08-24T18:43:44+00:00,bytedance:7447834996423035143,2026-08-24T21:20:16+00:00,2024-12-13T10:17:19+00:00,运营,字节跳动招聘,实习,流量策略产品运营实习生-国际化短视频,https://jobs.bytedance.com/campus/position/7447834996423035143/detail,上海
产品,字节跳动,2026-08-24T18:43:44+00:00,bytedance:7447460068743104786,2026-08-24T21:20:16+00:00,2024-12-12T09:52:09+00:00,产品经理,字节跳动招聘,实习,产品经理实习生-国际化,https://jobs.bytedance.com/campus/position/7447460068743104786/detail,深圳
产品,字节跳动,2026-08-24T18:43:44+00:00,bytedance:7446961489946429704,2026-08-24T21:20:16+00:00,2024-12-11T01:37:41+00:00,产品,字节跳动招聘,实习,推荐中台产品实习生-抖音/直播/电商/剪映,https://jobs.bytedance.com/campus/position/7446961489946429704/detail,北京
运营,字节跳动,2026-08-24T18:43:44+00:00,bytedance:7445214701619316999,2026-08-24T21:20:16+00:00,2024-12-06T08:46:02+00:00,市场,字节跳动招聘,实习,英文实习生（内容制作和运营）-语言中心,https://jobs.bytedance.com/campus/position/7445214701619316999/detail,北京
市场,字节跳动,2026-08-24T18:43:44+00:00,bytedance:7445211862239807762,2026-08-24T21:20:16+00:00,2024-12-06T08:41:33+00:00,市场,字节跳动招聘,实习,技术文档实习生-产品研发,https://jobs.bytedance.com/campus/position/7445211862239807762/detail,北京
运营,字节跳动,2026-08-24T18:43:44+00:00,bytedance:7444859138134018312,2026-08-24T21:20:16+00:00,2024-12-05T09:49:18+00:00,运营,字节跳动招聘,实习,区域运营实习生-直播国际化,https://jobs.bytedance.com/campus/position/7444859138134018312/detail,北京
运营,字节跳动,2026-08-24T18:43:44+00:00,bytedance:7442145958916475144,2026-08-24T21:20:16+00:00,2024-11-28T02:11:15+00:00,产品运营,字节跳动招聘,实习,用户产品运营实习生-TikTok,https://jobs.bytedance.com/campus/position/7442145958916475144/detail,上海
市场,字节跳动,2026-08-24T18:43:44+00:00,bytedance:7441126105526192391,2026-08-24T21:20:16+00:00,2024-11-25T08:19:01+00:00,运营,字节跳动招聘,实习,行业营销实习生-抖音,https://jobs.bytedance.com/campus/position/7441126105526192391/detail,北京
运营,字节跳动,2026-08-24T18:43:44+00:00,bytedance:7441118514607425800,2026-08-24T21:20:16+00:00,2024-11-25T07:45:51+00:00,运营,字节跳动招聘,实习,生态运营实习生-抖音直播,https://jobs.bytedance.com/campus/position/7441118514607425800/detail,北京
市场,字节跳动,2026-08-24T18:43:44+00:00,bytedance:7440138086706907410,2026-08-24T21:20:16+00:00,2024-11-22T17:05:13+00:00,市场,字节跳动招聘,实习,市场与品牌营销实习生（即梦AI） - 剪映CapCut,https://jobs.bytedance.com/campus/position/7440138086706907410/detail,北京
产品,字节跳动,2026-08-24T18:43:44+00:00,bytedance:7439660880570583314,2026-08-24T21:20:16+00:00,2024-11-21T09:30:23+00:00,产品,字节跳动招聘,实习,技术产品实习生（AI基础与应用方向）-中国交易与广告,https://jobs.bytedance.com/campus/position/7439660880570583314/detail,北京
产品,字节跳动,2026-08-24T18:43:44+00:00,bytedance:7439641248027298056,2026-08-24T21:20:16+00:00,2024-11-21T08:19:52+00:00,产品,字节跳动招聘,实习,技术产品实习生（AI基础与应用方向）-中国交易与广告,https://jobs.bytedance.com/campus/position/7439641248027298056/detail,上海
产品,字节跳动,2026-08-24T18:43:44+00:00,bytedance:7439641324935432456,2026-08-24T21:20:16+00:00,2024-11-21T08:15:37+00:00,产品,字节跳动招聘,实习,技术产品实习生（AI基础与应用方向）-中国交易与广告,https://jobs.bytedance.com/campus/position/7439641324935432456/detail,成都
增长,字节跳动,2026-08-24T18:43:44+00:00,bytedance:7438446377459288328,2026-08-24T21:20:16+00:00,2024-11-18T02:54:19+00:00,营销策划,字节跳动招聘,实习,创意策略运营实习生-抖音用户增长,https://jobs.bytedance.com/campus/position/7438446377459288328/detail,北京
市场,字节跳动,2026-08-24T18:43:44+00:00,bytedance:7434379521644284223,2026-08-24T21:20:16+00:00,2024-11-07T03:51:32+00:00,市场,字节跳动招聘,实习,品牌营销实习生-飞书,https://jobs.bytedance.com/campus/position/7434379521644284223/detail,北京
增长,字节跳动,2026-08-24T18:43:44+00:00,bytedance:7434082864662595881,2026-08-24T21:20:16+00:00,2024-11-06T08:40:31+00:00,数据分析,字节跳动招聘,实习,数据分析实习生-抖音用户增长,https://jobs.bytedance.com/campus/position/7434082864662595881/detail,北京
市场,字节跳动,2026-08-24T18:43:44+00:00,bytedance:7429299899483261196,2026-08-24T21:20:16+00:00,2024-10-24T11:22:01+00:00,市场,字节跳动招聘,实习,公关实习生-飞书,https://jobs.bytedance.com/campus/position/7429299899483261196/detail,上海
运营,字节跳动,2026-08-24T18:43:44+00:00,bytedance:7426251712984385829,2026-08-24T21:20:16+00:00,2024-10-16T06:10:50+00:00,产品运营,字节跳动招聘,实习,用户产品运营实习生-直播国际化,https://jobs.bytedance.com/campus/position/7426251712984385829/detail,上海
职能,字节跳动,2026-08-24T18:43:44+00:00,bytedance:7424080399075068169,2026-08-24T21:20:16+00:00,2024-10-10T09:44:46+00:00,人力,字节跳动招聘,实习,招聘实习生-豆包大模型,https://jobs.bytedance.com/campus/position/7424080399075068169/detail,上海
运营,字节跳动,2026-08-24T18:43:44+00:00,bytedance:7423231513078139173,2026-08-24T21:20:16+00:00,2024-10-08T02:49:41+00:00,运营,字节跳动招聘,实习,策略运营（AI方向）实习生 - 抖音UGC,https://jobs.bytedance.com/campus/position/7423231513078139173/detail,北京
产品,字节跳动,2026-08-24T18:43:44+00:00,bytedance:7418197551164246323,2026-08-24T21:20:16+00:00,2024-09-24T13:18:32+00:00,产品经理,字节跳动招聘,实习,大模型产品（Agent方向）实习生-TikTok AI创新中心,https://jobs.bytedance.com/campus/position/7418197551164246323/detail,北京
职能,字节跳动,2026-08-24T18:43:44+00:00,bytedance:7413750347137812763,2026-08-24T21:20:16+00:00,2024-09-12T13:43:39+00:00,数据分析,字节跳动招聘,实习,数据运营实习生 - 商业安全与合规,https://jobs.bytedance.com/campus/position/7413750347137812763/detail,北京
运营,字节跳动,2026-08-24T18:43:44+00:00,bytedance:7411394073720031498,2026-08-24T21:20:16+00:00,2024-09-06T05:16:53+00:00,运营,字节跳动招聘,实习,阿拉伯语&英语运营实习生-国际化,https://jobs.bytedance.com/campus/position/7411394073720031498/detail,北京
增长,字节跳动,2026-08-24T18:43:44+00:00,bytedance:7407638075986659622,2026-08-24T21:20:16+00:00,2024-08-27T02:19:19+00:00,运营,字节跳动招聘,实习,增长运营实习生（直播社群方向）-飞书,https://jobs.bytedance.com/campus/position/7407638075986659622/detail,北京
运营,字节跳动,2026-08-24T18:43:44+00:00,bytedance:7405851664081357066,2026-08-24T21:20:16+00:00,2024-08-22T06:50:26+00:00,运营,字节跳动招聘,实习,产品运营实习生-业务中台,https://jobs.bytedance.com/campus/position/7405851664081357066/detail,北京
运营,字节跳动,2026-08-24T18:43:44+00:00,bytedance:7405570492131100955,2026-08-24T21:20:16+00:00,2024-08-21T12:43:53+00:00,运营,字节跳动招聘,实习,产品运营实习生-TikTok,https://jobs.bytedance.com/campus/position/7405570492131100955/detail,北京
产品,字节跳动,2026-08-24T18:43:44+00:00,bytedance:7405183142569134373,2026-08-24T21:20:16+00:00,2024-08-20T11:37:00+00:00,产品经理,字节跳动招聘,实习,AI产品（多维表格）实习生-飞书,https://jobs.bytedance.com/campus/position/7405183142569134373/detail,北京
运营,字节跳动,2026-08-24T18:43:44+00:00,bytedance:7403187582404184371,2026-08-24T21:20:16+00:00,2024-08-15T02:30:07+00:00,运营,字节跳动招聘,实习,用户运营实习生-抖音,https://jobs.bytedance.com/campus/position/7403187582404184371/detail,上海
运营,字节跳动,2026-08-24T18:43:44+00:00,bytedance:7402508779038296358,2026-08-24T21:20:16+00:00,2024-08-13T06:35:41+00:00,运营,字节跳动招聘,实习,资源运营实习生-抖音生活服务,https://jobs.bytedance.com/campus/position/7402508779038296358/detail,深圳
运营,字节跳动,2026-08-24T18:43:44+00:00,bytedance:7400611583330896178,2026-08-24T21:20:16+00:00,2024-08-08T03:54:59+00:00,运营,字节跳动招聘,实习,AI数据服务平台数据实习生-国际化,https://jobs.bytedance.com/campus/position/7400611583330896178/detail,上海
运营,字节跳动,2026-08-24T18:43:44+00:00,bytedance:7399945752899864859,2026-08-24T21:20:16+00:00,2024-08-06T08:49:54+00:00,运营,字节跳动招聘,实习,英/印尼双语运营实习生-国际化,https://jobs.bytedance.com/campus/position/7399945752899864859/detail,上海
运营,字节跳动,2026-08-24T18:43:44+00:00,bytedance:7399945453829310771,2026-08-24T21:20:16+00:00,2024-08-06T08:48:32+00:00,运营,字节跳动招聘,实习,英/印尼双语运营实习生-国际化,https://jobs.bytedance.com/campus/position/7399945453829310771/detail,北京
运营,字节跳动,2026-08-24T18:43:44+00:00,bytedance:7398002865027057970,2026-08-24T21:20:16+00:00,2024-08-01T03:10:13+00:00,产品运营,字节跳动招聘,实习,技术内容运营实习生-TikTok,https://jobs.bytedance.com/campus/position/7398002865027057970/detail,深圳
销售,字节跳动,2026-08-24T18:43:44+00:00,bytedance:7397249888814074122,2026-08-24T21:20:16+00:00,2024-07-30T02:28:50+00:00,销售运营,字节跳动招聘,实习,商业化销售运营实习生 - 飞书商业化,https://jobs.bytedance.com/campus/position/7397249888814074122/detail,北京
运营,字节跳动,2026-08-24T18:43:44+00:00,bytedance:7394383110073502003,2026-08-24T21:20:16+00:00,2024-07-22T09:05:24+00:00,产品运营,字节跳动招聘,实习,标注实习生-国际化内容安全平台,https://jobs.bytedance.com/campus/position/7394383110073502003/detail,上海
运营,字节跳动,2026-08-24T18:43:44+00:00,bytedance:7394322966769289481,2026-08-24T21:20:16+00:00,2024-07-22T05:14:15+00:00,产品运营,字节跳动招聘,实习,HRIS实习生-管理系统部,https://jobs.bytedance.com/campus/position/7394322966769289481/detail,成都
运营,字节跳动,2026-08-24T18:43:44+00:00,bytedance:7394302183284754726,2026-08-24T21:20:16+00:00,2024-07-22T03:50:49+00:00,用户运营,字节跳动招聘,实习,产品运营实习生-直播国际化,https://jobs.bytedance.com/campus/position/7394302183284754726/detail,上海
市场,字节跳动,2026-08-24T18:43:44+00:00,bytedance:7392081780822083878,2026-08-24T21:20:16+00:00,2024-07-16T04:16:21+00:00,市场,字节跳动招聘,实习,市场营销实习生-飞书商业化,https://jobs.bytedance.com/campus/position/7392081780822083878/detail,北京
增长,字节跳动,2026-08-24T18:43:44+00:00,bytedance:7389454098170661158,2026-08-24T21:20:16+00:00,2024-07-09T02:17:20+00:00,运营,字节跳动招聘,实习,增长策略运营实习生-飞书,https://jobs.bytedance.com/campus/position/7389454098170661158/detail,北京
运营,字节跳动,2026-08-24T18:43:44+00:00,bytedance:7385443744436701478,2026-08-24T21:20:16+00:00,2024-06-28T06:53:41+00:00,运营,字节跳动招聘,实习,SEO运营实习生-飞书,https://jobs.bytedance.com/campus/position/7385443744436701478/detail,北京
产品,字节跳动,2026-08-24T18:43:44+00:00,bytedance:7385076230976981258,2026-08-24T21:20:16+00:00,2024-06-27T07:08:25+00:00,产品,字节跳动招聘,实习,数据产品实习生-电商商业平台,https://jobs.bytedance.com/campus/position/7385076230976981258/detail,上海
运营,字节跳动,2026-08-24T18:43:44+00:00,bytedance:7382880928924666122,2026-08-24T21:20:16+00:00,2024-06-21T09:13:13+00:00,运营,字节跳动招聘,实习,活动策略运营实习生-直播国际化,https://jobs.bytedance.com/campus/position/7382880928924666122/detail,北京
项目管理,字节跳动,2026-08-24T18:43:44+00:00,bytedance:7379088513234798875,2026-08-24T21:20:16+00:00,2024-06-11T03:53:03+00:00,项目管理,字节跳动招聘,实习,PMO项目管理实习生-抖音研发,https://jobs.bytedance.com/campus/position/7379088513234798875/detail,北京
运营,字节跳动,2026-08-24T18:43:44+00:00,bytedance:7376922273100679451,2026-08-24T21:20:16+00:00,2024-06-05T07:49:43+00:00,产品运营,字节跳动招聘,实习,产品运营实习生（多维表格）-飞书,https://jobs.bytedance.com/campus/position/7376922273100679451/detail,深圳
增长,字节跳动,2026-08-24T18:43:44+00:00,bytedance:7376523269853743370,2026-08-24T21:20:16+00:00,2024-06-04T05:59:46+00:00,运营,字节跳动招聘,实习,行业增长策略实习生-飞书,https://jobs.bytedance.com/campus/position/7376523269853743370/detail,北京
职能,字节跳动,2026-08-24T19:23:31+00:00,bytedance:7374349710570899749,2026-08-24T21:20:16+00:00,2024-05-29T09:23:47+00:00,内审,字节跳动招聘,实习,内控实习生-内控,https://jobs.bytedance.com/campus/position/7374349710570899749/detail,北京
运营,字节跳动,2026-08-24T18:43:44+00:00,bytedance:7373571847130908954,2026-08-24T21:20:16+00:00,2024-05-27T07:04:49+00:00,运营,字节跳动招聘,实习,用户产品运营实习生-直播国际化,https://jobs.bytedance.com/campus/position/7373571847130908954/detail,上海
职能,字节跳动,2026-08-24T18:43:44+00:00,bytedance:7373497975887415603,2026-08-24T21:20:16+00:00,2024-05-27T02:18:25+00:00,职能 / 支持,字节跳动招聘,实习,HRBP实习生（招聘方向）-飞书,https://jobs.bytedance.com/campus/position/7373497975887415603/detail,深圳
运营,字节跳动,2026-08-24T18:43:44+00:00,bytedance:7371730865183951114,2026-08-24T21:20:16+00:00,2024-05-22T08:01:27+00:00,运营,字节跳动招聘,实习,产品运营实习生-Coze,https://jobs.bytedance.com/campus/position/7371730865183951114/detail,深圳
职能,字节跳动,2026-08-24T18:43:44+00:00,bytedance:7371370558053959963,2026-08-24T21:20:16+00:00,2024-05-21T08:42:50+00:00,人力,字节跳动招聘,实习,HR实习生-飞书,https://jobs.bytedance.com/campus/position/7371370558053959963/detail,深圳
市场,字节跳动,2026-08-24T18:43:44+00:00,bytedance:7371278957234440499,2026-08-24T21:20:16+00:00,2024-05-21T02:47:29+00:00,市场,字节跳动招聘,实习,行业内容营销实习生-飞书商业化,https://jobs.bytedance.com/campus/position/7371278957234440499/detail,上海
增长,字节跳动,2026-08-24T18:43:44+00:00,bytedance:7367282649360124198,2026-08-24T21:20:16+00:00,2024-05-10T08:19:32+00:00,产品运营,字节跳动招聘,实习,产品运营增长实习生-飞书办公套件,https://jobs.bytedance.com/campus/position/7367282649360124198/detail,上海
运营,字节跳动,2026-08-24T18:43:44+00:00,bytedance:7366561558015527177,2026-08-24T21:20:16+00:00,2024-05-08T09:41:23+00:00,运营,字节跳动招聘,实习,礼物活动运营实习生-抖音直播,https://jobs.bytedance.com/campus/position/7366561558015527177/detail,深圳
项目管理,字节跳动,2026-08-24T18:43:44+00:00,bytedance:7366560238243481894,2026-08-24T21:20:16+00:00,2024-05-08T09:36:15+00:00,运营,字节跳动招聘,实习,AI数据项目管理实习生-国际化,https://jobs.bytedance.com/campus/position/7366560238243481894/detail,上海
市场,字节跳动,2026-08-24T18:43:44+00:00,bytedance:7366216491623352603,2026-08-24T21:20:16+00:00,2024-05-07T11:22:37+00:00,市场,字节跳动招聘,实习,东区市场营销实习生-飞书商业化,https://jobs.bytedance.com/campus/position/7366216491623352603/detail,上海
职能,字节跳动,2026-08-24T18:43:44+00:00,bytedance:7362024469013350665,2026-08-24T21:20:16+00:00,2024-04-26T04:15:12+00:00,人力,字节跳动招聘,实习,校园猎聘实习生-管理研究院,https://jobs.bytedance.com/campus/position/7362024469013350665/detail,上海
运营,字节跳动,2026-08-24T18:43:44+00:00,bytedance:7360940207020476723,2026-08-24T21:20:16+00:00,2024-04-23T06:07:45+00:00,运营,字节跳动招聘,实习,流量运营实习生-抖音生活服务,https://jobs.bytedance.com/campus/position/7360940207020476723/detail,北京
设计,字节跳动,2026-08-24T18:43:44+00:00,bytedance:7360651164143159578,2026-08-24T21:20:16+00:00,2024-04-22T11:26:19+00:00,设计,字节跳动招聘,实习,产品内容设计实习生-国际化短视频,https://jobs.bytedance.com/campus/position/7360651164143159578/detail,北京
产品,字节跳动,2026-08-24T18:43:44+00:00,bytedance:7360531845350131994,2026-08-24T21:20:16+00:00,2024-04-22T03:43:04+00:00,产品,字节跳动招聘,实习,用户产品实习生-抖音游戏,https://jobs.bytedance.com/campus/position/7360531845350131994/detail,深圳
战略,字节跳动,2026-08-24T18:43:44+00:00,bytedance:7359055273850177829,2026-08-24T21:20:16+00:00,2024-04-18T04:13:08+00:00,战略,字节跳动招聘,实习,战略规划实习生-国际化音乐,https://jobs.bytedance.com/campus/position/7359055273850177829/detail,上海
运营,字节跳动,2026-08-24T18:43:44+00:00,bytedance:7358412304545532198,2026-08-24T21:20:16+00:00,2024-04-16T10:38:28+00:00,运营,字节跳动招聘,实习,商家运营实习生-抖音生活服务,https://jobs.bytedance.com/campus/position/7358412304545532198/detail,上海
运营,字节跳动,2026-08-24T18:43:44+00:00,bytedance:7358325881121655049,2026-08-24T21:20:16+00:00,2024-04-16T05:03:17+00:00,商业运营,字节跳动招聘,实习,行业运营实习生-抖音生活服务,https://jobs.bytedance.com/campus/position/7358325881121655049/detail,北京
职能,字节跳动,2026-08-24T18:43:44+00:00,bytedance:7356526985529215241,2026-08-24T21:20:16+00:00,2024-04-11T08:42:37+00:00,人力,字节跳动招聘,实习,招聘运营实习生-中国招聘中心,https://jobs.bytedance.com/campus/position/7356526985529215241/detail,上海
战略,字节跳动,2026-08-24T18:43:44+00:00,bytedance:7356069065516091685,2026-08-24T21:20:16+00:00,2024-04-10T03:05:20+00:00,运营,字节跳动招聘,实习,战略运营实习生-商业化,https://jobs.bytedance.com/campus/position/7356069065516091685/detail,上海
职能,字节跳动,2026-08-24T18:43:44+00:00,bytedance:7355748069005265190,2026-08-24T21:20:16+00:00,2024-04-09T06:19:29+00:00,人力,字节跳动招聘,实习,招聘实习生-国际化,https://jobs.bytedance.com/campus/position/7355748069005265190/detail,上海
设计,字节跳动,2026-08-24T18:43:44+00:00,bytedance:7353140455461325082,2026-08-24T21:20:16+00:00,2024-04-02T05:40:37+00:00,市场,字节跳动招聘,实习,视频后期设计实习生-广告,https://jobs.bytedance.com/campus/position/7353140455461325082/detail,北京
设计,字节跳动,2026-08-24T18:43:44+00:00,bytedance:7350931803287390515,2026-08-24T21:20:16+00:00,2024-03-27T06:49:51+00:00,设计,字节跳动招聘,实习,AI模型效果实习生-抖音,https://jobs.bytedance.com/campus/position/7350931803287390515/detail,上海
运营,字节跳动,2026-08-24T18:43:44+00:00,bytedance:7350236714797730086,2026-08-24T21:20:16+00:00,2024-03-25T09:52:38+00:00,运营,字节跳动招聘,实习,政策研究实习生 - 隐私和数据保护办公室,https://jobs.bytedance.com/campus/position/7350236714797730086/detail,北京
商业分析,字节跳动,2026-08-24T18:43:44+00:00,bytedance:7350229441613744411,2026-08-24T21:20:16+00:00,2024-03-25T09:24:17+00:00,职能 / 支持,字节跳动招聘,实习,经营分析实习生-国际电商,https://jobs.bytedance.com/campus/position/7350229441613744411/detail,上海
职能,字节跳动,2026-08-24T18:43:44+00:00,bytedance:7350138784908019978,2026-08-24T21:20:16+00:00,2024-03-25T03:32:35+00:00,人力,字节跳动招聘,实习,招聘实习生-中国招聘中心,https://jobs.bytedance.com/campus/position/7350138784908019978/detail,上海
市场,字节跳动,2026-08-24T18:43:44+00:00,bytedance:7349112333370657074,2026-08-24T21:20:16+00:00,2024-03-22T09:09:17+00:00,运营,字节跳动招聘,实习,PR运营实习生-中国公共关系,https://jobs.bytedance.com/campus/position/7349112333370657074/detail,北京
运营,字节跳动,2026-08-24T18:43:44+00:00,bytedance:7348761786089130277,2026-08-24T21:20:16+00:00,2024-03-21T10:29:04+00:00,运营,字节跳动招聘,实习,用户运营实习生 - 抖音UGC,https://jobs.bytedance.com/campus/position/7348761786089130277/detail,上海
运营,字节跳动,2026-08-24T18:43:44+00:00,bytedance:7347620842157082907,2026-08-24T21:20:16+00:00,2024-03-18T08:41:41+00:00,运营,字节跳动招聘,实习,法语&英语运营实习生-国际化,https://jobs.bytedance.com/campus/position/7347620842157082907/detail,上海
运营,字节跳动,2026-08-24T18:43:44+00:00,bytedance:7346133472655821083,2026-08-24T21:20:16+00:00,2024-03-14T08:29:50+00:00,运营,字节跳动招聘,实习,法语&英语运营实习生-国际化,https://jobs.bytedance.com/campus/position/7346133472655821083/detail,北京
运营,字节跳动,2026-08-24T18:43:44+00:00,bytedance:7345002897652943113,2026-08-24T21:20:16+00:00,2024-03-11T07:22:50+00:00,运营,字节跳动招聘,实习,产品运营实习生-抖音游戏,https://jobs.bytedance.com/campus/position/7345002897652943113/detail,深圳
运营,字节跳动,2026-08-24T18:43:44+00:00,bytedance:7343562348462410035,2026-08-24T21:20:16+00:00,2024-03-07T10:12:33+00:00,运营,字节跳动招聘,实习,内容生态运营实习生-国际化内容社区,https://jobs.bytedance.com/campus/position/7343562348462410035/detail,北京
市场,字节跳动,2026-08-24T18:43:44+00:00,bytedance:7339819822639171890,2026-08-24T21:20:16+00:00,2024-02-26T08:11:17+00:00,市场,字节跳动招聘,实习,市场营销实习生（消费行业）-飞书商业化,https://jobs.bytedance.com/campus/position/7339819822639171890/detail,北京
职能,字节跳动,2026-08-24T18:43:44+00:00,bytedance:7338381442327841051,2026-08-24T21:20:16+00:00,2024-02-22T11:10:44+00:00,人力,字节跳动招聘,实习,长期激励实习生-绩效与激励,https://jobs.bytedance.com/campus/position/7338381442327841051/detail,北京
市场,字节跳动,2026-08-24T18:43:44+00:00,bytedance:7338309068526815539,2026-08-24T21:20:16+00:00,2024-02-22T06:27:09+00:00,市场,字节跳动招聘,实习,全球化语言实习生（培训方向）-语言中心,https://jobs.bytedance.com/campus/position/7338309068526815539/detail,北京
设计,字节跳动,2026-08-24T18:43:44+00:00,bytedance:7337715379294980402,2026-08-24T21:20:16+00:00,2024-02-20T16:16:43+00:00,设计,字节跳动招聘,实习,平面设计实习生-广告,https://jobs.bytedance.com/campus/position/7337715379294980402/detail,北京
产品,字节跳动,2026-08-24T18:43:44+00:00,bytedance:7337605142785083674,2026-08-24T21:20:16+00:00,2024-02-20T08:57:52+00:00,产品经理,字节跳动招聘,实习,数据产品实习生 - 国际化,https://jobs.bytedance.com/campus/position/7337605142785083674/detail,北京 | 上海
商务,字节跳动,2026-08-24T18:43:44+00:00,bytedance:7327599231178869002,2026-08-24T21:20:16+00:00,2024-01-24T09:55:29+00:00,商业运营,字节跳动招聘,实习,国际化应用广告运营实习生-商业化,https://jobs.bytedance.com/campus/position/7327599231178869002/detail,广州
职能,字节跳动,2026-08-24T18:43:44+00:00,bytedance:7325027700371589385,2026-08-24T21:20:16+00:00,2024-01-17T11:32:35+00:00,财务,字节跳动招聘,实习,财务BP实习生,https://jobs.bytedance.com/campus/position/7325027700371589385/detail,上海
职能,字节跳动,2026-08-24T18:43:44+00:00,bytedance:7324233295041988902,2026-08-24T21:20:16+00:00,2024-01-15T08:08:20+00:00,职能 / 支持,字节跳动招聘,实习,HRBP招聘实习生-飞书,https://jobs.bytedance.com/campus/position/7324233295041988902/detail,北京
职能,字节跳动,2026-08-24T18:43:44+00:00,bytedance:7322426123773970739,2026-08-24T21:20:16+00:00,2024-01-10T11:16:24+00:00,人力,字节跳动招聘,实习,HRBP实习生-人力与管理部,https://jobs.bytedance.com/campus/position/7322426123773970739/detail,上海
职能,字节跳动,2026-08-24T18:43:44+00:00,bytedance:7322408065076316454,2026-08-24T21:20:16+00:00,2024-01-10T10:06:23+00:00,人力,字节跳动招聘,实习,HRBP实习生-人力与管理部,https://jobs.bytedance.com/campus/position/7322408065076316454/detail,北京
产品,字节跳动,2026-08-24T18:43:44+00:00,bytedance:7322088169887926554,2026-08-24T21:20:16+00:00,2024-01-09T13:33:23+00:00,商业产品（广告）,字节跳动招聘,实习,广告样式产品经理实习生-国际化,https://jobs.bytedance.com/campus/position/7322088169887926554/detail,深圳
职能,字节跳动,2026-08-24T18:43:44+00:00,bytedance:7320171873252149542,2026-08-24T21:20:16+00:00,2024-01-04T09:25:57+00:00,人力,字节跳动招聘,实习,招聘实习生-飞书,https://jobs.bytedance.com/campus/position/7320171873252149542/detail,上海
职能,字节跳动,2026-08-24T18:43:44+00:00,bytedance:7317968206735771954,2026-08-24T21:20:16+00:00,2023-12-29T11:01:34+00:00,职能 / 支持,字节跳动招聘,实习,语言中心实习生 - Global Business Solutions,https://jobs.bytedance.com/campus/position/7317968206735771954/detail,北京
项目管理,字节跳动,2026-08-24T18:43:44+00:00,bytedance:7313849355386210570,2026-08-24T21:20:16+00:00,2023-12-18T08:30:57+00:00,职能 / 支持,字节跳动招聘,实习,语言管理中心项目管理实习生-GBM,https://jobs.bytedance.com/campus/position/7313849355386210570/detail,北京
设计,字节跳动,2026-08-24T18:43:44+00:00,bytedance:7311983583903680795,2026-08-24T21:20:16+00:00,2023-12-13T07:54:59+00:00,设计,字节跳动招聘,实习,AI美学实习生-抖音,https://jobs.bytedance.com/campus/position/7311983583903680795/detail,北京
设计,字节跳动,2026-08-24T18:43:44+00:00,bytedance:7303747036569471242,2026-08-24T21:20:16+00:00,2023-11-21T03:10:20+00:00,设计,字节跳动招聘,实习,AI模型效果实习生-抖音,https://jobs.bytedance.com/campus/position/7303747036569471242/detail,北京
项目管理,字节跳动,2026-08-24T18:43:44+00:00,bytedance:7302369841955227955,2026-08-24T21:20:16+00:00,2023-11-17T10:07:45+00:00,运营,字节跳动招聘,实习,AI项目管理（安全模型运营方向）实习生-TikTok,https://jobs.bytedance.com/campus/position/7302369841955227955/detail,上海
战略,字节跳动,2026-08-24T18:43:44+00:00,bytedance:7296440558658406665,2026-08-24T21:20:16+00:00,2023-11-01T10:42:09+00:00,战略,字节跳动招聘,实习,商业化战略分析实习生-商业化安全,https://jobs.bytedance.com/campus/position/7296440558658406665/detail,北京
运营,字节跳动,2026-08-24T18:43:44+00:00,bytedance:7296020773986453770,2026-08-24T21:20:16+00:00,2023-10-31T07:26:55+00:00,运营,字节跳动招聘,实习,语言学实习生-Data语音,https://jobs.bytedance.com/campus/position/7296020773986453770/detail,上海
战略,字节跳动,2026-08-24T18:43:44+00:00,bytedance:7295993824282888457,2026-08-24T21:20:16+00:00,2023-10-31T05:43:56+00:00,战略,字节跳动招聘,实习,投资并购交易实习生-企业发展部,https://jobs.bytedance.com/campus/position/7295993824282888457/detail,北京
运营,字节跳动,2026-08-24T18:43:44+00:00,bytedance:7291564875384359223,2026-08-24T21:20:16+00:00,2023-10-19T07:15:46+00:00,产品运营,字节跳动招聘,实习,国际化短视频内容运营实习生-TikTok,https://jobs.bytedance.com/campus/position/7291564875384359223/detail,上海
运营,字节跳动,2026-08-24T18:43:44+00:00,bytedance:7288616076765301051,2026-08-24T21:20:16+00:00,2023-10-11T08:32:54+00:00,用户运营,字节跳动招聘,实习,抖音产品运营实习生-抖音,https://jobs.bytedance.com/campus/position/7288616076765301051/detail,上海
职能,字节跳动,2026-08-24T18:43:44+00:00,bytedance:7281198032225831223,2026-08-24T21:20:16+00:00,2023-09-21T08:48:05+00:00,职能 / 支持,字节跳动招聘,实习,公共事务实习生-内容安全,https://jobs.bytedance.com/campus/position/7281198032225831223/detail,北京
职能,字节跳动,2026-08-24T18:43:44+00:00,bytedance:7280737639371737404,2026-08-24T21:20:16+00:00,2023-09-20T03:02:00+00:00,法务,字节跳动招聘,实习,行政运营实习生-中国法务,https://jobs.bytedance.com/campus/position/7280737639371737404/detail,北京
运营,字节跳动,2026-08-24T18:43:44+00:00,bytedance:7270722443857660220,2026-08-24T21:20:16+00:00,2023-08-24T03:22:27+00:00,职能 / 支持,字节跳动招聘,实习,策略运营实习生-国际化内容社区,https://jobs.bytedance.com/campus/position/7270722443857660220/detail,上海
项目管理,字节跳动,2026-08-24T18:43:44+00:00,bytedance:7270717383428639033,2026-08-24T21:20:16+00:00,2023-08-24T03:00:18+00:00,项目管理,字节跳动招聘,实习,项目管理实习生-隐私和数据保护办公室,https://jobs.bytedance.com/campus/position/7270717383428639033/detail,北京
运营,字节跳动,2026-08-24T18:43:44+00:00,bytedance:7267770689096468795,2026-08-24T21:20:16+00:00,2023-08-16T04:24:39+00:00,运营,字节跳动招聘,实习,产品运营实习生-飞书,https://jobs.bytedance.com/campus/position/7267770689096468795/detail,广州
运营,字节跳动,2026-08-24T18:43:44+00:00,bytedance:7267509324778506557,2026-08-24T21:20:16+00:00,2023-08-15T11:30:15+00:00,运营,字节跳动招聘,实习,越南语内容运营实习生-飞书办公套件,https://jobs.bytedance.com/campus/position/7267509324778506557/detail,北京
运营,字节跳动,2026-08-24T18:43:44+00:00,bytedance:7265303211628038459,2026-08-24T21:20:16+00:00,2023-08-09T12:48:10+00:00,产品运营,字节跳动招聘,实习,管理咨询实习生-飞书,https://jobs.bytedance.com/campus/position/7265303211628038459/detail,上海
商务,字节跳动,2026-08-24T18:43:44+00:00,bytedance:7264557436471232805,2026-08-24T21:20:16+00:00,2023-08-07T12:35:26+00:00,运营,字节跳动招聘,实习,政策分析与质量优化实习生（商业化风控方向）-商业化安全,https://jobs.bytedance.com/campus/position/7264557436471232805/detail,上海
运营,字节跳动,2026-08-24T18:43:44+00:00,bytedance:7263431122159487269,2026-08-24T21:20:16+00:00,2023-08-04T11:42:25+00:00,内容运营,字节跳动招聘,实习,企业效能咨询实习生-飞书,https://jobs.bytedance.com/campus/position/7263431122159487269/detail,北京
运营,字节跳动,2026-08-24T18:43:44+00:00,bytedance:7263380847079033144,2026-08-24T21:20:16+00:00,2023-08-04T08:30:02+00:00,运营,字节跳动招聘,实习,日语客户支持运营实习生-飞书,https://jobs.bytedance.com/campus/position/7263380847079033144/detail,北京
职能,字节跳动,2026-08-24T18:43:44+00:00,bytedance:7262709003905927481,2026-08-24T21:20:16+00:00,2023-08-02T13:16:00+00:00,人力,字节跳动招聘,实习,HR实习生-中国招聘中心,https://jobs.bytedance.com/campus/position/7262709003905927481/detail,深圳
职能,字节跳动,2026-08-24T18:43:44+00:00,bytedance:7260788829287909689,2026-08-24T21:20:16+00:00,2023-07-28T08:53:15+00:00,人力,字节跳动招聘,实习,招聘实习生 - 产品研发,https://jobs.bytedance.com/campus/position/7260788829287909689/detail,深圳
战略,字节跳动,2026-08-24T18:43:44+00:00,bytedance:7256686624502188343,2026-08-24T21:20:16+00:00,2023-07-17T07:31:30+00:00,投资,字节跳动招聘,实习,投资者关系实习生 - 企业发展部,https://jobs.bytedance.com/campus/position/7256686624502188343/detail,北京
运营,字节跳动,2026-08-24T18:43:44+00:00,bytedance:7255597223294126392,2026-08-24T21:20:16+00:00,2023-07-14T09:05:25+00:00,运营,字节跳动招聘,实习,AI产品运营（安全模型运营方向）实习生-TikTok,https://jobs.bytedance.com/campus/position/7255597223294126392/detail,北京
运营,字节跳动,2026-08-24T18:43:44+00:00,bytedance:7248870572322228535,2026-08-24T21:20:16+00:00,2023-06-26T06:02:05+00:00,运营,字节跳动招聘,实习,景区线下交易运营实习生-抖音生活服务,https://jobs.bytedance.com/campus/position/7248870572322228535/detail,北京
项目管理,字节跳动,2026-08-24T18:43:44+00:00,bytedance:7246663452134574392,2026-08-24T21:20:16+00:00,2023-06-20T07:19:15+00:00,项目管理,字节跳动招聘,实习,项目管理实习生-国际化短视频,https://jobs.bytedance.com/campus/position/7246663452134574392/detail,上海
项目管理,字节跳动,2026-08-24T18:43:44+00:00,bytedance:7246662982998313277,2026-08-24T21:20:16+00:00,2023-06-20T07:19:04+00:00,项目管理,字节跳动招聘,实习,项目管理实习生-国际化短视频,https://jobs.bytedance.com/campus/position/7246662982998313277/detail,北京
项目管理,字节跳动,2026-08-24T18:43:44+00:00,bytedance:7243694784157518139,2026-08-24T21:20:16+00:00,2023-06-12T07:18:53+00:00,用户运营,字节跳动招聘,实习,本地化项目管理实习生-国际化短视频,https://jobs.bytedance.com/campus/position/7243694784157518139/detail,上海
市场,字节跳动,2026-08-24T18:43:44+00:00,bytedance:7236686502976096572,2026-08-24T21:20:16+00:00,2023-05-24T09:59:58+00:00,媒介公关,字节跳动招聘,实习,国际传播研究实习生 - 中国公共关系,https://jobs.bytedance.com/campus/position/7236686502976096572/detail,北京
职能,字节跳动,2026-08-24T18:43:44+00:00,bytedance:7208469101000804645,2026-08-24T21:20:16+00:00,2023-05-16T00:51:25+00:00,人力,字节跳动招聘,实习,招聘实习生-Data,https://jobs.bytedance.com/campus/position/7208469101000804645/detail,杭州
商务,字节跳动,2026-08-24T18:43:44+00:00,bytedance:7231040799185865015,2026-08-24T21:20:16+00:00,2023-05-09T04:53:19+00:00,市场,字节跳动招聘,实习,新媒体传播运营实习生-飞书商业化,https://jobs.bytedance.com/campus/position/7231040799185865015/detail,杭州
运营,字节跳动,2026-08-24T18:43:44+00:00,bytedance:7224157212511029564,2026-08-24T21:20:16+00:00,2023-04-20T15:56:00+00:00,运营,字节跳动招聘,实习,直播区域运营实习生-直播国际化,https://jobs.bytedance.com/campus/position/7224157212511029564/detail,深圳
职能,字节跳动,2026-08-24T18:43:44+00:00,bytedance:7221435819523983675,2026-08-24T21:20:16+00:00,2023-04-13T07:41:10+00:00,人力,字节跳动招聘,实习,招聘实习生-飞书,https://jobs.bytedance.com/campus/position/7221435819523983675/detail,北京
职能,字节跳动,2026-08-24T18:43:44+00:00,bytedance:7221426046297409850,2026-08-24T21:20:16+00:00,2023-04-13T07:02:58+00:00,财务,字节跳动招聘,实习,财务（境内资金账户）实习生 - 财资管理,https://jobs.bytedance.com/campus/position/7221426046297409850/detail,北京
职能,字节跳动,2026-08-24T18:43:44+00:00,bytedance:7221364399871772983,2026-08-24T21:20:16+00:00,2023-04-13T03:03:00+00:00,法务,字节跳动招聘,实习,法务实习生-中国法务,https://jobs.bytedance.com/campus/position/7221364399871772983/detail,上海
职能,字节跳动,2026-08-24T18:43:44+00:00,bytedance:7221159713273645371,2026-08-24T21:20:16+00:00,2023-04-12T13:47:54+00:00,法务,字节跳动招聘,实习,法务实习生-中国法务,https://jobs.bytedance.com/campus/position/7221159713273645371/detail,北京
职能,字节跳动,2026-08-24T18:43:44+00:00,bytedance:7220670889678948667,2026-08-24T21:20:16+00:00,2023-04-11T06:11:27+00:00,人力,字节跳动招聘,实习,校招实习生-中国招聘中心,https://jobs.bytedance.com/campus/position/7220670889678948667/detail,成都
运营,字节跳动,2026-08-24T18:43:44+00:00,bytedance:7220424726634940733,2026-08-24T21:20:16+00:00,2023-04-10T14:17:44+00:00,运营,字节跳动招聘,实习,隐私BP实习生-隐私和数据保护办公室,https://jobs.bytedance.com/campus/position/7220424726634940733/detail,北京
用户研究,字节跳动,2026-08-24T18:43:44+00:00,bytedance:7218839802317359419,2026-08-24T21:20:16+00:00,2023-04-06T07:48:56+00:00,用户研究,字节跳动招聘,实习,用户研究实习生-TikTok,https://jobs.bytedance.com/campus/position/7218839802317359419/detail,上海
战略,字节跳动,2026-08-24T18:43:44+00:00,bytedance:7216534167425009979,2026-08-24T21:20:16+00:00,2023-03-31T02:41:15+00:00,战略,字节跳动招聘,实习,产品战略实习生-TikTok,https://jobs.bytedance.com/campus/position/7216534167425009979/detail,上海
设计,字节跳动,2026-08-24T18:43:44+00:00,bytedance:7211387237781948733,2026-08-24T21:20:16+00:00,2023-03-20T02:34:50+00:00,运营,字节跳动招聘,实习,内容运营实习生（设计方向）-住小帮,https://jobs.bytedance.com/campus/position/7211387237781948733/detail,北京
市场,字节跳动,2026-08-24T18:43:44+00:00,bytedance:7205180497750821180,2026-08-24T21:20:16+00:00,2023-03-10T08:43:49+00:00,市场,字节跳动招聘,实习,全球化语言翻译实习生-语言中心,https://jobs.bytedance.com/campus/position/7205180497750821180/detail,北京
职能,字节跳动,2026-08-24T18:43:44+00:00,bytedance:7208469885860038949,2026-08-24T21:20:16+00:00,2023-03-10T06:14:00+00:00,人力,字节跳动招聘,实习,招聘实习生-Data,https://jobs.bytedance.com/campus/position/7208469885860038949/detail,上海
职能,字节跳动,2026-08-24T18:43:44+00:00,bytedance:7208470442158950693,2026-08-24T21:20:16+00:00,2023-03-10T06:13:08+00:00,人力,字节跳动招聘,实习,招聘实习生-Data,https://jobs.bytedance.com/campus/position/7208470442158950693/detail,北京
职能,字节跳动,2026-08-24T18:43:44+00:00,bytedance:7208469047888267557,2026-08-24T21:20:16+00:00,2023-03-09T09:03:58+00:00,人力,字节跳动招聘,实习,招聘实习生-Data,https://jobs.bytedance.com/campus/position/7208469047888267557/detail,深圳
职能,字节跳动,2026-08-24T18:43:44+00:00,bytedance:7207258002213177655,2026-08-24T21:20:16+00:00,2023-03-06T02:43:40+00:00,人力,字节跳动招聘,实习,招聘实习生-招聘中心,https://jobs.bytedance.com/campus/position/7207258002213177655/detail,西安
职能,字节跳动,2026-08-24T18:43:44+00:00,bytedance:7204765203832998181,2026-08-24T21:20:16+00:00,2023-02-28T10:27:23+00:00,财务,字节跳动招聘,实习,境外资金结算实习生,https://jobs.bytedance.com/campus/position/7204765203832998181/detail,北京
职能,字节跳动,2026-08-24T18:43:44+00:00,bytedance:7204764622066649402,2026-08-24T21:20:16+00:00,2023-02-28T10:24:12+00:00,财务,字节跳动招聘,实习,境内资金结算实习生,https://jobs.bytedance.com/campus/position/7204764622066649402/detail,北京
职能,字节跳动,2026-08-24T18:43:44+00:00,bytedance:7204757195757029689,2026-08-24T21:20:16+00:00,2023-02-28T10:20:58+00:00,财务,字节跳动招聘,实习,税务发票实习生,https://jobs.bytedance.com/campus/position/7204757195757029689/detail,北京
职能,字节跳动,2026-08-24T18:43:44+00:00,bytedance:7204754503631030588,2026-08-24T21:20:16+00:00,2023-02-28T10:20:14+00:00,财务,字节跳动招聘,实习,税务实习生,https://jobs.bytedance.com/campus/position/7204754503631030588/detail,北京
职能,字节跳动,2026-08-24T18:43:44+00:00,bytedance:7205137667242215737,2026-08-24T21:20:16+00:00,2023-02-28T09:54:00+00:00,法务,字节跳动招聘,实习,法务实习生-版权方向,https://jobs.bytedance.com/campus/position/7205137667242215737/detail,北京
职能,字节跳动,2026-08-24T18:43:44+00:00,bytedance:7205134670744652088,2026-08-24T21:20:16+00:00,2023-02-28T09:53:15+00:00,法务,字节跳动招聘,实习,法务实习生-专利方向,https://jobs.bytedance.com/campus/position/7205134670744652088/detail,北京
职能,字节跳动,2026-08-24T18:43:44+00:00,bytedance:7205140678082791741,2026-08-24T21:20:16+00:00,2023-02-28T09:47:18+00:00,法务,字节跳动招聘,实习,法务实习生-知识产权权利保护与综合治理法务,https://jobs.bytedance.com/campus/position/7205140678082791741/detail,北京
职能,字节跳动,2026-08-24T18:43:44+00:00,bytedance:7205139383304718647,2026-08-24T21:20:16+00:00,2023-02-28T09:41:43+00:00,法务,字节跳动招聘,实习,法务实习生-商标方向,https://jobs.bytedance.com/campus/position/7205139383304718647/detail,北京
